
state 0
	$accept: .chunk $end 
	chunk1: .    (4)

	.  reduce 4 (src line 185)

	chunk  goto 1
	chunk1  goto 2

state 1
	$accept:  chunk.$end 

	$end  accept
	.  error


state 2
	chunk:  chunk1.    (1)
	chunk:  chunk1.laststat 
	chunk:  chunk1.laststat ';' 
	chunk1:  chunk1.stat 
	chunk1:  chunk1.';' 

	TBreak  shift 7
	TDo  shift 10
	TFor  shift 14
	TFunction  shift 15
	TIf  shift 13
	TLocal  shift 16
	TReturn  shift 6
	TRepeat  shift 12
	TWhile  shift 11
	TGoto  shift 18
	TInterface  shift 20
	TLabel  shift 17
	TIdent  shift 19
	'('  shift 24
	';'  shift 5
	.  reduce 1 (src line 165)

	stat  goto 4
	laststat  goto 3
	varlist  goto 8
	var  goto 21
	prefixexp  goto 9
	functioncall  goto 23
	afunctioncall  goto 22

state 3
	chunk:  chunk1 laststat.    (2)
	chunk:  chunk1 laststat.';' 

	';'  shift 25
	.  reduce 2 (src line 171)


state 4
	chunk1:  chunk1 stat.    (5)

	.  reduce 5 (src line 188)


state 5
	chunk1:  chunk1 ';'.    (6)

	.  reduce 6 (src line 191)


state 6
	laststat:  TReturn.    (29)
	laststat:  TReturn.exprlist 

	TFalse  shift 29
	TFunction  shift 41
	TNil  shift 28
	TNot  shift 38
	TTrue  shift 30
	T3Comma  shift 32
	TIdent  shift 45
	TNumber  shift 31
	TString  shift 43
	'{'  shift 44
	'('  shift 24
	'~'  shift 40
	'-'  shift 37
	'#'  shift 39
	.  reduce 29 (src line 324)

	var  goto 42
	exprlist  goto 26
	expr  goto 27
	string  goto 35
	prefixexp  goto 34
	functioncall  goto 23
	afunctioncall  goto 22
	function  goto 33
	tableconstructor  goto 36

state 7
	laststat:  TBreak.    (31)

	.  reduce 31 (src line 332)


state 8
	stat:  varlist.'=' exprlist 
	varlist:  varlist.',' var 

	'='  shift 46
	','  shift 47
	.  error


9: shift/reduce conflict (shift 52(0), red'n 9(0)) on '('
state 9
	stat:  prefixexp.    (9)
	var:  prefixexp.'[' expr ']' 
	var:  prefixexp.'.' TIdent 
	var:  prefixexp.'.' TType 
	var:  prefixexp.'.' TInterface 
	var:  prefixexp.'.' TReadonly 
	var:  prefixexp.'.' TAs 
	var:  prefixexp.'.' TAsserts 
	var:  prefixexp.'.' TIs 
	functioncall:  prefixexp.args 
	functioncall:  prefixexp.':' TIdent args 
	functioncall:  prefixexp.':' TType args 
	functioncall:  prefixexp.':' TInterface args 
	functioncall:  prefixexp.':' TReadonly args 
	functioncall:  prefixexp.':' TAs args 
	functioncall:  prefixexp.':' TAsserts args 
	functioncall:  prefixexp.':' TIs args 

	TString  shift 43
	'{'  shift 44
	'('  shift 52
	':'  shift 51
	'.'  shift 49
	'['  shift 48
	.  reduce 9 (src line 205)

	string  goto 54
	args  goto 50
	tableconstructor  goto 53

state 10
	stat:  TDo.block TEnd 
	chunk1: .    (4)

	.  reduce 4 (src line 185)

	chunk  goto 56
	chunk1  goto 2
	block  goto 55

state 11
	stat:  TWhile.expr TDo block TEnd 

	TFalse  shift 29
	TFunction  shift 41
	TNil  shift 28
	TNot  shift 38
	TTrue  shift 30
	T3Comma  shift 32
	TIdent  shift 45
	TNumber  shift 31
	TString  shift 43
	'{'  shift 44
	'('  shift 24
	'~'  shift 40
	'-'  shift 37
	'#'  shift 39
	.  error

	var  goto 42
	expr  goto 57
	string  goto 35
	prefixexp  goto 34
	functioncall  goto 23
	afunctioncall  goto 22
	function  goto 33
	tableconstructor  goto 36

state 12
	stat:  TRepeat.block TUntil expr 
	chunk1: .    (4)

	.  reduce 4 (src line 185)

	chunk  goto 56
	chunk1  goto 2
	block  goto 58

state 13
	stat:  TIf.expr TThen block elseifs TEnd 
	stat:  TIf.expr TThen block elseifs TElse block TEnd 

	TFalse  shift 29
	TFunction  shift 41
	TNil  shift 28
	TNot  shift 38
	TTrue  shift 30
	T3Comma  shift 32
	TIdent  shift 45
	TNumber  shift 31
	TString  shift 43
	'{'  shift 44
	'('  shift 24
	'~'  shift 40
	'-'  shift 37
	'#'  shift 39
	.  error

	var  goto 42
	expr  goto 59
	string  goto 35
	prefixexp  goto 34
	functioncall  goto 23
	afunctioncall  goto 22
	function  goto 33
	tableconstructor  goto 36

state 14
	stat:  TFor.TIdent '=' expr ',' expr TDo block TEnd 
	stat:  TFor.TIdent '=' expr ',' expr ',' expr TDo block TEnd 
	stat:  TFor.namelist TIn exprlist TDo block TEnd 

	TIdent  shift 60
	.  error

	namelist  goto 61

state 15
	stat:  TFunction.funcname funcbody 

	TIdent  shift 64
	.  error

	funcname  goto 62
	funcname1  goto 63

state 16
	stat:  TLocal.TFunction TIdent funcbody 
	stat:  TLocal.typednamelist '=' exprlist 
	stat:  TLocal.typednamelist 

	TFunction  shift 65
	TIdent  shift 68
	.  error

	typednamelist  goto 66
	typedname  goto 67

state 17
	stat:  TLabel.    (22)

	.  reduce 22 (src line 286)


state 18
	stat:  TGoto.TIdent 

	TIdent  shift 69
	.  error


19: shift/reduce conflict (shift 70(0), red'n 44(0)) on TIdent
state 19
	stat:  TIdent.TIdent '=' typeexpr 
	stat:  TIdent.TIdent typeparams '=' typeexpr 
	var:  TIdent.    (44)

	TIdent  shift 70
	.  reduce 44 (src line 387)


state 20
	stat:  TInterface.TIdent interfaceextends interfacebody TEnd 

	TIdent  shift 71
	.  error


state 21
	varlist:  var.    (42)
	prefixexp:  var.    (95)

	'='  reduce 42 (src line 379)
	','  reduce 42 (src line 379)
	.  reduce 95 (src line 649)


state 22
	prefixexp:  afunctioncall.    (96)

	.  reduce 96 (src line 652)


state 23
	prefixexp:  functioncall.    (97)

	.  reduce 97 (src line 655)


state 24
	prefixexp:  '('.expr ')' 
	afunctioncall:  '('.functioncall ')' 

	TFalse  shift 29
	TFunction  shift 41
	TNil  shift 28
	TNot  shift 38
	TTrue  shift 30
	T3Comma  shift 32
	TIdent  shift 45
	TNumber  shift 31
	TString  shift 43
	'{'  shift 44
	'('  shift 24
	'~'  shift 40
	'-'  shift 37
	'#'  shift 39
	.  error

	var  goto 42
	expr  goto 72
	string  goto 35
	prefixexp  goto 34
	functioncall  goto 73
	afunctioncall  goto 22
	function  goto 33
	tableconstructor  goto 36

state 25
	chunk:  chunk1 laststat ';'.    (3)

	.  reduce 3 (src line 177)


state 26
	laststat:  TReturn exprlist.    (30)
	exprlist:  exprlist.',' expr 

	','  shift 74
	.  reduce 30 (src line 328)


state 27
	exprlist:  expr.    (55)
	expr:  expr.TOr expr 
	expr:  expr.TAnd expr 
	expr:  expr.'>' expr 
	expr:  expr.'<' expr 
	expr:  expr.TGte expr 
	expr:  expr.TLte expr 
	expr:  expr.TEqeq expr 
	expr:  expr.TNeq expr 
	expr:  expr.T2Comma expr 
	expr:  expr.'+' expr 
	expr:  expr.'-' expr 
	expr:  expr.'*' expr 
	expr:  expr.'/' expr 
	expr:  expr.'%' expr 
	expr:  expr.'^' expr 
	expr:  expr.'&' expr 
	expr:  expr.'|' expr 
	expr:  expr.'~' expr 
	expr:  expr.TShl expr 
	expr:  expr.TShr expr 
	expr:  expr.TIdiv expr 
	expr:  expr.TAs typeexpr 
	expr:  expr.T2Colon typeexpr 
	expr:  expr.TBang 

	TAnd  shift 76
	TOr  shift 75
	TAs  shift 96
	TEqeq  shift 81
	TNeq  shift 82
	TLte  shift 80
	TGte  shift 79
	T2Comma  shift 83
	T2Colon  shift 97
	TShl  shift 93
	TShr  shift 94
	TIdiv  shift 95
	TBang  shift 98
	'>'  shift 77
	'<'  shift 78
	'|'  shift 91
	'~'  shift 92
	'&'  shift 90
	'+'  shift 84
	'-'  shift 85
	'*'  shift 86
	'/'  shift 87
	'%'  shift 88
	'^'  shift 89
	.  reduce 55 (src line 461)


state 28
	expr:  TNil.    (57)

	.  reduce 57 (src line 469)


state 29
	expr:  TFalse.    (58)

	.  reduce 58 (src line 473)


state 30
	expr:  TTrue.    (59)

	.  reduce 59 (src line 477)


state 31
	expr:  TNumber.    (60)

	.  reduce 60 (src line 481)


state 32
	expr:  T3Comma.    (61)

	.  reduce 61 (src line 485)


state 33
	expr:  function.    (62)

	.  reduce 62 (src line 489)


34: shift/reduce conflict (shift 52(0), red'n 63(0)) on '('
state 34
	var:  prefixexp.'[' expr ']' 
	var:  prefixexp.'.' TIdent 
	var:  prefixexp.'.' TType 
	var:  prefixexp.'.' TInterface 
	var:  prefixexp.'.' TReadonly 
	var:  prefixexp.'.' TAs 
	var:  prefixexp.'.' TAsserts 
	var:  prefixexp.'.' TIs 
	expr:  prefixexp.    (63)
	functioncall:  prefixexp.args 
	functioncall:  prefixexp.':' TIdent args 
	functioncall:  prefixexp.':' TType args 
	functioncall:  prefixexp.':' TInterface args 
	functioncall:  prefixexp.':' TReadonly args 
	functioncall:  prefixexp.':' TAs args 
	functioncall:  prefixexp.':' TAsserts args 
	functioncall:  prefixexp.':' TIs args 

	TString  shift 43
	'{'  shift 44
	'('  shift 52
	':'  shift 51
	'.'  shift 49
	'['  shift 48
	.  reduce 63 (src line 492)

	string  goto 54
	args  goto 50
	tableconstructor  goto 53

state 35
	expr:  string.    (64)

	.  reduce 64 (src line 495)


state 36
	expr:  tableconstructor.    (65)

	.  reduce 65 (src line 498)


state 37
	expr:  '-'.expr 

	TFalse  shift 29
	TFunction  shift 41
	TNil  shift 28
	TNot  shift 38
	TTrue  shift 30
	T3Comma  shift 32
	TIdent  shift 45
	TNumber  shift 31
	TString  shift 43
	'{'  shift 44
	'('  shift 24
	'~'  shift 40
	'-'  shift 37
	'#'  shift 39
	.  error

	var  goto 42
	expr  goto 99
	string  goto 35
	prefixexp  goto 34
	functioncall  goto 23
	afunctioncall  goto 22
	function  goto 33
	tableconstructor  goto 36

state 38
	expr:  TNot.expr 

	TFalse  shift 29
	TFunction  shift 41
	TNil  shift 28
	TNot  shift 38
	TTrue  shift 30
	T3Comma  shift 32
	TIdent  shift 45
	TNumber  shift 31
	TString  shift 43
	'{'  shift 44
	'('  shift 24
	'~'  shift 40
	'-'  shift 37
	'#'  shift 39
	.  error

	var  goto 42
	expr  goto 100
	string  goto 35
	prefixexp  goto 34
	functioncall  goto 23
	afunctioncall  goto 22
	function  goto 33
	tableconstructor  goto 36

state 39
	expr:  '#'.expr 

	TFalse  shift 29
	TFunction  shift 41
	TNil  shift 28
	TNot  shift 38
	TTrue  shift 30
	T3Comma  shift 32
	TIdent  shift 45
	TNumber  shift 31
	TString  shift 43
	'{'  shift 44
	'('  shift 24
	'~'  shift 40
	'-'  shift 37
	'#'  shift 39
	.  error

	var  goto 42
	expr  goto 101
	string  goto 35
	prefixexp  goto 34
	functioncall  goto 23
	afunctioncall  goto 22
	function  goto 33
	tableconstructor  goto 36

state 40
	expr:  '~'.expr 

	TFalse  shift 29
	TFunction  shift 41
	TNil  shift 28
	TNot  shift 38
	TTrue  shift 30
	T3Comma  shift 32
	TIdent  shift 45
	TNumber  shift 31
	TString  shift 43
	'{'  shift 44
	'('  shift 24
	'~'  shift 40
	'-'  shift 37
	'#'  shift 39
	.  error

	var  goto 42
	expr  goto 102
	string  goto 35
	prefixexp  goto 34
	functioncall  goto 23
	afunctioncall  goto 22
	function  goto 33
	tableconstructor  goto 36

state 41
	function:  TFunction.funcbody 

	'('  shift 104
	'<'  shift 106
	.  error

	funcbody  goto 103
	typeparams  goto 105

state 42
	prefixexp:  var.    (95)

	.  reduce 95 (src line 649)


state 43
	string:  TString.    (94)

	.  reduce 94 (src line 643)


state 44
	tableconstructor:  '{'.'}' 
	tableconstructor:  '{'.fieldlist '}' 

	TFalse  shift 29
	TFunction  shift 41
	TNil  shift 28
	TNot  shift 38
	TTrue  shift 30
	TType  shift 114
	TInterface  shift 115
	TReadonly  shift 116
	TAs  shift 117
	TAsserts  shift 118
	TIs  shift 119
	TKeyof  shift 120
	TExtends  shift 121
	T3Comma  shift 32
	TIdent  shift 113
	TNumber  shift 31
	TString  shift 43
	'{'  shift 44
	'}'  shift 107
	'('  shift 24
	'~'  shift 40
	'-'  shift 37
	'['  shift 111
	'#'  shift 39
	.  error

	var  goto 42
	expr  goto 112
	string  goto 35
	prefixexp  goto 34
	functioncall  goto 23
	afunctioncall  goto 22
	function  goto 33
	tableconstructor  goto 36
	fieldlist  goto 108
	field  goto 109
	fieldname  goto 110

state 45
	var:  TIdent.    (44)

	.  reduce 44 (src line 387)


state 46
	stat:  varlist '='.exprlist 

	TFalse  shift 29
	TFunction  shift 41
	TNil  shift 28
	TNot  shift 38
	TTrue  shift 30
	T3Comma  shift 32
	TIdent  shift 45
	TNumber  shift 31
	TString  shift 43
	'{'  shift 44
	'('  shift 24
	'~'  shift 40
	'-'  shift 37
	'#'  shift 39
	.  error

	var  goto 42
	exprlist  goto 122
	expr  goto 27
	string  goto 35
	prefixexp  goto 34
	functioncall  goto 23
	afunctioncall  goto 22
	function  goto 33
	tableconstructor  goto 36

state 47
	varlist:  varlist ','.var 

	TIdent  shift 45
	'('  shift 24
	.  error

	var  goto 123
	prefixexp  goto 124
	functioncall  goto 23
	afunctioncall  goto 22

state 48
	var:  prefixexp '['.expr ']' 

	TFalse  shift 29
	TFunction  shift 41
	TNil  shift 28
	TNot  shift 38
	TTrue  shift 30
	T3Comma  shift 32
	TIdent  shift 45
	TNumber  shift 31
	TString  shift 43
	'{'  shift 44
	'('  shift 24
	'~'  shift 40
	'-'  shift 37
	'#'  shift 39
	.  error

	var  goto 42
	expr  goto 125
	string  goto 35
	prefixexp  goto 34
	functioncall  goto 23
	afunctioncall  goto 22
	function  goto 33
	tableconstructor  goto 36

state 49
	var:  prefixexp '.'.TIdent 
	var:  prefixexp '.'.TType 
	var:  prefixexp '.'.TInterface 
	var:  prefixexp '.'.TReadonly 
	var:  prefixexp '.'.TAs 
	var:  prefixexp '.'.TAsserts 
	var:  prefixexp '.'.TIs 

	TType  shift 127
	TInterface  shift 128
	TReadonly  shift 129
	TAs  shift 130
	TAsserts  shift 131
	TIs  shift 132
	TIdent  shift 126
	.  error


state 50
	functioncall:  prefixexp args.    (100)

	.  reduce 100 (src line 674)


state 51
	functioncall:  prefixexp ':'.TIdent args 
	functioncall:  prefixexp ':'.TType args 
	functioncall:  prefixexp ':'.TInterface args 
	functioncall:  prefixexp ':'.TReadonly args 
	functioncall:  prefixexp ':'.TAs args 
	functioncall:  prefixexp ':'.TAsserts args 
	functioncall:  prefixexp ':'.TIs args 

	TType  shift 134
	TInterface  shift 135
	TReadonly  shift 136
	TAs  shift 137
	TAsserts  shift 138
	TIs  shift 139
	TIdent  shift 133
	.  error


state 52
	args:  '('.')' 
	args:  '('.exprlist ')' 

	TFalse  shift 29
	TFunction  shift 41
	TNil  shift 28
	TNot  shift 38
	TTrue  shift 30
	T3Comma  shift 32
	TIdent  shift 45
	TNumber  shift 31
	TString  shift 43
	'{'  shift 44
	'('  shift 24
	')'  shift 140
	'~'  shift 40
	'-'  shift 37
	'#'  shift 39
	.  error

	var  goto 42
	exprlist  goto 141
	expr  goto 27
	string  goto 35
	prefixexp  goto 34
	functioncall  goto 23
	afunctioncall  goto 22
	function  goto 33
	tableconstructor  goto 36

state 53
	args:  tableconstructor.    (110)

	.  reduce 110 (src line 728)


state 54
	args:  string.    (111)

	.  reduce 111 (src line 731)


state 55
	stat:  TDo block.TEnd 

	TEnd  shift 142
	.  error


state 56
	block:  chunk.    (7)

	.  reduce 7 (src line 196)


state 57
	stat:  TWhile expr.TDo block TEnd 
	expr:  expr.TOr expr 
	expr:  expr.TAnd expr 
	expr:  expr.'>' expr 
	expr:  expr.'<' expr 
	expr:  expr.TGte expr 
	expr:  expr.TLte expr 
	expr:  expr.TEqeq expr 
	expr:  expr.TNeq expr 
	expr:  expr.T2Comma expr 
	expr:  expr.'+' expr 
	expr:  expr.'-' expr 
	expr:  expr.'*' expr 
	expr:  expr.'/' expr 
	expr:  expr.'%' expr 
	expr:  expr.'^' expr 
	expr:  expr.'&' expr 
	expr:  expr.'|' expr 
	expr:  expr.'~' expr 
	expr:  expr.TShl expr 
	expr:  expr.TShr expr 
	expr:  expr.TIdiv expr 
	expr:  expr.TAs typeexpr 
	expr:  expr.T2Colon typeexpr 
	expr:  expr.TBang 

	TAnd  shift 76
	TDo  shift 143
	TOr  shift 75
	TAs  shift 96
	TEqeq  shift 81
	TNeq  shift 82
	TLte  shift 80
	TGte  shift 79
	T2Comma  shift 83
	T2Colon  shift 97
	TShl  shift 93
	TShr  shift 94
	TIdiv  shift 95
	TBang  shift 98
	'>'  shift 77
	'<'  shift 78
	'|'  shift 91
	'~'  shift 92
	'&'  shift 90
	'+'  shift 84
	'-'  shift 85
	'*'  shift 86
	'/'  shift 87
	'%'  shift 88
	'^'  shift 89
	.  error


state 58
	stat:  TRepeat block.TUntil expr 

	TUntil  shift 144
	.  error


state 59
	stat:  TIf expr.TThen block elseifs TEnd 
	stat:  TIf expr.TThen block elseifs TElse block TEnd 
	expr:  expr.TOr expr 
	expr:  expr.TAnd expr 
	expr:  expr.'>' expr 
	expr:  expr.'<' expr 
	expr:  expr.TGte expr 
	expr:  expr.TLte expr 
	expr:  expr.TEqeq expr 
	expr:  expr.TNeq expr 
	expr:  expr.T2Comma expr 
	expr:  expr.'+' expr 
	expr:  expr.'-' expr 
	expr:  expr.'*' expr 
	expr:  expr.'/' expr 
	expr:  expr.'%' expr 
	expr:  expr.'^' expr 
	expr:  expr.'&' expr 
	expr:  expr.'|' expr 
	expr:  expr.'~' expr 
	expr:  expr.TShl expr 
	expr:  expr.TShr expr 
	expr:  expr.TIdiv expr 
	expr:  expr.TAs typeexpr 
	expr:  expr.T2Colon typeexpr 
	expr:  expr.TBang 

	TAnd  shift 76
	TOr  shift 75
	TThen  shift 145
	TAs  shift 96
	TEqeq  shift 81
	TNeq  shift 82
	TLte  shift 80
	TGte  shift 79
	T2Comma  shift 83
	T2Colon  shift 97
	TShl  shift 93
	TShr  shift 94
	TIdiv  shift 95
	TBang  shift 98
	'>'  shift 77
	'<'  shift 78
	'|'  shift 91
	'~'  shift 92
	'&'  shift 90
	'+'  shift 84
	'-'  shift 85
	'*'  shift 86
	'/'  shift 87
	'%'  shift 88
	'^'  shift 89
	.  error


state 60
	stat:  TFor TIdent.'=' expr ',' expr TDo block TEnd 
	stat:  TFor TIdent.'=' expr ',' expr ',' expr TDo block TEnd 
	namelist:  TIdent.    (53)

	'='  shift 146
	.  reduce 53 (src line 453)


state 61
	stat:  TFor namelist.TIn exprlist TDo block TEnd 
	namelist:  namelist.',' TIdent 

	TIn  shift 147
	','  shift 148
	.  error


state 62
	stat:  TFunction funcname.funcbody 

	'('  shift 104
	'<'  shift 106
	.  error

	funcbody  goto 149
	typeparams  goto 105

state 63
	funcname:  funcname1.    (32)
	funcname:  funcname1.':' TIdent 
	funcname:  funcname1.':' TType 
	funcname:  funcname1.':' TInterface 
	funcname:  funcname1.':' TReadonly 
	funcname:  funcname1.':' TAs 
	funcname:  funcname1.':' TAsserts 
	funcname:  funcname1.':' TIs 
	funcname1:  funcname1.'.' TIdent 

	':'  shift 150
	'.'  shift 151
	.  reduce 32 (src line 338)


state 64
	funcname1:  TIdent.    (40)

	.  reduce 40 (src line 364)


state 65
	stat:  TLocal TFunction.TIdent funcbody 

	TIdent  shift 152
	.  error


state 66
	stat:  TLocal typednamelist.'=' exprlist 
	stat:  TLocal typednamelist.    (21)
	typednamelist:  typednamelist.',' typedname 

	'='  shift 153
	','  shift 154
	.  reduce 21 (src line 281)


state 67
	typednamelist:  typedname.    (238)

	.  reduce 238 (src line 1261)


state 68
	typedname:  TIdent.    (240)
	typedname:  TIdent.':' typeexpr 

	':'  shift 155
	.  reduce 240 (src line 1269)


state 69
	stat:  TGoto TIdent.    (23)

	.  reduce 23 (src line 290)


state 70
	stat:  TIdent TIdent.'=' typeexpr 
	stat:  TIdent TIdent.typeparams '=' typeexpr 

	'<'  shift 106
	'='  shift 156
	.  error

	typeparams  goto 157

state 71
	stat:  TInterface TIdent.interfaceextends interfacebody TEnd 
	interfaceextends: .    (242)

	':'  shift 159
	.  reduce 242 (src line 1277)

	interfaceextends  goto 158

state 72
	expr:  expr.TOr expr 
	expr:  expr.TAnd expr 
	expr:  expr.'>' expr 
	expr:  expr.'<' expr 
	expr:  expr.TGte expr 
	expr:  expr.TLte expr 
	expr:  expr.TEqeq expr 
	expr:  expr.TNeq expr 
	expr:  expr.T2Comma expr 
	expr:  expr.'+' expr 
	expr:  expr.'-' expr 
	expr:  expr.'*' expr 
	expr:  expr.'/' expr 
	expr:  expr.'%' expr 
	expr:  expr.'^' expr 
	expr:  expr.'&' expr 
	expr:  expr.'|' expr 
	expr:  expr.'~' expr 
	expr:  expr.TShl expr 
	expr:  expr.TShr expr 
	expr:  expr.TIdiv expr 
	expr:  expr.TAs typeexpr 
	expr:  expr.T2Colon typeexpr 
	expr:  expr.TBang 
	prefixexp:  '(' expr.')' 

	TAnd  shift 76
	TOr  shift 75
	TAs  shift 96
	TEqeq  shift 81
	TNeq  shift 82
	TLte  shift 80
	TGte  shift 79
	T2Comma  shift 83
	T2Colon  shift 97
	')'  shift 160
	TShl  shift 93
	TShr  shift 94
	TIdiv  shift 95
	TBang  shift 98
	'>'  shift 77
	'<'  shift 78
	'|'  shift 91
	'~'  shift 92
	'&'  shift 90
	'+'  shift 84
	'-'  shift 85
	'*'  shift 86
	'/'  shift 87
	'%'  shift 88
	'^'  shift 89
	.  error


73: shift/reduce conflict (shift 161(0), red'n 97(0)) on ')'
state 73
	prefixexp:  functioncall.    (97)
	afunctioncall:  '(' functioncall.')' 

	')'  shift 161
	.  reduce 97 (src line 655)


state 74
	exprlist:  exprlist ','.expr 

	TFalse  shift 29
	TFunction  shift 41
	TNil  shift 28
	TNot  shift 38
	TTrue  shift 30
	T3Comma  shift 32
	TIdent  shift 45
	TNumber  shift 31
	TString  shift 43
	'{'  shift 44
	'('  shift 24
	'~'  shift 40
	'-'  shift 37
	'#'  shift 39
	.  error

	var  goto 42
	expr  goto 162
	string  goto 35
	prefixexp  goto 34
	functioncall  goto 23
	afunctioncall  goto 22
	function  goto 33
	tableconstructor  goto 36

state 75
	expr:  expr TOr.expr 

	TFalse  shift 29
	TFunction  shift 41
	TNil  shift 28
	TNot  shift 38
	TTrue  shift 30
	T3Comma  shift 32
	TIdent  shift 45
	TNumber  shift 31
	TString  shift 43
	'{'  shift 44
	'('  shift 24
	'~'  shift 40
	'-'  shift 37
	'#'  shift 39
	.  error

	var  goto 42
	expr  goto 163
	string  goto 35
	prefixexp  goto 34
	functioncall  goto 23
	afunctioncall  goto 22
	function  goto 33
	tableconstructor  goto 36

state 76
	expr:  expr TAnd.expr 

	TFalse  shift 29
	TFunction  shift 41
	TNil  shift 28
	TNot  shift 38
	TTrue  shift 30
	T3Comma  shift 32
	TIdent  shift 45
	TNumber  shift 31
	TString  shift 43
	'{'  shift 44
	'('  shift 24
	'~'  shift 40
	'-'  shift 37
	'#'  shift 39
	.  error

	var  goto 42
	expr  goto 164
	string  goto 35
	prefixexp  goto 34
	functioncall  goto 23
	afunctioncall  goto 22
	function  goto 33
	tableconstructor  goto 36

state 77
	expr:  expr '>'.expr 

	TFalse  shift 29
	TFunction  shift 41
	TNil  shift 28
	TNot  shift 38
	TTrue  shift 30
	T3Comma  shift 32
	TIdent  shift 45
	TNumber  shift 31
	TString  shift 43
	'{'  shift 44
	'('  shift 24
	'~'  shift 40
	'-'  shift 37
	'#'  shift 39
	.  error

	var  goto 42
	expr  goto 165
	string  goto 35
	prefixexp  goto 34
	functioncall  goto 23
	afunctioncall  goto 22
	function  goto 33
	tableconstructor  goto 36

state 78
	expr:  expr '<'.expr 

	TFalse  shift 29
	TFunction  shift 41
	TNil  shift 28
	TNot  shift 38
	TTrue  shift 30
	T3Comma  shift 32
	TIdent  shift 45
	TNumber  shift 31
	TString  shift 43
	'{'  shift 44
	'('  shift 24
	'~'  shift 40
	'-'  shift 37
	'#'  shift 39
	.  error

	var  goto 42
	expr  goto 166
	string  goto 35
	prefixexp  goto 34
	functioncall  goto 23
	afunctioncall  goto 22
	function  goto 33
	tableconstructor  goto 36

state 79
	expr:  expr TGte.expr 

	TFalse  shift 29
	TFunction  shift 41
	TNil  shift 28
	TNot  shift 38
	TTrue  shift 30
	T3Comma  shift 32
	TIdent  shift 45
	TNumber  shift 31
	TString  shift 43
	'{'  shift 44
	'('  shift 24
	'~'  shift 40
	'-'  shift 37
	'#'  shift 39
	.  error

	var  goto 42
	expr  goto 167
	string  goto 35
	prefixexp  goto 34
	functioncall  goto 23
	afunctioncall  goto 22
	function  goto 33
	tableconstructor  goto 36

state 80
	expr:  expr TLte.expr 

	TFalse  shift 29
	TFunction  shift 41
	TNil  shift 28
	TNot  shift 38
	TTrue  shift 30
	T3Comma  shift 32
	TIdent  shift 45
	TNumber  shift 31
	TString  shift 43
	'{'  shift 44
	'('  shift 24
	'~'  shift 40
	'-'  shift 37
	'#'  shift 39
	.  error

	var  goto 42
	expr  goto 168
	string  goto 35
	prefixexp  goto 34
	functioncall  goto 23
	afunctioncall  goto 22
	function  goto 33
	tableconstructor  goto 36

state 81
	expr:  expr TEqeq.expr 

	TFalse  shift 29
	TFunction  shift 41
	TNil  shift 28
	TNot  shift 38
	TTrue  shift 30
	T3Comma  shift 32
	TIdent  shift 45
	TNumber  shift 31
	TString  shift 43
	'{'  shift 44
	'('  shift 24
	'~'  shift 40
	'-'  shift 37
	'#'  shift 39
	.  error

	var  goto 42
	expr  goto 169
	string  goto 35
	prefixexp  goto 34
	functioncall  goto 23
	afunctioncall  goto 22
	function  goto 33
	tableconstructor  goto 36

state 82
	expr:  expr TNeq.expr 

	TFalse  shift 29
	TFunction  shift 41
	TNil  shift 28
	TNot  shift 38
	TTrue  shift 30
	T3Comma  shift 32
	TIdent  shift 45
	TNumber  shift 31
	TString  shift 43
	'{'  shift 44
	'('  shift 24
	'~'  shift 40
	'-'  shift 37
	'#'  shift 39
	.  error

	var  goto 42
	expr  goto 170
	string  goto 35
	prefixexp  goto 34
	functioncall  goto 23
	afunctioncall  goto 22
	function  goto 33
	tableconstructor  goto 36

state 83
	expr:  expr T2Comma.expr 

	TFalse  shift 29
	TFunction  shift 41
	TNil  shift 28
	TNot  shift 38
	TTrue  shift 30
	T3Comma  shift 32
	TIdent  shift 45
	TNumber  shift 31
	TString  shift 43
	'{'  shift 44
	'('  shift 24
	'~'  shift 40
	'-'  shift 37
	'#'  shift 39
	.  error

	var  goto 42
	expr  goto 171
	string  goto 35
	prefixexp  goto 34
	functioncall  goto 23
	afunctioncall  goto 22
	function  goto 33
	tableconstructor  goto 36

state 84
	expr:  expr '+'.expr 

	TFalse  shift 29
	TFunction  shift 41
	TNil  shift 28
	TNot  shift 38
	TTrue  shift 30
	T3Comma  shift 32
	TIdent  shift 45
	TNumber  shift 31
	TString  shift 43
	'{'  shift 44
	'('  shift 24
	'~'  shift 40
	'-'  shift 37
	'#'  shift 39
	.  error

	var  goto 42
	expr  goto 172
	string  goto 35
	prefixexp  goto 34
	functioncall  goto 23
	afunctioncall  goto 22
	function  goto 33
	tableconstructor  goto 36

state 85
	expr:  expr '-'.expr 

	TFalse  shift 29
	TFunction  shift 41
	TNil  shift 28
	TNot  shift 38
	TTrue  shift 30
	T3Comma  shift 32
	TIdent  shift 45
	TNumber  shift 31
	TString  shift 43
	'{'  shift 44
	'('  shift 24
	'~'  shift 40
	'-'  shift 37
	'#'  shift 39
	.  error

	var  goto 42
	expr  goto 173
	string  goto 35
	prefixexp  goto 34
	functioncall  goto 23
	afunctioncall  goto 22
	function  goto 33
	tableconstructor  goto 36

state 86
	expr:  expr '*'.expr 

	TFalse  shift 29
	TFunction  shift 41
	TNil  shift 28
	TNot  shift 38
	TTrue  shift 30
	T3Comma  shift 32
	TIdent  shift 45
	TNumber  shift 31
	TString  shift 43
	'{'  shift 44
	'('  shift 24
	'~'  shift 40
	'-'  shift 37
	'#'  shift 39
	.  error

	var  goto 42
	expr  goto 174
	string  goto 35
	prefixexp  goto 34
	functioncall  goto 23
	afunctioncall  goto 22
	function  goto 33
	tableconstructor  goto 36

state 87
	expr:  expr '/'.expr 

	TFalse  shift 29
	TFunction  shift 41
	TNil  shift 28
	TNot  shift 38
	TTrue  shift 30
	T3Comma  shift 32
	TIdent  shift 45
	TNumber  shift 31
	TString  shift 43
	'{'  shift 44
	'('  shift 24
	'~'  shift 40
	'-'  shift 37
	'#'  shift 39
	.  error

	var  goto 42
	expr  goto 175
	string  goto 35
	prefixexp  goto 34
	functioncall  goto 23
	afunctioncall  goto 22
	function  goto 33
	tableconstructor  goto 36

state 88
	expr:  expr '%'.expr 

	TFalse  shift 29
	TFunction  shift 41
	TNil  shift 28
	TNot  shift 38
	TTrue  shift 30
	T3Comma  shift 32
	TIdent  shift 45
	TNumber  shift 31
	TString  shift 43
	'{'  shift 44
	'('  shift 24
	'~'  shift 40
	'-'  shift 37
	'#'  shift 39
	.  error

	var  goto 42
	expr  goto 176
	string  goto 35
	prefixexp  goto 34
	functioncall  goto 23
	afunctioncall  goto 22
	function  goto 33
	tableconstructor  goto 36

state 89
	expr:  expr '^'.expr 

	TFalse  shift 29
	TFunction  shift 41
	TNil  shift 28
	TNot  shift 38
	TTrue  shift 30
	T3Comma  shift 32
	TIdent  shift 45
	TNumber  shift 31
	TString  shift 43
	'{'  shift 44
	'('  shift 24
	'~'  shift 40
	'-'  shift 37
	'#'  shift 39
	.  error

	var  goto 42
	expr  goto 177
	string  goto 35
	prefixexp  goto 34
	functioncall  goto 23
	afunctioncall  goto 22
	function  goto 33
	tableconstructor  goto 36

state 90
	expr:  expr '&'.expr 

	TFalse  shift 29
	TFunction  shift 41
	TNil  shift 28
	TNot  shift 38
	TTrue  shift 30
	T3Comma  shift 32
	TIdent  shift 45
	TNumber  shift 31
	TString  shift 43
	'{'  shift 44
	'('  shift 24
	'~'  shift 40
	'-'  shift 37
	'#'  shift 39
	.  error

	var  goto 42
	expr  goto 178
	string  goto 35
	prefixexp  goto 34
	functioncall  goto 23
	afunctioncall  goto 22
	function  goto 33
	tableconstructor  goto 36

state 91
	expr:  expr '|'.expr 

	TFalse  shift 29
	TFunction  shift 41
	TNil  shift 28
	TNot  shift 38
	TTrue  shift 30
	T3Comma  shift 32
	TIdent  shift 45
	TNumber  shift 31
	TString  shift 43
	'{'  shift 44
	'('  shift 24
	'~'  shift 40
	'-'  shift 37
	'#'  shift 39
	.  error

	var  goto 42
	expr  goto 179
	string  goto 35
	prefixexp  goto 34
	functioncall  goto 23
	afunctioncall  goto 22
	function  goto 33
	tableconstructor  goto 36

state 92
	expr:  expr '~'.expr 

	TFalse  shift 29
	TFunction  shift 41
	TNil  shift 28
	TNot  shift 38
	TTrue  shift 30
	T3Comma  shift 32
	TIdent  shift 45
	TNumber  shift 31
	TString  shift 43
	'{'  shift 44
	'('  shift 24
	'~'  shift 40
	'-'  shift 37
	'#'  shift 39
	.  error

	var  goto 42
	expr  goto 180
	string  goto 35
	prefixexp  goto 34
	functioncall  goto 23
	afunctioncall  goto 22
	function  goto 33
	tableconstructor  goto 36

state 93
	expr:  expr TShl.expr 

	TFalse  shift 29
	TFunction  shift 41
	TNil  shift 28
	TNot  shift 38
	TTrue  shift 30
	T3Comma  shift 32
	TIdent  shift 45
	TNumber  shift 31
	TString  shift 43
	'{'  shift 44
	'('  shift 24
	'~'  shift 40
	'-'  shift 37
	'#'  shift 39
	.  error

	var  goto 42
	expr  goto 181
	string  goto 35
	prefixexp  goto 34
	functioncall  goto 23
	afunctioncall  goto 22
	function  goto 33
	tableconstructor  goto 36

state 94
	expr:  expr TShr.expr 

	TFalse  shift 29
	TFunction  shift 41
	TNil  shift 28
	TNot  shift 38
	TTrue  shift 30
	T3Comma  shift 32
	TIdent  shift 45
	TNumber  shift 31
	TString  shift 43
	'{'  shift 44
	'('  shift 24
	'~'  shift 40
	'-'  shift 37
	'#'  shift 39
	.  error

	var  goto 42
	expr  goto 182
	string  goto 35
	prefixexp  goto 34
	functioncall  goto 23
	afunctioncall  goto 22
	function  goto 33
	tableconstructor  goto 36

state 95
	expr:  expr TIdiv.expr 

	TFalse  shift 29
	TFunction  shift 41
	TNil  shift 28
	TNot  shift 38
	TTrue  shift 30
	T3Comma  shift 32
	TIdent  shift 45
	TNumber  shift 31
	TString  shift 43
	'{'  shift 44
	'('  shift 24
	'~'  shift 40
	'-'  shift 37
	'#'  shift 39
	.  error

	var  goto 42
	expr  goto 183
	string  goto 35
	prefixexp  goto 34
	functioncall  goto 23
	afunctioncall  goto 22
	function  goto 33
	tableconstructor  goto 36

state 96
	expr:  expr TAs.typeexpr 

	TFalse  shift 189
	TNil  shift 187
	TTrue  shift 188
	TInterface  shift 196
	TReadonly  shift 197
	TAsserts  shift 198
	TTypeof  shift 199
	TKeyof  shift 200
	TFun  shift 195
	TIdent  shift 192
	TNumber  shift 191
	TString  shift 190
	'{'  shift 193
	'('  shift 194
	.  error

	typeexpr  goto 184
	simpletypeexpr  goto 185
	primarytypeexpr  goto 186

state 97
	expr:  expr T2Colon.typeexpr 

	TFalse  shift 189
	TNil  shift 187
	TTrue  shift 188
	TInterface  shift 196
	TReadonly  shift 197
	TAsserts  shift 198
	TTypeof  shift 199
	TKeyof  shift 200
	TFun  shift 195
	TIdent  shift 192
	TNumber  shift 191
	TString  shift 190
	'{'  shift 193
	'('  shift 194
	.  error

	typeexpr  goto 201
	simpletypeexpr  goto 185
	primarytypeexpr  goto 186

state 98
	expr:  expr TBang.    (93)

	.  reduce 93 (src line 636)


state 99
	expr:  expr.TOr expr 
	expr:  expr.TAnd expr 
	expr:  expr.'>' expr 
	expr:  expr.'<' expr 
	expr:  expr.TGte expr 
	expr:  expr.TLte expr 
	expr:  expr.TEqeq expr 
	expr:  expr.TNeq expr 
	expr:  expr.T2Comma expr 
	expr:  expr.'+' expr 
	expr:  expr.'-' expr 
	expr:  expr.'*' expr 
	expr:  expr.'/' expr 
	expr:  expr.'%' expr 
	expr:  expr.'^' expr 
	expr:  expr.'&' expr 
	expr:  expr.'|' expr 
	expr:  expr.'~' expr 
	expr:  expr.TShl expr 
	expr:  expr.TShr expr 
	expr:  expr.TIdiv expr 
	expr:  '-' expr.    (87)
	expr:  expr.TAs typeexpr 
	expr:  expr.T2Colon typeexpr 
	expr:  expr.TBang 

	TAs  shift 96
	T2Colon  shift 97
	TBang  shift 98
	'^'  shift 89
	.  reduce 87 (src line 606)


state 100
	expr:  expr.TOr expr 
	expr:  expr.TAnd expr 
	expr:  expr.'>' expr 
	expr:  expr.'<' expr 
	expr:  expr.TGte expr 
	expr:  expr.TLte expr 
	expr:  expr.TEqeq expr 
	expr:  expr.TNeq expr 
	expr:  expr.T2Comma expr 
	expr:  expr.'+' expr 
	expr:  expr.'-' expr 
	expr:  expr.'*' expr 
	expr:  expr.'/' expr 
	expr:  expr.'%' expr 
	expr:  expr.'^' expr 
	expr:  expr.'&' expr 
	expr:  expr.'|' expr 
	expr:  expr.'~' expr 
	expr:  expr.TShl expr 
	expr:  expr.TShr expr 
	expr:  expr.TIdiv expr 
	expr:  TNot expr.    (88)
	expr:  expr.TAs typeexpr 
	expr:  expr.T2Colon typeexpr 
	expr:  expr.TBang 

	TAs  shift 96
	T2Colon  shift 97
	TBang  shift 98
	'^'  shift 89
	.  reduce 88 (src line 611)


state 101
	expr:  expr.TOr expr 
	expr:  expr.TAnd expr 
	expr:  expr.'>' expr 
	expr:  expr.'<' expr 
	expr:  expr.TGte expr 
	expr:  expr.TLte expr 
	expr:  expr.TEqeq expr 
	expr:  expr.TNeq expr 
	expr:  expr.T2Comma expr 
	expr:  expr.'+' expr 
	expr:  expr.'-' expr 
	expr:  expr.'*' expr 
	expr:  expr.'/' expr 
	expr:  expr.'%' expr 
	expr:  expr.'^' expr 
	expr:  expr.'&' expr 
	expr:  expr.'|' expr 
	expr:  expr.'~' expr 
	expr:  expr.TShl expr 
	expr:  expr.TShr expr 
	expr:  expr.TIdiv expr 
	expr:  '#' expr.    (89)
	expr:  expr.TAs typeexpr 
	expr:  expr.T2Colon typeexpr 
	expr:  expr.TBang 

	TAs  shift 96
	T2Colon  shift 97
	TBang  shift 98
	'^'  shift 89
	.  reduce 89 (src line 616)


state 102
	expr:  expr.TOr expr 
	expr:  expr.TAnd expr 
	expr:  expr.'>' expr 
	expr:  expr.'<' expr 
	expr:  expr.TGte expr 
	expr:  expr.TLte expr 
	expr:  expr.TEqeq expr 
	expr:  expr.TNeq expr 
	expr:  expr.T2Comma expr 
	expr:  expr.'+' expr 
	expr:  expr.'-' expr 
	expr:  expr.'*' expr 
	expr:  expr.'/' expr 
	expr:  expr.'%' expr 
	expr:  expr.'^' expr 
	expr:  expr.'&' expr 
	expr:  expr.'|' expr 
	expr:  expr.'~' expr 
	expr:  expr.TShl expr 
	expr:  expr.TShr expr 
	expr:  expr.TIdiv expr 
	expr:  '~' expr.    (90)
	expr:  expr.TAs typeexpr 
	expr:  expr.T2Colon typeexpr 
	expr:  expr.TBang 

	TAs  shift 96
	T2Colon  shift 97
	TBang  shift 98
	'^'  shift 89
	.  reduce 90 (src line 621)


state 103
	function:  TFunction funcbody.    (112)

	.  reduce 112 (src line 736)


state 104
	funcbody:  '('.parlist ')' returntypeannot block TEnd 
	funcbody:  '('.')' returntypeannot block TEnd 

	T3Comma  shift 204
	TIdent  shift 68
	')'  shift 203
	.  error

	parlist  goto 202
	typednamelist  goto 205
	typedname  goto 67

state 105
	funcbody:  typeparams.'(' parlist ')' returntypeannot block TEnd 
	funcbody:  typeparams.'(' ')' returntypeannot block TEnd 

	'('  shift 206
	.  error


state 106
	typeparams:  '<'.typeparamlist '>' 

	TIdent  shift 209
	.  error

	typeparamlist  goto 207
	typeparam  goto 208

state 107
	tableconstructor:  '{' '}'.    (122)

	.  reduce 122 (src line 786)


state 108
	tableconstructor:  '{' fieldlist.'}' 
	fieldlist:  fieldlist.fieldsep field 
	fieldlist:  fieldlist.fieldsep 

	'}'  shift 210
	';'  shift 213
	','  shift 212
	.  error

	fieldsep  goto 211

state 109
	fieldlist:  field.    (124)

	.  reduce 124 (src line 799)


state 110
	field:  fieldname.'=' expr 

	'='  shift 214
	.  error


state 111
	field:  '['.expr ']' '=' expr 

	TFalse  shift 29
	TFunction  shift 41
	TNil  shift 28
	TNot  shift 38
	TTrue  shift 30
	T3Comma  shift 32
	TIdent  shift 45
	TNumber  shift 31
	TString  shift 43
	'{'  shift 44
	'('  shift 24
	'~'  shift 40
	'-'  shift 37
	'#'  shift 39
	.  error

	var  goto 42
	expr  goto 215
	string  goto 35
	prefixexp  goto 34
	functioncall  goto 23
	afunctioncall  goto 22
	function  goto 33
	tableconstructor  goto 36

state 112
	expr:  expr.TOr expr 
	expr:  expr.TAnd expr 
	expr:  expr.'>' expr 
	expr:  expr.'<' expr 
	expr:  expr.TGte expr 
	expr:  expr.TLte expr 
	expr:  expr.TEqeq expr 
	expr:  expr.TNeq expr 
	expr:  expr.T2Comma expr 
	expr:  expr.'+' expr 
	expr:  expr.'-' expr 
	expr:  expr.'*' expr 
	expr:  expr.'/' expr 
	expr:  expr.'%' expr 
	expr:  expr.'^' expr 
	expr:  expr.'&' expr 
	expr:  expr.'|' expr 
	expr:  expr.'~' expr 
	expr:  expr.TShl expr 
	expr:  expr.TShr expr 
	expr:  expr.TIdiv expr 
	expr:  expr.TAs typeexpr 
	expr:  expr.T2Colon typeexpr 
	expr:  expr.TBang 
	field:  expr.    (129)

	TAnd  shift 76
	TOr  shift 75
	TAs  shift 96
	TEqeq  shift 81
	TNeq  shift 82
	TLte  shift 80
	TGte  shift 79
	T2Comma  shift 83
	T2Colon  shift 97
	TShl  shift 93
	TShr  shift 94
	TIdiv  shift 95
	TBang  shift 98
	'>'  shift 77
	'<'  shift 78
	'|'  shift 91
	'~'  shift 92
	'&'  shift 90
	'+'  shift 84
	'-'  shift 85
	'*'  shift 86
	'/'  shift 87
	'%'  shift 88
	'^'  shift 89
	.  reduce 129 (src line 816)


state 113
	var:  TIdent.    (44)
	fieldname:  TIdent.    (130)

	'='  reduce 130 (src line 822)
	.  reduce 44 (src line 387)


state 114
	fieldname:  TType.    (131)

	.  reduce 131 (src line 825)


state 115
	fieldname:  TInterface.    (132)

	.  reduce 132 (src line 828)


state 116
	fieldname:  TReadonly.    (133)

	.  reduce 133 (src line 831)


state 117
	fieldname:  TAs.    (134)

	.  reduce 134 (src line 834)


state 118
	fieldname:  TAsserts.    (135)

	.  reduce 135 (src line 837)


state 119
	fieldname:  TIs.    (136)

	.  reduce 136 (src line 840)


state 120
	fieldname:  TKeyof.    (137)

	.  reduce 137 (src line 843)


state 121
	fieldname:  TExtends.    (138)

	.  reduce 138 (src line 846)


state 122
	stat:  varlist '=' exprlist.    (8)
	exprlist:  exprlist.',' expr 

	','  shift 74
	.  reduce 8 (src line 201)


state 123
	varlist:  varlist ',' var.    (43)
	prefixexp:  var.    (95)

	'='  reduce 43 (src line 382)
	','  reduce 43 (src line 382)
	.  reduce 95 (src line 649)


state 124
	var:  prefixexp.'[' expr ']' 
	var:  prefixexp.'.' TIdent 
	var:  prefixexp.'.' TType 
	var:  prefixexp.'.' TInterface 
	var:  prefixexp.'.' TReadonly 
	var:  prefixexp.'.' TAs 
	var:  prefixexp.'.' TAsserts 
	var:  prefixexp.'.' TIs 
	functioncall:  prefixexp.args 
	functioncall:  prefixexp.':' TIdent args 
	functioncall:  prefixexp.':' TType args 
	functioncall:  prefixexp.':' TInterface args 
	functioncall:  prefixexp.':' TReadonly args 
	functioncall:  prefixexp.':' TAs args 
	functioncall:  prefixexp.':' TAsserts args 
	functioncall:  prefixexp.':' TIs args 

	TString  shift 43
	'{'  shift 44
	'('  shift 52
	':'  shift 51
	'.'  shift 49
	'['  shift 48
	.  error

	string  goto 54
	args  goto 50
	tableconstructor  goto 53

state 125
	var:  prefixexp '[' expr.']' 
	expr:  expr.TOr expr 
	expr:  expr.TAnd expr 
	expr:  expr.'>' expr 
	expr:  expr.'<' expr 
	expr:  expr.TGte expr 
	expr:  expr.TLte expr 
	expr:  expr.TEqeq expr 
	expr:  expr.TNeq expr 
	expr:  expr.T2Comma expr 
	expr:  expr.'+' expr 
	expr:  expr.'-' expr 
	expr:  expr.'*' expr 
	expr:  expr.'/' expr 
	expr:  expr.'%' expr 
	expr:  expr.'^' expr 
	expr:  expr.'&' expr 
	expr:  expr.'|' expr 
	expr:  expr.'~' expr 
	expr:  expr.TShl expr 
	expr:  expr.TShr expr 
	expr:  expr.TIdiv expr 
	expr:  expr.TAs typeexpr 
	expr:  expr.T2Colon typeexpr 
	expr:  expr.TBang 

	TAnd  shift 76
	TOr  shift 75
	TAs  shift 96
	TEqeq  shift 81
	TNeq  shift 82
	TLte  shift 80
	TGte  shift 79
	T2Comma  shift 83
	T2Colon  shift 97
	TShl  shift 93
	TShr  shift 94
	TIdiv  shift 95
	TBang  shift 98
	'>'  shift 77
	'<'  shift 78
	'|'  shift 91
	'~'  shift 92
	'&'  shift 90
	'+'  shift 84
	'-'  shift 85
	'*'  shift 86
	'/'  shift 87
	'%'  shift 88
	'^'  shift 89
	']'  shift 216
	.  error


state 126
	var:  prefixexp '.' TIdent.    (46)

	.  reduce 46 (src line 395)


state 127
	var:  prefixexp '.' TType.    (47)

	.  reduce 47 (src line 403)


state 128
	var:  prefixexp '.' TInterface.    (48)

	.  reduce 48 (src line 411)


state 129
	var:  prefixexp '.' TReadonly.    (49)

	.  reduce 49 (src line 419)


state 130
	var:  prefixexp '.' TAs.    (50)

	.  reduce 50 (src line 427)


state 131
	var:  prefixexp '.' TAsserts.    (51)

	.  reduce 51 (src line 435)


state 132
	var:  prefixexp '.' TIs.    (52)

	.  reduce 52 (src line 443)


state 133
	functioncall:  prefixexp ':' TIdent.args 

	TString  shift 43
	'{'  shift 44
	'('  shift 52
	.  error

	string  goto 54
	args  goto 217
	tableconstructor  goto 53

state 134
	functioncall:  prefixexp ':' TType.args 

	TString  shift 43
	'{'  shift 44
	'('  shift 52
	.  error

	string  goto 54
	args  goto 218
	tableconstructor  goto 53

state 135
	functioncall:  prefixexp ':' TInterface.args 

	TString  shift 43
	'{'  shift 44
	'('  shift 52
	.  error

	string  goto 54
	args  goto 219
	tableconstructor  goto 53

state 136
	functioncall:  prefixexp ':' TReadonly.args 

	TString  shift 43
	'{'  shift 44
	'('  shift 52
	.  error

	string  goto 54
	args  goto 220
	tableconstructor  goto 53

state 137
	functioncall:  prefixexp ':' TAs.args 

	TString  shift 43
	'{'  shift 44
	'('  shift 52
	.  error

	string  goto 54
	args  goto 221
	tableconstructor  goto 53

state 138
	functioncall:  prefixexp ':' TAsserts.args 

	TString  shift 43
	'{'  shift 44
	'('  shift 52
	.  error

	string  goto 54
	args  goto 222
	tableconstructor  goto 53

state 139
	functioncall:  prefixexp ':' TIs.args 

	TString  shift 43
	'{'  shift 44
	'('  shift 52
	.  error

	string  goto 54
	args  goto 223
	tableconstructor  goto 53

state 140
	args:  '(' ')'.    (108)

	.  reduce 108 (src line 716)


state 141
	exprlist:  exprlist.',' expr 
	args:  '(' exprlist.')' 

	')'  shift 224
	','  shift 74
	.  error


state 142
	stat:  TDo block TEnd.    (10)

	.  reduce 10 (src line 214)


state 143
	stat:  TWhile expr TDo.block TEnd 
	chunk1: .    (4)

	.  reduce 4 (src line 185)

	chunk  goto 56
	chunk1  goto 2
	block  goto 225

state 144
	stat:  TRepeat block TUntil.expr 

	TFalse  shift 29
	TFunction  shift 41
	TNil  shift 28
	TNot  shift 38
	TTrue  shift 30
	T3Comma  shift 32
	TIdent  shift 45
	TNumber  shift 31
	TString  shift 43
	'{'  shift 44
	'('  shift 24
	'~'  shift 40
	'-'  shift 37
	'#'  shift 39
	.  error

	var  goto 42
	expr  goto 226
	string  goto 35
	prefixexp  goto 34
	functioncall  goto 23
	afunctioncall  goto 22
	function  goto 33
	tableconstructor  goto 36

state 145
	stat:  TIf expr TThen.block elseifs TEnd 
	stat:  TIf expr TThen.block elseifs TElse block TEnd 
	chunk1: .    (4)

	.  reduce 4 (src line 185)

	chunk  goto 56
	chunk1  goto 2
	block  goto 227

state 146
	stat:  TFor TIdent '='.expr ',' expr TDo block TEnd 
	stat:  TFor TIdent '='.expr ',' expr ',' expr TDo block TEnd 

	TFalse  shift 29
	TFunction  shift 41
	TNil  shift 28
	TNot  shift 38
	TTrue  shift 30
	T3Comma  shift 32
	TIdent  shift 45
	TNumber  shift 31
	TString  shift 43
	'{'  shift 44
	'('  shift 24
	'~'  shift 40
	'-'  shift 37
	'#'  shift 39
	.  error

	var  goto 42
	expr  goto 228
	string  goto 35
	prefixexp  goto 34
	functioncall  goto 23
	afunctioncall  goto 22
	function  goto 33
	tableconstructor  goto 36

state 147
	stat:  TFor namelist TIn.exprlist TDo block TEnd 

	TFalse  shift 29
	TFunction  shift 41
	TNil  shift 28
	TNot  shift 38
	TTrue  shift 30
	T3Comma  shift 32
	TIdent  shift 45
	TNumber  shift 31
	TString  shift 43
	'{'  shift 44
	'('  shift 24
	'~'  shift 40
	'-'  shift 37
	'#'  shift 39
	.  error

	var  goto 42
	exprlist  goto 229
	expr  goto 27
	string  goto 35
	prefixexp  goto 34
	functioncall  goto 23
	afunctioncall  goto 22
	function  goto 33
	tableconstructor  goto 36

state 148
	namelist:  namelist ','.TIdent 

	TIdent  shift 230
	.  error


state 149
	stat:  TFunction funcname funcbody.    (18)

	.  reduce 18 (src line 266)


state 150
	funcname:  funcname1 ':'.TIdent 
	funcname:  funcname1 ':'.TType 
	funcname:  funcname1 ':'.TInterface 
	funcname:  funcname1 ':'.TReadonly 
	funcname:  funcname1 ':'.TAs 
	funcname:  funcname1 ':'.TAsserts 
	funcname:  funcname1 ':'.TIs 

	TType  shift 232
	TInterface  shift 233
	TReadonly  shift 234
	TAs  shift 235
	TAsserts  shift 236
	TIs  shift 237
	TIdent  shift 231
	.  error


state 151
	funcname1:  funcname1 '.'.TIdent 

	TIdent  shift 238
	.  error


state 152
	stat:  TLocal TFunction TIdent.funcbody 

	'('  shift 104
	'<'  shift 106
	.  error

	funcbody  goto 239
	typeparams  goto 105

state 153
	stat:  TLocal typednamelist '='.exprlist 

	TFalse  shift 29
	TFunction  shift 41
	TNil  shift 28
	TNot  shift 38
	TTrue  shift 30
	T3Comma  shift 32
	TIdent  shift 45
	TNumber  shift 31
	TString  shift 43
	'{'  shift 44
	'('  shift 24
	'~'  shift 40
	'-'  shift 37
	'#'  shift 39
	.  error

	var  goto 42
	exprlist  goto 240
	expr  goto 27
	string  goto 35
	prefixexp  goto 34
	functioncall  goto 23
	afunctioncall  goto 22
	function  goto 33
	tableconstructor  goto 36

state 154
	typednamelist:  typednamelist ','.typedname 

	TIdent  shift 68
	.  error

	typedname  goto 241

state 155
	typedname:  TIdent ':'.typeexpr 

	TFalse  shift 189
	TNil  shift 187
	TTrue  shift 188
	TInterface  shift 196
	TReadonly  shift 197
	TAsserts  shift 198
	TTypeof  shift 199
	TKeyof  shift 200
	TFun  shift 195
	TIdent  shift 192
	TNumber  shift 191
	TString  shift 190
	'{'  shift 193
	'('  shift 194
	.  error

	typeexpr  goto 242
	simpletypeexpr  goto 185
	primarytypeexpr  goto 186

state 156
	stat:  TIdent TIdent '='.typeexpr 

	TFalse  shift 189
	TNil  shift 187
	TTrue  shift 188
	TInterface  shift 196
	TReadonly  shift 197
	TAsserts  shift 198
	TTypeof  shift 199
	TKeyof  shift 200
	TFun  shift 195
	TIdent  shift 192
	TNumber  shift 191
	TString  shift 190
	'{'  shift 193
	'('  shift 194
	.  error

	typeexpr  goto 243
	simpletypeexpr  goto 185
	primarytypeexpr  goto 186

state 157
	stat:  TIdent TIdent typeparams.'=' typeexpr 

	'='  shift 244
	.  error


state 158
	stat:  TInterface TIdent interfaceextends.interfacebody TEnd 
	interfaceextends:  interfaceextends.',' TIdent 
	interfacebody: .    (245)

	','  shift 246
	.  reduce 245 (src line 1288)

	interfacebody  goto 245

state 159
	interfaceextends:  ':'.TIdent 

	TIdent  shift 247
	.  error


state 160
	prefixexp:  '(' expr ')'.    (98)

	.  reduce 98 (src line 658)


state 161
	afunctioncall:  '(' functioncall ')'.    (99)

	.  reduce 99 (src line 668)


state 162
	exprlist:  exprlist ',' expr.    (56)
	expr:  expr.TOr expr 
	expr:  expr.TAnd expr 
	expr:  expr.'>' expr 
	expr:  expr.'<' expr 
	expr:  expr.TGte expr 
	expr:  expr.TLte expr 
	expr:  expr.TEqeq expr 
	expr:  expr.TNeq expr 
	expr:  expr.T2Comma expr 
	expr:  expr.'+' expr 
	expr:  expr.'-' expr 
	expr:  expr.'*' expr 
	expr:  expr.'/' expr 
	expr:  expr.'%' expr 
	expr:  expr.'^' expr 
	expr:  expr.'&' expr 
	expr:  expr.'|' expr 
	expr:  expr.'~' expr 
	expr:  expr.TShl expr 
	expr:  expr.TShr expr 
	expr:  expr.TIdiv expr 
	expr:  expr.TAs typeexpr 
	expr:  expr.T2Colon typeexpr 
	expr:  expr.TBang 

	TAnd  shift 76
	TOr  shift 75
	TAs  shift 96
	TEqeq  shift 81
	TNeq  shift 82
	TLte  shift 80
	TGte  shift 79
	T2Comma  shift 83
	T2Colon  shift 97
	TShl  shift 93
	TShr  shift 94
	TIdiv  shift 95
	TBang  shift 98
	'>'  shift 77
	'<'  shift 78
	'|'  shift 91
	'~'  shift 92
	'&'  shift 90
	'+'  shift 84
	'-'  shift 85
	'*'  shift 86
	'/'  shift 87
	'%'  shift 88
	'^'  shift 89
	.  reduce 56 (src line 464)


state 163
	expr:  expr.TOr expr 
	expr:  expr TOr expr.    (66)
	expr:  expr.TAnd expr 
	expr:  expr.'>' expr 
	expr:  expr.'<' expr 
	expr:  expr.TGte expr 
	expr:  expr.TLte expr 
	expr:  expr.TEqeq expr 
	expr:  expr.TNeq expr 
	expr:  expr.T2Comma expr 
	expr:  expr.'+' expr 
	expr:  expr.'-' expr 
	expr:  expr.'*' expr 
	expr:  expr.'/' expr 
	expr:  expr.'%' expr 
	expr:  expr.'^' expr 
	expr:  expr.'&' expr 
	expr:  expr.'|' expr 
	expr:  expr.'~' expr 
	expr:  expr.TShl expr 
	expr:  expr.TShr expr 
	expr:  expr.TIdiv expr 
	expr:  expr.TAs typeexpr 
	expr:  expr.T2Colon typeexpr 
	expr:  expr.TBang 

	TAnd  shift 76
	TAs  shift 96
	TEqeq  shift 81
	TNeq  shift 82
	TLte  shift 80
	TGte  shift 79
	T2Comma  shift 83
	T2Colon  shift 97
	TShl  shift 93
	TShr  shift 94
	TIdiv  shift 95
	TBang  shift 98
	'>'  shift 77
	'<'  shift 78
	'|'  shift 91
	'~'  shift 92
	'&'  shift 90
	'+'  shift 84
	'-'  shift 85
	'*'  shift 86
	'/'  shift 87
	'%'  shift 88
	'^'  shift 89
	.  reduce 66 (src line 501)


state 164
	expr:  expr.TOr expr 
	expr:  expr.TAnd expr 
	expr:  expr TAnd expr.    (67)
	expr:  expr.'>' expr 
	expr:  expr.'<' expr 
	expr:  expr.TGte expr 
	expr:  expr.TLte expr 
	expr:  expr.TEqeq expr 
	expr:  expr.TNeq expr 
	expr:  expr.T2Comma expr 
	expr:  expr.'+' expr 
	expr:  expr.'-' expr 
	expr:  expr.'*' expr 
	expr:  expr.'/' expr 
	expr:  expr.'%' expr 
	expr:  expr.'^' expr 
	expr:  expr.'&' expr 
	expr:  expr.'|' expr 
	expr:  expr.'~' expr 
	expr:  expr.TShl expr 
	expr:  expr.TShr expr 
	expr:  expr.TIdiv expr 
	expr:  expr.TAs typeexpr 
	expr:  expr.T2Colon typeexpr 
	expr:  expr.TBang 

	TAs  shift 96
	TEqeq  shift 81
	TNeq  shift 82
	TLte  shift 80
	TGte  shift 79
	T2Comma  shift 83
	T2Colon  shift 97
	TShl  shift 93
	TShr  shift 94
	TIdiv  shift 95
	TBang  shift 98
	'>'  shift 77
	'<'  shift 78
	'|'  shift 91
	'~'  shift 92
	'&'  shift 90
	'+'  shift 84
	'-'  shift 85
	'*'  shift 86
	'/'  shift 87
	'%'  shift 88
	'^'  shift 89
	.  reduce 67 (src line 506)


state 165
	expr:  expr.TOr expr 
	expr:  expr.TAnd expr 
	expr:  expr.'>' expr 
	expr:  expr '>' expr.    (68)
	expr:  expr.'<' expr 
	expr:  expr.TGte expr 
	expr:  expr.TLte expr 
	expr:  expr.TEqeq expr 
	expr:  expr.TNeq expr 
	expr:  expr.T2Comma expr 
	expr:  expr.'+' expr 
	expr:  expr.'-' expr 
	expr:  expr.'*' expr 
	expr:  expr.'/' expr 
	expr:  expr.'%' expr 
	expr:  expr.'^' expr 
	expr:  expr.'&' expr 
	expr:  expr.'|' expr 
	expr:  expr.'~' expr 
	expr:  expr.TShl expr 
	expr:  expr.TShr expr 
	expr:  expr.TIdiv expr 
	expr:  expr.TAs typeexpr 
	expr:  expr.T2Colon typeexpr 
	expr:  expr.TBang 

	TAs  shift 96
	T2Comma  shift 83
	T2Colon  shift 97
	TShl  shift 93
	TShr  shift 94
	TIdiv  shift 95
	TBang  shift 98
	'|'  shift 91
	'~'  shift 92
	'&'  shift 90
	'+'  shift 84
	'-'  shift 85
	'*'  shift 86
	'/'  shift 87
	'%'  shift 88
	'^'  shift 89
	.  reduce 68 (src line 511)


state 166
	expr:  expr.TOr expr 
	expr:  expr.TAnd expr 
	expr:  expr.'>' expr 
	expr:  expr.'<' expr 
	expr:  expr '<' expr.    (69)
	expr:  expr.TGte expr 
	expr:  expr.TLte expr 
	expr:  expr.TEqeq expr 
	expr:  expr.TNeq expr 
	expr:  expr.T2Comma expr 
	expr:  expr.'+' expr 
	expr:  expr.'-' expr 
	expr:  expr.'*' expr 
	expr:  expr.'/' expr 
	expr:  expr.'%' expr 
	expr:  expr.'^' expr 
	expr:  expr.'&' expr 
	expr:  expr.'|' expr 
	expr:  expr.'~' expr 
	expr:  expr.TShl expr 
	expr:  expr.TShr expr 
	expr:  expr.TIdiv expr 
	expr:  expr.TAs typeexpr 
	expr:  expr.T2Colon typeexpr 
	expr:  expr.TBang 

	TAs  shift 96
	T2Comma  shift 83
	T2Colon  shift 97
	TShl  shift 93
	TShr  shift 94
	TIdiv  shift 95
	TBang  shift 98
	'|'  shift 91
	'~'  shift 92
	'&'  shift 90
	'+'  shift 84
	'-'  shift 85
	'*'  shift 86
	'/'  shift 87
	'%'  shift 88
	'^'  shift 89
	.  reduce 69 (src line 516)


state 167
	expr:  expr.TOr expr 
	expr:  expr.TAnd expr 
	expr:  expr.'>' expr 
	expr:  expr.'<' expr 
	expr:  expr.TGte expr 
	expr:  expr TGte expr.    (70)
	expr:  expr.TLte expr 
	expr:  expr.TEqeq expr 
	expr:  expr.TNeq expr 
	expr:  expr.T2Comma expr 
	expr:  expr.'+' expr 
	expr:  expr.'-' expr 
	expr:  expr.'*' expr 
	expr:  expr.'/' expr 
	expr:  expr.'%' expr 
	expr:  expr.'^' expr 
	expr:  expr.'&' expr 
	expr:  expr.'|' expr 
	expr:  expr.'~' expr 
	expr:  expr.TShl expr 
	expr:  expr.TShr expr 
	expr:  expr.TIdiv expr 
	expr:  expr.TAs typeexpr 
	expr:  expr.T2Colon typeexpr 
	expr:  expr.TBang 

	TAs  shift 96
	T2Comma  shift 83
	T2Colon  shift 97
	TShl  shift 93
	TShr  shift 94
	TIdiv  shift 95
	TBang  shift 98
	'|'  shift 91
	'~'  shift 92
	'&'  shift 90
	'+'  shift 84
	'-'  shift 85
	'*'  shift 86
	'/'  shift 87
	'%'  shift 88
	'^'  shift 89
	.  reduce 70 (src line 521)


state 168
	expr:  expr.TOr expr 
	expr:  expr.TAnd expr 
	expr:  expr.'>' expr 
	expr:  expr.'<' expr 
	expr:  expr.TGte expr 
	expr:  expr.TLte expr 
	expr:  expr TLte expr.    (71)
	expr:  expr.TEqeq expr 
	expr:  expr.TNeq expr 
	expr:  expr.T2Comma expr 
	expr:  expr.'+' expr 
	expr:  expr.'-' expr 
	expr:  expr.'*' expr 
	expr:  expr.'/' expr 
	expr:  expr.'%' expr 
	expr:  expr.'^' expr 
	expr:  expr.'&' expr 
	expr:  expr.'|' expr 
	expr:  expr.'~' expr 
	expr:  expr.TShl expr 
	expr:  expr.TShr expr 
	expr:  expr.TIdiv expr 
	expr:  expr.TAs typeexpr 
	expr:  expr.T2Colon typeexpr 
	expr:  expr.TBang 

	TAs  shift 96
	T2Comma  shift 83
	T2Colon  shift 97
	TShl  shift 93
	TShr  shift 94
	TIdiv  shift 95
	TBang  shift 98
	'|'  shift 91
	'~'  shift 92
	'&'  shift 90
	'+'  shift 84
	'-'  shift 85
	'*'  shift 86
	'/'  shift 87
	'%'  shift 88
	'^'  shift 89
	.  reduce 71 (src line 526)


state 169
	expr:  expr.TOr expr 
	expr:  expr.TAnd expr 
	expr:  expr.'>' expr 
	expr:  expr.'<' expr 
	expr:  expr.TGte expr 
	expr:  expr.TLte expr 
	expr:  expr.TEqeq expr 
	expr:  expr TEqeq expr.    (72)
	expr:  expr.TNeq expr 
	expr:  expr.T2Comma expr 
	expr:  expr.'+' expr 
	expr:  expr.'-' expr 
	expr:  expr.'*' expr 
	expr:  expr.'/' expr 
	expr:  expr.'%' expr 
	expr:  expr.'^' expr 
	expr:  expr.'&' expr 
	expr:  expr.'|' expr 
	expr:  expr.'~' expr 
	expr:  expr.TShl expr 
	expr:  expr.TShr expr 
	expr:  expr.TIdiv expr 
	expr:  expr.TAs typeexpr 
	expr:  expr.T2Colon typeexpr 
	expr:  expr.TBang 

	TAs  shift 96
	T2Comma  shift 83
	T2Colon  shift 97
	TShl  shift 93
	TShr  shift 94
	TIdiv  shift 95
	TBang  shift 98
	'|'  shift 91
	'~'  shift 92
	'&'  shift 90
	'+'  shift 84
	'-'  shift 85
	'*'  shift 86
	'/'  shift 87
	'%'  shift 88
	'^'  shift 89
	.  reduce 72 (src line 531)


state 170
	expr:  expr.TOr expr 
	expr:  expr.TAnd expr 
	expr:  expr.'>' expr 
	expr:  expr.'<' expr 
	expr:  expr.TGte expr 
	expr:  expr.TLte expr 
	expr:  expr.TEqeq expr 
	expr:  expr.TNeq expr 
	expr:  expr TNeq expr.    (73)
	expr:  expr.T2Comma expr 
	expr:  expr.'+' expr 
	expr:  expr.'-' expr 
	expr:  expr.'*' expr 
	expr:  expr.'/' expr 
	expr:  expr.'%' expr 
	expr:  expr.'^' expr 
	expr:  expr.'&' expr 
	expr:  expr.'|' expr 
	expr:  expr.'~' expr 
	expr:  expr.TShl expr 
	expr:  expr.TShr expr 
	expr:  expr.TIdiv expr 
	expr:  expr.TAs typeexpr 
	expr:  expr.T2Colon typeexpr 
	expr:  expr.TBang 

	TAs  shift 96
	T2Comma  shift 83
	T2Colon  shift 97
	TShl  shift 93
	TShr  shift 94
	TIdiv  shift 95
	TBang  shift 98
	'|'  shift 91
	'~'  shift 92
	'&'  shift 90
	'+'  shift 84
	'-'  shift 85
	'*'  shift 86
	'/'  shift 87
	'%'  shift 88
	'^'  shift 89
	.  reduce 73 (src line 536)


state 171
	expr:  expr.TOr expr 
	expr:  expr.TAnd expr 
	expr:  expr.'>' expr 
	expr:  expr.'<' expr 
	expr:  expr.TGte expr 
	expr:  expr.TLte expr 
	expr:  expr.TEqeq expr 
	expr:  expr.TNeq expr 
	expr:  expr.T2Comma expr 
	expr:  expr T2Comma expr.    (74)
	expr:  expr.'+' expr 
	expr:  expr.'-' expr 
	expr:  expr.'*' expr 
	expr:  expr.'/' expr 
	expr:  expr.'%' expr 
	expr:  expr.'^' expr 
	expr:  expr.'&' expr 
	expr:  expr.'|' expr 
	expr:  expr.'~' expr 
	expr:  expr.TShl expr 
	expr:  expr.TShr expr 
	expr:  expr.TIdiv expr 
	expr:  expr.TAs typeexpr 
	expr:  expr.T2Colon typeexpr 
	expr:  expr.TBang 

	TAs  shift 96
	T2Comma  shift 83
	T2Colon  shift 97
	TIdiv  shift 95
	TBang  shift 98
	'+'  shift 84
	'-'  shift 85
	'*'  shift 86
	'/'  shift 87
	'%'  shift 88
	'^'  shift 89
	.  reduce 74 (src line 541)


state 172
	expr:  expr.TOr expr 
	expr:  expr.TAnd expr 
	expr:  expr.'>' expr 
	expr:  expr.'<' expr 
	expr:  expr.TGte expr 
	expr:  expr.TLte expr 
	expr:  expr.TEqeq expr 
	expr:  expr.TNeq expr 
	expr:  expr.T2Comma expr 
	expr:  expr.'+' expr 
	expr:  expr '+' expr.    (75)
	expr:  expr.'-' expr 
	expr:  expr.'*' expr 
	expr:  expr.'/' expr 
	expr:  expr.'%' expr 
	expr:  expr.'^' expr 
	expr:  expr.'&' expr 
	expr:  expr.'|' expr 
	expr:  expr.'~' expr 
	expr:  expr.TShl expr 
	expr:  expr.TShr expr 
	expr:  expr.TIdiv expr 
	expr:  expr.TAs typeexpr 
	expr:  expr.T2Colon typeexpr 
	expr:  expr.TBang 

	TAs  shift 96
	T2Colon  shift 97
	TIdiv  shift 95
	TBang  shift 98
	'*'  shift 86
	'/'  shift 87
	'%'  shift 88
	'^'  shift 89
	.  reduce 75 (src line 546)


state 173
	expr:  expr.TOr expr 
	expr:  expr.TAnd expr 
	expr:  expr.'>' expr 
	expr:  expr.'<' expr 
	expr:  expr.TGte expr 
	expr:  expr.TLte expr 
	expr:  expr.TEqeq expr 
	expr:  expr.TNeq expr 
	expr:  expr.T2Comma expr 
	expr:  expr.'+' expr 
	expr:  expr.'-' expr 
	expr:  expr '-' expr.    (76)
	expr:  expr.'*' expr 
	expr:  expr.'/' expr 
	expr:  expr.'%' expr 
	expr:  expr.'^' expr 
	expr:  expr.'&' expr 
	expr:  expr.'|' expr 
	expr:  expr.'~' expr 
	expr:  expr.TShl expr 
	expr:  expr.TShr expr 
	expr:  expr.TIdiv expr 
	expr:  expr.TAs typeexpr 
	expr:  expr.T2Colon typeexpr 
	expr:  expr.TBang 

	TAs  shift 96
	T2Colon  shift 97
	TIdiv  shift 95
	TBang  shift 98
	'*'  shift 86
	'/'  shift 87
	'%'  shift 88
	'^'  shift 89
	.  reduce 76 (src line 551)


state 174
	expr:  expr.TOr expr 
	expr:  expr.TAnd expr 
	expr:  expr.'>' expr 
	expr:  expr.'<' expr 
	expr:  expr.TGte expr 
	expr:  expr.TLte expr 
	expr:  expr.TEqeq expr 
	expr:  expr.TNeq expr 
	expr:  expr.T2Comma expr 
	expr:  expr.'+' expr 
	expr:  expr.'-' expr 
	expr:  expr.'*' expr 
	expr:  expr '*' expr.    (77)
	expr:  expr.'/' expr 
	expr:  expr.'%' expr 
	expr:  expr.'^' expr 
	expr:  expr.'&' expr 
	expr:  expr.'|' expr 
	expr:  expr.'~' expr 
	expr:  expr.TShl expr 
	expr:  expr.TShr expr 
	expr:  expr.TIdiv expr 
	expr:  expr.TAs typeexpr 
	expr:  expr.T2Colon typeexpr 
	expr:  expr.TBang 

	TAs  shift 96
	T2Colon  shift 97
	TBang  shift 98
	'^'  shift 89
	.  reduce 77 (src line 556)


state 175
	expr:  expr.TOr expr 
	expr:  expr.TAnd expr 
	expr:  expr.'>' expr 
	expr:  expr.'<' expr 
	expr:  expr.TGte expr 
	expr:  expr.TLte expr 
	expr:  expr.TEqeq expr 
	expr:  expr.TNeq expr 
	expr:  expr.T2Comma expr 
	expr:  expr.'+' expr 
	expr:  expr.'-' expr 
	expr:  expr.'*' expr 
	expr:  expr.'/' expr 
	expr:  expr '/' expr.    (78)
	expr:  expr.'%' expr 
	expr:  expr.'^' expr 
	expr:  expr.'&' expr 
	expr:  expr.'|' expr 
	expr:  expr.'~' expr 
	expr:  expr.TShl expr 
	expr:  expr.TShr expr 
	expr:  expr.TIdiv expr 
	expr:  expr.TAs typeexpr 
	expr:  expr.T2Colon typeexpr 
	expr:  expr.TBang 

	TAs  shift 96
	T2Colon  shift 97
	TBang  shift 98
	'^'  shift 89
	.  reduce 78 (src line 561)


state 176
	expr:  expr.TOr expr 
	expr:  expr.TAnd expr 
	expr:  expr.'>' expr 
	expr:  expr.'<' expr 
	expr:  expr.TGte expr 
	expr:  expr.TLte expr 
	expr:  expr.TEqeq expr 
	expr:  expr.TNeq expr 
	expr:  expr.T2Comma expr 
	expr:  expr.'+' expr 
	expr:  expr.'-' expr 
	expr:  expr.'*' expr 
	expr:  expr.'/' expr 
	expr:  expr.'%' expr 
	expr:  expr '%' expr.    (79)
	expr:  expr.'^' expr 
	expr:  expr.'&' expr 
	expr:  expr.'|' expr 
	expr:  expr.'~' expr 
	expr:  expr.TShl expr 
	expr:  expr.TShr expr 
	expr:  expr.TIdiv expr 
	expr:  expr.TAs typeexpr 
	expr:  expr.T2Colon typeexpr 
	expr:  expr.TBang 

	TAs  shift 96
	T2Colon  shift 97
	TBang  shift 98
	'^'  shift 89
	.  reduce 79 (src line 566)


state 177
	expr:  expr.TOr expr 
	expr:  expr.TAnd expr 
	expr:  expr.'>' expr 
	expr:  expr.'<' expr 
	expr:  expr.TGte expr 
	expr:  expr.TLte expr 
	expr:  expr.TEqeq expr 
	expr:  expr.TNeq expr 
	expr:  expr.T2Comma expr 
	expr:  expr.'+' expr 
	expr:  expr.'-' expr 
	expr:  expr.'*' expr 
	expr:  expr.'/' expr 
	expr:  expr.'%' expr 
	expr:  expr.'^' expr 
	expr:  expr '^' expr.    (80)
	expr:  expr.'&' expr 
	expr:  expr.'|' expr 
	expr:  expr.'~' expr 
	expr:  expr.TShl expr 
	expr:  expr.TShr expr 
	expr:  expr.TIdiv expr 
	expr:  expr.TAs typeexpr 
	expr:  expr.T2Colon typeexpr 
	expr:  expr.TBang 

	TAs  shift 96
	T2Colon  shift 97
	TBang  shift 98
	'^'  shift 89
	.  reduce 80 (src line 571)


state 178
	expr:  expr.TOr expr 
	expr:  expr.TAnd expr 
	expr:  expr.'>' expr 
	expr:  expr.'<' expr 
	expr:  expr.TGte expr 
	expr:  expr.TLte expr 
	expr:  expr.TEqeq expr 
	expr:  expr.TNeq expr 
	expr:  expr.T2Comma expr 
	expr:  expr.'+' expr 
	expr:  expr.'-' expr 
	expr:  expr.'*' expr 
	expr:  expr.'/' expr 
	expr:  expr.'%' expr 
	expr:  expr.'^' expr 
	expr:  expr.'&' expr 
	expr:  expr '&' expr.    (81)
	expr:  expr.'|' expr 
	expr:  expr.'~' expr 
	expr:  expr.TShl expr 
	expr:  expr.TShr expr 
	expr:  expr.TIdiv expr 
	expr:  expr.TAs typeexpr 
	expr:  expr.T2Colon typeexpr 
	expr:  expr.TBang 

	TAs  shift 96
	T2Comma  shift 83
	T2Colon  shift 97
	TShl  shift 93
	TShr  shift 94
	TIdiv  shift 95
	TBang  shift 98
	'+'  shift 84
	'-'  shift 85
	'*'  shift 86
	'/'  shift 87
	'%'  shift 88
	'^'  shift 89
	.  reduce 81 (src line 576)


state 179
	expr:  expr.TOr expr 
	expr:  expr.TAnd expr 
	expr:  expr.'>' expr 
	expr:  expr.'<' expr 
	expr:  expr.TGte expr 
	expr:  expr.TLte expr 
	expr:  expr.TEqeq expr 
	expr:  expr.TNeq expr 
	expr:  expr.T2Comma expr 
	expr:  expr.'+' expr 
	expr:  expr.'-' expr 
	expr:  expr.'*' expr 
	expr:  expr.'/' expr 
	expr:  expr.'%' expr 
	expr:  expr.'^' expr 
	expr:  expr.'&' expr 
	expr:  expr.'|' expr 
	expr:  expr '|' expr.    (82)
	expr:  expr.'~' expr 
	expr:  expr.TShl expr 
	expr:  expr.TShr expr 
	expr:  expr.TIdiv expr 
	expr:  expr.TAs typeexpr 
	expr:  expr.T2Colon typeexpr 
	expr:  expr.TBang 

	TAs  shift 96
	T2Comma  shift 83
	T2Colon  shift 97
	TShl  shift 93
	TShr  shift 94
	TIdiv  shift 95
	TBang  shift 98
	'~'  shift 92
	'&'  shift 90
	'+'  shift 84
	'-'  shift 85
	'*'  shift 86
	'/'  shift 87
	'%'  shift 88
	'^'  shift 89
	.  reduce 82 (src line 581)


state 180
	expr:  expr.TOr expr 
	expr:  expr.TAnd expr 
	expr:  expr.'>' expr 
	expr:  expr.'<' expr 
	expr:  expr.TGte expr 
	expr:  expr.TLte expr 
	expr:  expr.TEqeq expr 
	expr:  expr.TNeq expr 
	expr:  expr.T2Comma expr 
	expr:  expr.'+' expr 
	expr:  expr.'-' expr 
	expr:  expr.'*' expr 
	expr:  expr.'/' expr 
	expr:  expr.'%' expr 
	expr:  expr.'^' expr 
	expr:  expr.'&' expr 
	expr:  expr.'|' expr 
	expr:  expr.'~' expr 
	expr:  expr '~' expr.    (83)
	expr:  expr.TShl expr 
	expr:  expr.TShr expr 
	expr:  expr.TIdiv expr 
	expr:  expr.TAs typeexpr 
	expr:  expr.T2Colon typeexpr 
	expr:  expr.TBang 

	TAs  shift 96
	T2Comma  shift 83
	T2Colon  shift 97
	TShl  shift 93
	TShr  shift 94
	TIdiv  shift 95
	TBang  shift 98
	'&'  shift 90
	'+'  shift 84
	'-'  shift 85
	'*'  shift 86
	'/'  shift 87
	'%'  shift 88
	'^'  shift 89
	.  reduce 83 (src line 586)


state 181
	expr:  expr.TOr expr 
	expr:  expr.TAnd expr 
	expr:  expr.'>' expr 
	expr:  expr.'<' expr 
	expr:  expr.TGte expr 
	expr:  expr.TLte expr 
	expr:  expr.TEqeq expr 
	expr:  expr.TNeq expr 
	expr:  expr.T2Comma expr 
	expr:  expr.'+' expr 
	expr:  expr.'-' expr 
	expr:  expr.'*' expr 
	expr:  expr.'/' expr 
	expr:  expr.'%' expr 
	expr:  expr.'^' expr 
	expr:  expr.'&' expr 
	expr:  expr.'|' expr 
	expr:  expr.'~' expr 
	expr:  expr.TShl expr 
	expr:  expr TShl expr.    (84)
	expr:  expr.TShr expr 
	expr:  expr.TIdiv expr 
	expr:  expr.TAs typeexpr 
	expr:  expr.T2Colon typeexpr 
	expr:  expr.TBang 

	TAs  shift 96
	T2Comma  shift 83
	T2Colon  shift 97
	TIdiv  shift 95
	TBang  shift 98
	'+'  shift 84
	'-'  shift 85
	'*'  shift 86
	'/'  shift 87
	'%'  shift 88
	'^'  shift 89
	.  reduce 84 (src line 591)


state 182
	expr:  expr.TOr expr 
	expr:  expr.TAnd expr 
	expr:  expr.'>' expr 
	expr:  expr.'<' expr 
	expr:  expr.TGte expr 
	expr:  expr.TLte expr 
	expr:  expr.TEqeq expr 
	expr:  expr.TNeq expr 
	expr:  expr.T2Comma expr 
	expr:  expr.'+' expr 
	expr:  expr.'-' expr 
	expr:  expr.'*' expr 
	expr:  expr.'/' expr 
	expr:  expr.'%' expr 
	expr:  expr.'^' expr 
	expr:  expr.'&' expr 
	expr:  expr.'|' expr 
	expr:  expr.'~' expr 
	expr:  expr.TShl expr 
	expr:  expr.TShr expr 
	expr:  expr TShr expr.    (85)
	expr:  expr.TIdiv expr 
	expr:  expr.TAs typeexpr 
	expr:  expr.T2Colon typeexpr 
	expr:  expr.TBang 

	TAs  shift 96
	T2Comma  shift 83
	T2Colon  shift 97
	TIdiv  shift 95
	TBang  shift 98
	'+'  shift 84
	'-'  shift 85
	'*'  shift 86
	'/'  shift 87
	'%'  shift 88
	'^'  shift 89
	.  reduce 85 (src line 596)


state 183
	expr:  expr.TOr expr 
	expr:  expr.TAnd expr 
	expr:  expr.'>' expr 
	expr:  expr.'<' expr 
	expr:  expr.TGte expr 
	expr:  expr.TLte expr 
	expr:  expr.TEqeq expr 
	expr:  expr.TNeq expr 
	expr:  expr.T2Comma expr 
	expr:  expr.'+' expr 
	expr:  expr.'-' expr 
	expr:  expr.'*' expr 
	expr:  expr.'/' expr 
	expr:  expr.'%' expr 
	expr:  expr.'^' expr 
	expr:  expr.'&' expr 
	expr:  expr.'|' expr 
	expr:  expr.'~' expr 
	expr:  expr.TShl expr 
	expr:  expr.TShr expr 
	expr:  expr.TIdiv expr 
	expr:  expr TIdiv expr.    (86)
	expr:  expr.TAs typeexpr 
	expr:  expr.T2Colon typeexpr 
	expr:  expr.TBang 

	TAs  shift 96
	T2Colon  shift 97
	TBang  shift 98
	'^'  shift 89
	.  reduce 86 (src line 601)


state 184
	expr:  expr TAs typeexpr.    (91)
	typeexpr:  typeexpr.'|' simpletypeexpr 
	typeexpr:  typeexpr.'&' simpletypeexpr 

	.  reduce 91 (src line 626)


185: shift/reduce conflict (shift 250(0), red'n 154(0)) on TExtends
185: shift/reduce conflict (shift 251(0), red'n 154(0)) on TQuestion
state 185
	typeexpr:  simpletypeexpr.    (154)
	typeexpr:  simpletypeexpr.TExtends simpletypeexpr TQuestion typeexpr ':' typeexpr 
	simpletypeexpr:  simpletypeexpr.TQuestion 

	TExtends  shift 250
	TQuestion  shift 251
	.  reduce 154 (src line 904)


186: shift/reduce conflict (shift 253(0), red'n 158(0)) on '['
186: shift/reduce conflict (shift 255(0), red'n 158(0)) on '@'
state 186
	simpletypeexpr:  primarytypeexpr.    (158)
	simpletypeexpr:  primarytypeexpr.annotations 
	primarytypeexpr:  primarytypeexpr.'[' ']' 
	primarytypeexpr:  primarytypeexpr.'[' typeexpr ']' 

	'['  shift 253
	'@'  shift 255
	.  reduce 158 (src line 929)

	annotation  goto 254
	annotations  goto 252

state 187
	primarytypeexpr:  TNil.    (161)

	.  reduce 161 (src line 948)


state 188
	primarytypeexpr:  TTrue.    (162)

	.  reduce 162 (src line 952)


state 189
	primarytypeexpr:  TFalse.    (163)

	.  reduce 163 (src line 956)


state 190
	primarytypeexpr:  TString.    (164)

	.  reduce 164 (src line 960)


state 191
	primarytypeexpr:  TNumber.    (165)

	.  reduce 165 (src line 964)


192: shift/reduce conflict (shift 257(3), red'n 166(0)) on '<'
state 192
	primarytypeexpr:  TIdent.    (166)
	primarytypeexpr:  TIdent.'.' TIdent 
	primarytypeexpr:  TIdent.'<' typeexprlist closegt 
	primarytypeexpr:  TIdent.'.' TIdent '<' typeexprlist closegt 

	'<'  shift 257
	'.'  shift 256
	.  reduce 166 (src line 969)


state 193
	primarytypeexpr:  '{'.typeexpr '}' 
	primarytypeexpr:  '{'.'[' typeexpr ']' ':' typeexpr '}' 
	primarytypeexpr:  '{'.typefieldlist '}' 
	primarytypeexpr:  '{'.'}' 

	TFalse  shift 189
	TNil  shift 187
	TTrue  shift 188
	TType  shift 270
	TInterface  shift 265
	TReadonly  shift 266
	TAs  shift 271
	TAsserts  shift 267
	TIs  shift 272
	TTypeof  shift 268
	TKeyof  shift 269
	TExtends  shift 273
	TFun  shift 195
	TIdent  shift 263
	TNumber  shift 191
	TString  shift 190
	'{'  shift 193
	'}'  shift 261
	'('  shift 194
	'['  shift 259
	.  error

	typefieldname  goto 264
	typeexpr  goto 258
	simpletypeexpr  goto 185
	primarytypeexpr  goto 186
	typefieldlist  goto 260
	typefield  goto 262

state 194
	primarytypeexpr:  '('.funcparamlist ')' TArrow '(' typeexprlist2 ')' 
	primarytypeexpr:  '('.funcparamlist ')' TArrow '(' ')' 
	primarytypeexpr:  '('.funcparamlist ')' TArrow typeexpr 
	primarytypeexpr:  '('.')' TArrow '(' typeexprlist2 ')' 
	primarytypeexpr:  '('.')' TArrow typeexpr 
	primarytypeexpr:  '('.')' TArrow '(' ')' 
	primarytypeexpr:  '('.'(' funcparamlist ')' TArrow typeexpr ')' 
	primarytypeexpr:  '('.'(' ')' TArrow typeexpr ')' 
	primarytypeexpr:  '('.'(' funcparamlist ')' TArrow '(' typeexprlist2 ')' ')' 
	primarytypeexpr:  '('.'(' funcparamlist ')' TArrow '(' ')' ')' 
	primarytypeexpr:  '('.'(' ')' TArrow '(' typeexprlist2 ')' ')' 
	primarytypeexpr:  '('.'(' ')' TArrow '(' ')' ')' 

	TFalse  shift 189
	TNil  shift 187
	TTrue  shift 188
	TInterface  shift 196
	TReadonly  shift 197
	TAsserts  shift 198
	TTypeof  shift 199
	TKeyof  shift 200
	TFun  shift 195
	T3Comma  shift 278
	TIdent  shift 279
	TNumber  shift 191
	TString  shift 190
	'{'  shift 193
	'('  shift 276
	')'  shift 275
	.  error

	typeexpr  goto 280
	simpletypeexpr  goto 185
	primarytypeexpr  goto 186
	funcparam  goto 277
	funcparamlist  goto 274

state 195
	primarytypeexpr:  TFun.'(' funcparamlist ')' ':' typeexpr 
	primarytypeexpr:  TFun.'(' funcparamlist ')' ':' '(' typeexprlist2 ')' 
	primarytypeexpr:  TFun.'(' ')' ':' typeexpr 
	primarytypeexpr:  TFun.'(' ')' ':' '(' typeexprlist2 ')' 
	primarytypeexpr:  TFun.'(' funcparamlist ')' ':' '(' ')' 
	primarytypeexpr:  TFun.'(' ')' ':' '(' ')' 
	primarytypeexpr:  TFun.'(' funcparamlist ')' 
	primarytypeexpr:  TFun.'(' ')' 

	'('  shift 281
	.  error


state 196
	primarytypeexpr:  TInterface.'{' typefieldlist '}' 
	primarytypeexpr:  TInterface.'{' '}' 

	'{'  shift 282
	.  error


state 197
	primarytypeexpr:  TReadonly.'{' typeexpr '}' 
	primarytypeexpr:  TReadonly.'{' '[' typeexpr ']' ':' typeexpr '}' 
	primarytypeexpr:  TReadonly.'{' typefieldlist '}' 

	'{'  shift 283
	.  error


state 198
	primarytypeexpr:  TAsserts.TIdent 
	primarytypeexpr:  TAsserts.TIdent TIs typeexpr 

	TIdent  shift 284
	.  error


state 199
	primarytypeexpr:  TTypeof.'(' expr ')' 

	'('  shift 285
	.  error


state 200
	primarytypeexpr:  TKeyof.'(' typeexpr ')' 

	'('  shift 286
	.  error


state 201
	expr:  expr T2Colon typeexpr.    (92)
	typeexpr:  typeexpr.'|' simpletypeexpr 
	typeexpr:  typeexpr.'&' simpletypeexpr 

	.  reduce 92 (src line 631)


state 202
	funcbody:  '(' parlist.')' returntypeannot block TEnd 

	')'  shift 287
	.  error


state 203
	funcbody:  '(' ')'.returntypeannot block TEnd 
	returntypeannot: .    (150)

	':'  shift 289
	.  reduce 150 (src line 890)

	returntypeannot  goto 288

state 204
	parlist:  T3Comma.    (117)
	parlist:  T3Comma.':' typeexpr 

	':'  shift 290
	.  reduce 117 (src line 765)


state 205
	parlist:  typednamelist.    (119)
	parlist:  typednamelist.',' T3Comma 
	parlist:  typednamelist.',' T3Comma ':' typeexpr 
	typednamelist:  typednamelist.',' typedname 

	','  shift 291
	.  reduce 119 (src line 771)


state 206
	funcbody:  typeparams '('.parlist ')' returntypeannot block TEnd 
	funcbody:  typeparams '('.')' returntypeannot block TEnd 

	T3Comma  shift 204
	TIdent  shift 68
	')'  shift 293
	.  error

	parlist  goto 292
	typednamelist  goto 205
	typedname  goto 67

state 207
	typeparams:  '<' typeparamlist.'>' 
	typeparamlist:  typeparamlist.',' typeparam 

	'>'  shift 294
	','  shift 295
	.  error


state 208
	typeparamlist:  typeparam.    (234)

	.  reduce 234 (src line 1245)


state 209
	typeparam:  TIdent.    (236)
	typeparam:  TIdent.':' typeexpr 

	':'  shift 296
	.  reduce 236 (src line 1253)


state 210
	tableconstructor:  '{' fieldlist '}'.    (123)

	.  reduce 123 (src line 791)


state 211
	fieldlist:  fieldlist fieldsep.field 
	fieldlist:  fieldlist fieldsep.    (126)

	TFalse  shift 29
	TFunction  shift 41
	TNil  shift 28
	TNot  shift 38
	TTrue  shift 30
	TType  shift 114
	TInterface  shift 115
	TReadonly  shift 116
	TAs  shift 117
	TAsserts  shift 118
	TIs  shift 119
	TKeyof  shift 120
	TExtends  shift 121
	T3Comma  shift 32
	TIdent  shift 113
	TNumber  shift 31
	TString  shift 43
	'{'  shift 44
	'('  shift 24
	'~'  shift 40
	'-'  shift 37
	'['  shift 111
	'#'  shift 39
	.  reduce 126 (src line 805)

	var  goto 42
	expr  goto 112
	string  goto 35
	prefixexp  goto 34
	functioncall  goto 23
	afunctioncall  goto 22
	function  goto 33
	tableconstructor  goto 36
	field  goto 297
	fieldname  goto 110

state 212
	fieldsep:  ','.    (148)

	.  reduce 148 (src line 880)


state 213
	fieldsep:  ';'.    (149)

	.  reduce 149 (src line 883)


state 214
	field:  fieldname '='.expr 

	TFalse  shift 29
	TFunction  shift 41
	TNil  shift 28
	TNot  shift 38
	TTrue  shift 30
	T3Comma  shift 32
	TIdent  shift 45
	TNumber  shift 31
	TString  shift 43
	'{'  shift 44
	'('  shift 24
	'~'  shift 40
	'-'  shift 37
	'#'  shift 39
	.  error

	var  goto 42
	expr  goto 298
	string  goto 35
	prefixexp  goto 34
	functioncall  goto 23
	afunctioncall  goto 22
	function  goto 33
	tableconstructor  goto 36

state 215
	expr:  expr.TOr expr 
	expr:  expr.TAnd expr 
	expr:  expr.'>' expr 
	expr:  expr.'<' expr 
	expr:  expr.TGte expr 
	expr:  expr.TLte expr 
	expr:  expr.TEqeq expr 
	expr:  expr.TNeq expr 
	expr:  expr.T2Comma expr 
	expr:  expr.'+' expr 
	expr:  expr.'-' expr 
	expr:  expr.'*' expr 
	expr:  expr.'/' expr 
	expr:  expr.'%' expr 
	expr:  expr.'^' expr 
	expr:  expr.'&' expr 
	expr:  expr.'|' expr 
	expr:  expr.'~' expr 
	expr:  expr.TShl expr 
	expr:  expr.TShr expr 
	expr:  expr.TIdiv expr 
	expr:  expr.TAs typeexpr 
	expr:  expr.T2Colon typeexpr 
	expr:  expr.TBang 
	field:  '[' expr.']' '=' expr 

	TAnd  shift 76
	TOr  shift 75
	TAs  shift 96
	TEqeq  shift 81
	TNeq  shift 82
	TLte  shift 80
	TGte  shift 79
	T2Comma  shift 83
	T2Colon  shift 97
	TShl  shift 93
	TShr  shift 94
	TIdiv  shift 95
	TBang  shift 98
	'>'  shift 77
	'<'  shift 78
	'|'  shift 91
	'~'  shift 92
	'&'  shift 90
	'+'  shift 84
	'-'  shift 85
	'*'  shift 86
	'/'  shift 87
	'%'  shift 88
	'^'  shift 89
	']'  shift 299
	.  error


state 216
	var:  prefixexp '[' expr ']'.    (45)

	.  reduce 45 (src line 391)


state 217
	functioncall:  prefixexp ':' TIdent args.    (101)

	.  reduce 101 (src line 679)


state 218
	functioncall:  prefixexp ':' TType args.    (102)

	.  reduce 102 (src line 684)


state 219
	functioncall:  prefixexp ':' TInterface args.    (103)

	.  reduce 103 (src line 689)


state 220
	functioncall:  prefixexp ':' TReadonly args.    (104)

	.  reduce 104 (src line 694)


state 221
	functioncall:  prefixexp ':' TAs args.    (105)

	.  reduce 105 (src line 699)


state 222
	functioncall:  prefixexp ':' TAsserts args.    (106)

	.  reduce 106 (src line 704)


state 223
	functioncall:  prefixexp ':' TIs args.    (107)

	.  reduce 107 (src line 709)


state 224
	args:  '(' exprlist ')'.    (109)

	.  reduce 109 (src line 722)


state 225
	stat:  TWhile expr TDo block.TEnd 

	TEnd  shift 300
	.  error


state 226
	stat:  TRepeat block TUntil expr.    (12)
	expr:  expr.TOr expr 
	expr:  expr.TAnd expr 
	expr:  expr.'>' expr 
	expr:  expr.'<' expr 
	expr:  expr.TGte expr 
	expr:  expr.TLte expr 
	expr:  expr.TEqeq expr 
	expr:  expr.TNeq expr 
	expr:  expr.T2Comma expr 
	expr:  expr.'+' expr 
	expr:  expr.'-' expr 
	expr:  expr.'*' expr 
	expr:  expr.'/' expr 
	expr:  expr.'%' expr 
	expr:  expr.'^' expr 
	expr:  expr.'&' expr 
	expr:  expr.'|' expr 
	expr:  expr.'~' expr 
	expr:  expr.TShl expr 
	expr:  expr.TShr expr 
	expr:  expr.TIdiv expr 
	expr:  expr.TAs typeexpr 
	expr:  expr.T2Colon typeexpr 
	expr:  expr.TBang 

	TAnd  shift 76
	TOr  shift 75
	TAs  shift 96
	TEqeq  shift 81
	TNeq  shift 82
	TLte  shift 80
	TGte  shift 79
	T2Comma  shift 83
	T2Colon  shift 97
	TShl  shift 93
	TShr  shift 94
	TIdiv  shift 95
	TBang  shift 98
	'>'  shift 77
	'<'  shift 78
	'|'  shift 91
	'~'  shift 92
	'&'  shift 90
	'+'  shift 84
	'-'  shift 85
	'*'  shift 86
	'/'  shift 87
	'%'  shift 88
	'^'  shift 89
	.  reduce 12 (src line 224)


state 227
	stat:  TIf expr TThen block.elseifs TEnd 
	stat:  TIf expr TThen block.elseifs TElse block TEnd 
	elseifs: .    (27)

	.  reduce 27 (src line 315)

	elseifs  goto 301

state 228
	stat:  TFor TIdent '=' expr.',' expr TDo block TEnd 
	stat:  TFor TIdent '=' expr.',' expr ',' expr TDo block TEnd 
	expr:  expr.TOr expr 
	expr:  expr.TAnd expr 
	expr:  expr.'>' expr 
	expr:  expr.'<' expr 
	expr:  expr.TGte expr 
	expr:  expr.TLte expr 
	expr:  expr.TEqeq expr 
	expr:  expr.TNeq expr 
	expr:  expr.T2Comma expr 
	expr:  expr.'+' expr 
	expr:  expr.'-' expr 
	expr:  expr.'*' expr 
	expr:  expr.'/' expr 
	expr:  expr.'%' expr 
	expr:  expr.'^' expr 
	expr:  expr.'&' expr 
	expr:  expr.'|' expr 
	expr:  expr.'~' expr 
	expr:  expr.TShl expr 
	expr:  expr.TShr expr 
	expr:  expr.TIdiv expr 
	expr:  expr.TAs typeexpr 
	expr:  expr.T2Colon typeexpr 
	expr:  expr.TBang 

	TAnd  shift 76
	TOr  shift 75
	TAs  shift 96
	TEqeq  shift 81
	TNeq  shift 82
	TLte  shift 80
	TGte  shift 79
	T2Comma  shift 83
	T2Colon  shift 97
	TShl  shift 93
	TShr  shift 94
	TIdiv  shift 95
	TBang  shift 98
	'>'  shift 77
	'<'  shift 78
	'|'  shift 91
	'~'  shift 92
	'&'  shift 90
	'+'  shift 84
	'-'  shift 85
	'*'  shift 86
	'/'  shift 87
	'%'  shift 88
	'^'  shift 89
	','  shift 302
	.  error


state 229
	stat:  TFor namelist TIn exprlist.TDo block TEnd 
	exprlist:  exprlist.',' expr 

	TDo  shift 303
	','  shift 74
	.  error


state 230
	namelist:  namelist ',' TIdent.    (54)

	.  reduce 54 (src line 456)


state 231
	funcname:  funcname1 ':' TIdent.    (33)

	.  reduce 33 (src line 341)


state 232
	funcname:  funcname1 ':' TType.    (34)

	.  reduce 34 (src line 344)


state 233
	funcname:  funcname1 ':' TInterface.    (35)

	.  reduce 35 (src line 347)


state 234
	funcname:  funcname1 ':' TReadonly.    (36)

	.  reduce 36 (src line 350)


state 235
	funcname:  funcname1 ':' TAs.    (37)

	.  reduce 37 (src line 353)


state 236
	funcname:  funcname1 ':' TAsserts.    (38)

	.  reduce 38 (src line 356)


state 237
	funcname:  funcname1 ':' TIs.    (39)

	.  reduce 39 (src line 359)


state 238
	funcname1:  funcname1 '.' TIdent.    (41)

	.  reduce 41 (src line 368)


state 239
	stat:  TLocal TFunction TIdent funcbody.    (19)

	.  reduce 19 (src line 271)


state 240
	stat:  TLocal typednamelist '=' exprlist.    (20)
	exprlist:  exprlist.',' expr 

	','  shift 74
	.  reduce 20 (src line 276)


state 241
	typednamelist:  typednamelist ',' typedname.    (239)

	.  reduce 239 (src line 1264)


state 242
	typeexpr:  typeexpr.'|' simpletypeexpr 
	typeexpr:  typeexpr.'&' simpletypeexpr 
	typedname:  TIdent ':' typeexpr.    (241)

	'|'  shift 248
	'&'  shift 249
	.  reduce 241 (src line 1272)


state 243
	stat:  TIdent TIdent '=' typeexpr.    (24)
	typeexpr:  typeexpr.'|' simpletypeexpr 
	typeexpr:  typeexpr.'&' simpletypeexpr 

	'|'  shift 248
	'&'  shift 249
	.  reduce 24 (src line 294)


state 244
	stat:  TIdent TIdent typeparams '='.typeexpr 

	TFalse  shift 189
	TNil  shift 187
	TTrue  shift 188
	TInterface  shift 196
	TReadonly  shift 197
	TAsserts  shift 198
	TTypeof  shift 199
	TKeyof  shift 200
	TFun  shift 195
	TIdent  shift 192
	TNumber  shift 191
	TString  shift 190
	'{'  shift 193
	'('  shift 194
	.  error

	typeexpr  goto 304
	simpletypeexpr  goto 185
	primarytypeexpr  goto 186

state 245
	stat:  TInterface TIdent interfaceextends interfacebody.TEnd 
	interfacebody:  interfacebody.interfacemethod 

	TEnd  shift 305
	TFunction  shift 307
	.  error

	interfacemethod  goto 306

state 246
	interfaceextends:  interfaceextends ','.TIdent 

	TIdent  shift 308
	.  error


state 247
	interfaceextends:  ':' TIdent.    (243)

	.  reduce 243 (src line 1280)


state 248
	typeexpr:  typeexpr '|'.simpletypeexpr 

	TFalse  shift 189
	TNil  shift 187
	TTrue  shift 188
	TInterface  shift 196
	TReadonly  shift 197
	TAsserts  shift 198
	TTypeof  shift 199
	TKeyof  shift 200
	TFun  shift 195
	TIdent  shift 192
	TNumber  shift 191
	TString  shift 190
	'{'  shift 193
	'('  shift 194
	.  error

	simpletypeexpr  goto 309
	primarytypeexpr  goto 186

state 249
	typeexpr:  typeexpr '&'.simpletypeexpr 

	TFalse  shift 189
	TNil  shift 187
	TTrue  shift 188
	TInterface  shift 196
	TReadonly  shift 197
	TAsserts  shift 198
	TTypeof  shift 199
	TKeyof  shift 200
	TFun  shift 195
	TIdent  shift 192
	TNumber  shift 191
	TString  shift 190
	'{'  shift 193
	'('  shift 194
	.  error

	simpletypeexpr  goto 310
	primarytypeexpr  goto 186

state 250
	typeexpr:  simpletypeexpr TExtends.simpletypeexpr TQuestion typeexpr ':' typeexpr 

	TFalse  shift 189
	TNil  shift 187
	TTrue  shift 188
	TInterface  shift 196
	TReadonly  shift 197
	TAsserts  shift 198
	TTypeof  shift 199
	TKeyof  shift 200
	TFun  shift 195
	TIdent  shift 192
	TNumber  shift 191
	TString  shift 190
	'{'  shift 193
	'('  shift 194
	.  error

	simpletypeexpr  goto 311
	primarytypeexpr  goto 186

state 251
	simpletypeexpr:  simpletypeexpr TQuestion.    (160)

	.  reduce 160 (src line 943)


252: shift/reduce conflict (shift 255(0), red'n 159(0)) on '@'
state 252
	simpletypeexpr:  primarytypeexpr annotations.    (159)
	annotations:  annotations.annotation 

	'@'  shift 255
	.  reduce 159 (src line 932)

	annotation  goto 312

state 253
	primarytypeexpr:  primarytypeexpr '['.']' 
	primarytypeexpr:  primarytypeexpr '['.typeexpr ']' 

	TFalse  shift 189
	TNil  shift 187
	TTrue  shift 188
	TInterface  shift 196
	TReadonly  shift 197
	TAsserts  shift 198
	TTypeof  shift 199
	TKeyof  shift 200
	TFun  shift 195
	TIdent  shift 192
	TNumber  shift 191
	TString  shift 190
	'{'  shift 193
	'('  shift 194
	']'  shift 313
	.  error

	typeexpr  goto 314
	simpletypeexpr  goto 185
	primarytypeexpr  goto 186

state 254
	annotations:  annotation.    (228)

	.  reduce 228 (src line 1221)


state 255
	annotation:  '@'.TIdent 
	annotation:  '@'.TIdent '(' ')' 
	annotation:  '@'.TIdent '(' exprlist ')' 

	TIdent  shift 315
	.  error


state 256
	primarytypeexpr:  TIdent '.'.TIdent 
	primarytypeexpr:  TIdent '.'.TIdent '<' typeexprlist closegt 

	TIdent  shift 316
	.  error


state 257
	primarytypeexpr:  TIdent '<'.typeexprlist closegt 

	TFalse  shift 189
	TNil  shift 187
	TTrue  shift 188
	TInterface  shift 196
	TReadonly  shift 197
	TAsserts  shift 198
	TTypeof  shift 199
	TKeyof  shift 200
	TFun  shift 195
	TIdent  shift 192
	TNumber  shift 191
	TString  shift 190
	'{'  shift 193
	'('  shift 194
	.  error

	typeexpr  goto 318
	simpletypeexpr  goto 185
	primarytypeexpr  goto 186
	typeexprlist  goto 317

state 258
	typeexpr:  typeexpr.'|' simpletypeexpr 
	typeexpr:  typeexpr.'&' simpletypeexpr 
	primarytypeexpr:  '{' typeexpr.'}' 

	'}'  shift 319
	'|'  shift 248
	'&'  shift 249
	.  error


state 259
	primarytypeexpr:  '{' '['.typeexpr ']' ':' typeexpr '}' 

	TFalse  shift 189
	TNil  shift 187
	TTrue  shift 188
	TInterface  shift 196
	TReadonly  shift 197
	TAsserts  shift 198
	TTypeof  shift 199
	TKeyof  shift 200
	TFun  shift 195
	TIdent  shift 192
	TNumber  shift 191
	TString  shift 190
	'{'  shift 193
	'('  shift 194
	.  error

	typeexpr  goto 320
	simpletypeexpr  goto 185
	primarytypeexpr  goto 186

state 260
	primarytypeexpr:  '{' typefieldlist.'}' 
	typefieldlist:  typefieldlist.',' typefield 
	typefieldlist:  typefieldlist.',' 

	'}'  shift 321
	','  shift 322
	.  error


state 261
	primarytypeexpr:  '{' '}'.    (199)

	.  reduce 199 (src line 1109)


state 262
	typefieldlist:  typefield.    (217)

	.  reduce 217 (src line 1184)


state 263
	primarytypeexpr:  TIdent.    (166)
	primarytypeexpr:  TIdent.'.' TIdent 
	primarytypeexpr:  TIdent.'<' typeexprlist closegt 
	primarytypeexpr:  TIdent.'.' TIdent '<' typeexprlist closegt 
	typefield:  TIdent.':' typeexpr 
	typefield:  TIdent.':' typeexpr annotations 
	typefield:  TIdent.TQuestionColon typeexpr 
	typefield:  TIdent.TQuestionColon typeexpr annotations 

	TQuestionColon  shift 324
	'<'  shift 257
	':'  shift 323
	'.'  shift 256
	.  reduce 166 (src line 969)


state 264
	typefield:  typefieldname.':' typeexpr 
	typefield:  typefieldname.':' typeexpr annotations 
	typefield:  typefieldname.TQuestionColon typeexpr 
	typefield:  typefieldname.TQuestionColon typeexpr annotations 

	TQuestionColon  shift 326
	':'  shift 325
	.  error


state 265
	typefieldname:  TInterface.    (140)
	primarytypeexpr:  TInterface.'{' typefieldlist '}' 
	primarytypeexpr:  TInterface.'{' '}' 

	'{'  shift 282
	.  reduce 140 (src line 854)


state 266
	typefieldname:  TReadonly.    (141)
	primarytypeexpr:  TReadonly.'{' typeexpr '}' 
	primarytypeexpr:  TReadonly.'{' '[' typeexpr ']' ':' typeexpr '}' 
	primarytypeexpr:  TReadonly.'{' typefieldlist '}' 

	'{'  shift 283
	.  reduce 141 (src line 857)


state 267
	typefieldname:  TAsserts.    (143)
	primarytypeexpr:  TAsserts.TIdent 
	primarytypeexpr:  TAsserts.TIdent TIs typeexpr 

	TIdent  shift 284
	.  reduce 143 (src line 863)


state 268
	typefieldname:  TTypeof.    (147)
	primarytypeexpr:  TTypeof.'(' expr ')' 

	'('  shift 285
	.  reduce 147 (src line 875)


state 269
	typefieldname:  TKeyof.    (145)
	primarytypeexpr:  TKeyof.'(' typeexpr ')' 

	'('  shift 286
	.  reduce 145 (src line 869)


state 270
	typefieldname:  TType.    (139)

	.  reduce 139 (src line 851)


state 271
	typefieldname:  TAs.    (142)

	.  reduce 142 (src line 860)


state 272
	typefieldname:  TIs.    (144)

	.  reduce 144 (src line 866)


state 273
	typefieldname:  TExtends.    (146)

	.  reduce 146 (src line 872)


state 274
	primarytypeexpr:  '(' funcparamlist.')' TArrow '(' typeexprlist2 ')' 
	primarytypeexpr:  '(' funcparamlist.')' TArrow '(' ')' 
	primarytypeexpr:  '(' funcparamlist.')' TArrow typeexpr 
	funcparamlist:  funcparamlist.',' funcparam 
	funcparamlist:  funcparamlist.',' T3Comma typeexpr 

	')'  shift 327
	','  shift 328
	.  error


state 275
	primarytypeexpr:  '(' ')'.TArrow '(' typeexprlist2 ')' 
	primarytypeexpr:  '(' ')'.TArrow typeexpr 
	primarytypeexpr:  '(' ')'.TArrow '(' ')' 

	TArrow  shift 329
	.  error


state 276
	primarytypeexpr:  '('.funcparamlist ')' TArrow '(' typeexprlist2 ')' 
	primarytypeexpr:  '('.funcparamlist ')' TArrow '(' ')' 
	primarytypeexpr:  '('.funcparamlist ')' TArrow typeexpr 
	primarytypeexpr:  '('.')' TArrow '(' typeexprlist2 ')' 
	primarytypeexpr:  '('.')' TArrow typeexpr 
	primarytypeexpr:  '('.')' TArrow '(' ')' 
	primarytypeexpr:  '('.'(' funcparamlist ')' TArrow typeexpr ')' 
	primarytypeexpr:  '(' '('.funcparamlist ')' TArrow typeexpr ')' 
	primarytypeexpr:  '('.'(' ')' TArrow typeexpr ')' 
	primarytypeexpr:  '(' '('.')' TArrow typeexpr ')' 
	primarytypeexpr:  '('.'(' funcparamlist ')' TArrow '(' typeexprlist2 ')' ')' 
	primarytypeexpr:  '(' '('.funcparamlist ')' TArrow '(' typeexprlist2 ')' ')' 
	primarytypeexpr:  '('.'(' funcparamlist ')' TArrow '(' ')' ')' 
	primarytypeexpr:  '(' '('.funcparamlist ')' TArrow '(' ')' ')' 
	primarytypeexpr:  '('.'(' ')' TArrow '(' typeexprlist2 ')' ')' 
	primarytypeexpr:  '(' '('.')' TArrow '(' typeexprlist2 ')' ')' 
	primarytypeexpr:  '('.'(' ')' TArrow '(' ')' ')' 
	primarytypeexpr:  '(' '('.')' TArrow '(' ')' ')' 

	TFalse  shift 189
	TNil  shift 187
	TTrue  shift 188
	TInterface  shift 196
	TReadonly  shift 197
	TAsserts  shift 198
	TTypeof  shift 199
	TKeyof  shift 200
	TFun  shift 195
	T3Comma  shift 278
	TIdent  shift 279
	TNumber  shift 191
	TString  shift 190
	'{'  shift 193
	'('  shift 276
	')'  shift 331
	.  error

	typeexpr  goto 280
	simpletypeexpr  goto 185
	primarytypeexpr  goto 186
	funcparam  goto 277
	funcparamlist  goto 330

state 277
	funcparamlist:  funcparam.    (213)

	.  reduce 213 (src line 1170)


state 278
	funcparamlist:  T3Comma.typeexpr 

	TFalse  shift 189
	TNil  shift 187
	TTrue  shift 188
	TInterface  shift 196
	TReadonly  shift 197
	TAsserts  shift 198
	TTypeof  shift 199
	TKeyof  shift 200
	TFun  shift 195
	TIdent  shift 192
	TNumber  shift 191
	TString  shift 190
	'{'  shift 193
	'('  shift 194
	.  error

	typeexpr  goto 332
	simpletypeexpr  goto 185
	primarytypeexpr  goto 186

state 279
	primarytypeexpr:  TIdent.    (166)
	primarytypeexpr:  TIdent.'.' TIdent 
	primarytypeexpr:  TIdent.'<' typeexprlist closegt 
	primarytypeexpr:  TIdent.'.' TIdent '<' typeexprlist closegt 
	funcparam:  TIdent.':' typeexpr 

	'<'  shift 257
	':'  shift 333
	'.'  shift 256
	.  reduce 166 (src line 969)


state 280
	typeexpr:  typeexpr.'|' simpletypeexpr 
	typeexpr:  typeexpr.'&' simpletypeexpr 
	funcparam:  typeexpr.    (212)

	'|'  shift 248
	'&'  shift 249
	.  reduce 212 (src line 1165)


state 281
	primarytypeexpr:  TFun '('.funcparamlist ')' ':' typeexpr 
	primarytypeexpr:  TFun '('.funcparamlist ')' ':' '(' typeexprlist2 ')' 
	primarytypeexpr:  TFun '('.')' ':' typeexpr 
	primarytypeexpr:  TFun '('.')' ':' '(' typeexprlist2 ')' 
	primarytypeexpr:  TFun '('.funcparamlist ')' ':' '(' ')' 
	primarytypeexpr:  TFun '('.')' ':' '(' ')' 
	primarytypeexpr:  TFun '('.funcparamlist ')' 
	primarytypeexpr:  TFun '('.')' 

	TFalse  shift 189
	TNil  shift 187
	TTrue  shift 188
	TInterface  shift 196
	TReadonly  shift 197
	TAsserts  shift 198
	TTypeof  shift 199
	TKeyof  shift 200
	TFun  shift 195
	T3Comma  shift 278
	TIdent  shift 279
	TNumber  shift 191
	TString  shift 190
	'{'  shift 193
	'('  shift 194
	')'  shift 335
	.  error

	typeexpr  goto 280
	simpletypeexpr  goto 185
	primarytypeexpr  goto 186
	funcparam  goto 277
	funcparamlist  goto 334

state 282
	primarytypeexpr:  TInterface '{'.typefieldlist '}' 
	primarytypeexpr:  TInterface '{'.'}' 

	TType  shift 270
	TInterface  shift 339
	TReadonly  shift 340
	TAs  shift 271
	TAsserts  shift 341
	TIs  shift 272
	TTypeof  shift 343
	TKeyof  shift 342
	TExtends  shift 273
	TIdent  shift 338
	'}'  shift 337
	.  error

	typefieldname  goto 264
	typefieldlist  goto 336
	typefield  goto 262

state 283
	primarytypeexpr:  TReadonly '{'.typeexpr '}' 
	primarytypeexpr:  TReadonly '{'.'[' typeexpr ']' ':' typeexpr '}' 
	primarytypeexpr:  TReadonly '{'.typefieldlist '}' 

	TFalse  shift 189
	TNil  shift 187
	TTrue  shift 188
	TType  shift 270
	TInterface  shift 265
	TReadonly  shift 266
	TAs  shift 271
	TAsserts  shift 267
	TIs  shift 272
	TTypeof  shift 268
	TKeyof  shift 269
	TExtends  shift 273
	TFun  shift 195
	TIdent  shift 263
	TNumber  shift 191
	TString  shift 190
	'{'  shift 193
	'('  shift 194
	'['  shift 345
	.  error

	typefieldname  goto 264
	typeexpr  goto 344
	simpletypeexpr  goto 185
	primarytypeexpr  goto 186
	typefieldlist  goto 346
	typefield  goto 262

state 284
	primarytypeexpr:  TAsserts TIdent.    (200)
	primarytypeexpr:  TAsserts TIdent.TIs typeexpr 

	TIs  shift 347
	.  reduce 200 (src line 1113)


state 285
	primarytypeexpr:  TTypeof '('.expr ')' 

	TFalse  shift 29
	TFunction  shift 41
	TNil  shift 28
	TNot  shift 38
	TTrue  shift 30
	T3Comma  shift 32
	TIdent  shift 45
	TNumber  shift 31
	TString  shift 43
	'{'  shift 44
	'('  shift 24
	'~'  shift 40
	'-'  shift 37
	'#'  shift 39
	.  error

	var  goto 42
	expr  goto 348
	string  goto 35
	prefixexp  goto 34
	functioncall  goto 23
	afunctioncall  goto 22
	function  goto 33
	tableconstructor  goto 36

state 286
	primarytypeexpr:  TKeyof '('.typeexpr ')' 

	TFalse  shift 189
	TNil  shift 187
	TTrue  shift 188
	TInterface  shift 196
	TReadonly  shift 197
	TAsserts  shift 198
	TTypeof  shift 199
	TKeyof  shift 200
	TFun  shift 195
	TIdent  shift 192
	TNumber  shift 191
	TString  shift 190
	'{'  shift 193
	'('  shift 194
	.  error

	typeexpr  goto 349
	simpletypeexpr  goto 185
	primarytypeexpr  goto 186

state 287
	funcbody:  '(' parlist ')'.returntypeannot block TEnd 
	returntypeannot: .    (150)

	':'  shift 289
	.  reduce 150 (src line 890)

	returntypeannot  goto 350

state 288
	funcbody:  '(' ')' returntypeannot.block TEnd 
	chunk1: .    (4)

	.  reduce 4 (src line 185)

	chunk  goto 56
	chunk1  goto 2
	block  goto 351

state 289
	returntypeannot:  ':'.typeexprlist 
	returntypeannot:  ':'.'(' ')' 
	returntypeannot:  ':'.'(' typeexpr ',' typeexprlist ')' 

	TFalse  shift 189
	TNil  shift 187
	TTrue  shift 188
	TInterface  shift 196
	TReadonly  shift 197
	TAsserts  shift 198
	TTypeof  shift 199
	TKeyof  shift 200
	TFun  shift 195
	TIdent  shift 192
	TNumber  shift 191
	TString  shift 190
	'{'  shift 193
	'('  shift 353
	.  error

	typeexpr  goto 318
	simpletypeexpr  goto 185
	primarytypeexpr  goto 186
	typeexprlist  goto 352

state 290
	parlist:  T3Comma ':'.typeexpr 

	TFalse  shift 189
	TNil  shift 187
	TTrue  shift 188
	TInterface  shift 196
	TReadonly  shift 197
	TAsserts  shift 198
	TTypeof  shift 199
	TKeyof  shift 200
	TFun  shift 195
	TIdent  shift 192
	TNumber  shift 191
	TString  shift 190
	'{'  shift 193
	'('  shift 194
	.  error

	typeexpr  goto 354
	simpletypeexpr  goto 185
	primarytypeexpr  goto 186

state 291
	parlist:  typednamelist ','.T3Comma 
	parlist:  typednamelist ','.T3Comma ':' typeexpr 
	typednamelist:  typednamelist ','.typedname 

	T3Comma  shift 355
	TIdent  shift 68
	.  error

	typedname  goto 241

state 292
	funcbody:  typeparams '(' parlist.')' returntypeannot block TEnd 

	')'  shift 356
	.  error


state 293
	funcbody:  typeparams '(' ')'.returntypeannot block TEnd 
	returntypeannot: .    (150)

	':'  shift 289
	.  reduce 150 (src line 890)

	returntypeannot  goto 357

state 294
	typeparams:  '<' typeparamlist '>'.    (233)

	.  reduce 233 (src line 1240)


state 295
	typeparamlist:  typeparamlist ','.typeparam 

	TIdent  shift 209
	.  error

	typeparam  goto 358

state 296
	typeparam:  TIdent ':'.typeexpr 

	TFalse  shift 189
	TNil  shift 187
	TTrue  shift 188
	TInterface  shift 196
	TReadonly  shift 197
	TAsserts  shift 198
	TTypeof  shift 199
	TKeyof  shift 200
	TFun  shift 195
	TIdent  shift 192
	TNumber  shift 191
	TString  shift 190
	'{'  shift 193
	'('  shift 194
	.  error

	typeexpr  goto 359
	simpletypeexpr  goto 185
	primarytypeexpr  goto 186

state 297
	fieldlist:  fieldlist fieldsep field.    (125)

	.  reduce 125 (src line 802)


state 298
	expr:  expr.TOr expr 
	expr:  expr.TAnd expr 
	expr:  expr.'>' expr 
	expr:  expr.'<' expr 
	expr:  expr.TGte expr 
	expr:  expr.TLte expr 
	expr:  expr.TEqeq expr 
	expr:  expr.TNeq expr 
	expr:  expr.T2Comma expr 
	expr:  expr.'+' expr 
	expr:  expr.'-' expr 
	expr:  expr.'*' expr 
	expr:  expr.'/' expr 
	expr:  expr.'%' expr 
	expr:  expr.'^' expr 
	expr:  expr.'&' expr 
	expr:  expr.'|' expr 
	expr:  expr.'~' expr 
	expr:  expr.TShl expr 
	expr:  expr.TShr expr 
	expr:  expr.TIdiv expr 
	expr:  expr.TAs typeexpr 
	expr:  expr.T2Colon typeexpr 
	expr:  expr.TBang 
	field:  fieldname '=' expr.    (127)

	TAnd  shift 76
	TOr  shift 75
	TAs  shift 96
	TEqeq  shift 81
	TNeq  shift 82
	TLte  shift 80
	TGte  shift 79
	T2Comma  shift 83
	T2Colon  shift 97
	TShl  shift 93
	TShr  shift 94
	TIdiv  shift 95
	TBang  shift 98
	'>'  shift 77
	'<'  shift 78
	'|'  shift 91
	'~'  shift 92
	'&'  shift 90
	'+'  shift 84
	'-'  shift 85
	'*'  shift 86
	'/'  shift 87
	'%'  shift 88
	'^'  shift 89
	.  reduce 127 (src line 810)


state 299
	field:  '[' expr ']'.'=' expr 

	'='  shift 360
	.  error


state 300
	stat:  TWhile expr TDo block TEnd.    (11)

	.  reduce 11 (src line 219)


state 301
	stat:  TIf expr TThen block elseifs.TEnd 
	stat:  TIf expr TThen block elseifs.TElse block TEnd 
	elseifs:  elseifs.TElseIf expr TThen block 

	TElse  shift 362
	TElseIf  shift 363
	TEnd  shift 361
	.  error


state 302
	stat:  TFor TIdent '=' expr ','.expr TDo block TEnd 
	stat:  TFor TIdent '=' expr ','.expr ',' expr TDo block TEnd 

	TFalse  shift 29
	TFunction  shift 41
	TNil  shift 28
	TNot  shift 38
	TTrue  shift 30
	T3Comma  shift 32
	TIdent  shift 45
	TNumber  shift 31
	TString  shift 43
	'{'  shift 44
	'('  shift 24
	'~'  shift 40
	'-'  shift 37
	'#'  shift 39
	.  error

	var  goto 42
	expr  goto 364
	string  goto 35
	prefixexp  goto 34
	functioncall  goto 23
	afunctioncall  goto 22
	function  goto 33
	tableconstructor  goto 36

state 303
	stat:  TFor namelist TIn exprlist TDo.block TEnd 
	chunk1: .    (4)

	.  reduce 4 (src line 185)

	chunk  goto 56
	chunk1  goto 2
	block  goto 365

state 304
	stat:  TIdent TIdent typeparams '=' typeexpr.    (25)
	typeexpr:  typeexpr.'|' simpletypeexpr 
	typeexpr:  typeexpr.'&' simpletypeexpr 

	'|'  shift 248
	'&'  shift 249
	.  reduce 25 (src line 301)


state 305
	stat:  TInterface TIdent interfaceextends interfacebody TEnd.    (26)

	.  reduce 26 (src line 308)


state 306
	interfacebody:  interfacebody interfacemethod.    (246)

	.  reduce 246 (src line 1291)


state 307
	interfacemethod:  TFunction.TIdent '(' ')' returntypeannot 
	interfacemethod:  TFunction.TIdent '(' typednamelist ')' returntypeannot 

	TIdent  shift 366
	.  error


state 308
	interfaceextends:  interfaceextends ',' TIdent.    (244)

	.  reduce 244 (src line 1283)


309: shift/reduce conflict (shift 251(0), red'n 155(4)) on TQuestion
state 309
	typeexpr:  typeexpr '|' simpletypeexpr.    (155)
	simpletypeexpr:  simpletypeexpr.TQuestion 

	TQuestion  shift 251
	.  reduce 155 (src line 907)


310: shift/reduce conflict (shift 251(0), red'n 156(6)) on TQuestion
state 310
	typeexpr:  typeexpr '&' simpletypeexpr.    (156)
	simpletypeexpr:  simpletypeexpr.TQuestion 

	TQuestion  shift 251
	.  reduce 156 (src line 915)


state 311
	typeexpr:  simpletypeexpr TExtends simpletypeexpr.TQuestion typeexpr ':' typeexpr 
	simpletypeexpr:  simpletypeexpr.TQuestion 

	TQuestion  shift 367
	.  error


state 312
	annotations:  annotations annotation.    (229)

	.  reduce 229 (src line 1224)


state 313
	primarytypeexpr:  primarytypeexpr '[' ']'.    (195)

	.  reduce 195 (src line 1091)


state 314
	typeexpr:  typeexpr.'|' simpletypeexpr 
	typeexpr:  typeexpr.'&' simpletypeexpr 
	primarytypeexpr:  primarytypeexpr '[' typeexpr.']' 

	'|'  shift 248
	'&'  shift 249
	']'  shift 368
	.  error


315: shift/reduce conflict (shift 369(0), red'n 230(0)) on '('
state 315
	annotation:  '@' TIdent.    (230)
	annotation:  '@' TIdent.'(' ')' 
	annotation:  '@' TIdent.'(' exprlist ')' 

	'('  shift 369
	.  reduce 230 (src line 1229)


316: shift/reduce conflict (shift 370(3), red'n 167(0)) on '<'
state 316
	primarytypeexpr:  TIdent '.' TIdent.    (167)
	primarytypeexpr:  TIdent '.' TIdent.'<' typeexprlist closegt 

	'<'  shift 370
	.  reduce 167 (src line 973)


state 317
	primarytypeexpr:  TIdent '<' typeexprlist.closegt 
	typeexprlist:  typeexprlist.',' typeexpr 

	TShr  shift 374
	'>'  shift 373
	','  shift 372
	.  error

	closegt  goto 371

state 318
	typeexpr:  typeexpr.'|' simpletypeexpr 
	typeexpr:  typeexpr.'&' simpletypeexpr 
	typeexprlist:  typeexpr.    (205)

	'|'  shift 248
	'&'  shift 249
	.  reduce 205 (src line 1135)


state 319
	primarytypeexpr:  '{' typeexpr '}'.    (170)

	.  reduce 170 (src line 991)


state 320
	typeexpr:  typeexpr.'|' simpletypeexpr 
	typeexpr:  typeexpr.'&' simpletypeexpr 
	primarytypeexpr:  '{' '[' typeexpr.']' ':' typeexpr '}' 

	'|'  shift 248
	'&'  shift 249
	']'  shift 375
	.  error


state 321
	primarytypeexpr:  '{' typefieldlist '}'.    (172)

	.  reduce 172 (src line 999)


state 322
	typefieldlist:  typefieldlist ','.typefield 
	typefieldlist:  typefieldlist ','.    (219)

	TType  shift 270
	TInterface  shift 339
	TReadonly  shift 340
	TAs  shift 271
	TAsserts  shift 341
	TIs  shift 272
	TTypeof  shift 343
	TKeyof  shift 342
	TExtends  shift 273
	TIdent  shift 338
	.  reduce 219 (src line 1190)

	typefieldname  goto 264
	typefield  goto 376

state 323
	typefield:  TIdent ':'.typeexpr 
	typefield:  TIdent ':'.typeexpr annotations 

	TFalse  shift 189
	TNil  shift 187
	TTrue  shift 188
	TInterface  shift 196
	TReadonly  shift 197
	TAsserts  shift 198
	TTypeof  shift 199
	TKeyof  shift 200
	TFun  shift 195
	TIdent  shift 192
	TNumber  shift 191
	TString  shift 190
	'{'  shift 193
	'('  shift 194
	.  error

	typeexpr  goto 377
	simpletypeexpr  goto 185
	primarytypeexpr  goto 186

state 324
	typefield:  TIdent TQuestionColon.typeexpr 
	typefield:  TIdent TQuestionColon.typeexpr annotations 

	TFalse  shift 189
	TNil  shift 187
	TTrue  shift 188
	TInterface  shift 196
	TReadonly  shift 197
	TAsserts  shift 198
	TTypeof  shift 199
	TKeyof  shift 200
	TFun  shift 195
	TIdent  shift 192
	TNumber  shift 191
	TString  shift 190
	'{'  shift 193
	'('  shift 194
	.  error

	typeexpr  goto 378
	simpletypeexpr  goto 185
	primarytypeexpr  goto 186

state 325
	typefield:  typefieldname ':'.typeexpr 
	typefield:  typefieldname ':'.typeexpr annotations 

	TFalse  shift 189
	TNil  shift 187
	TTrue  shift 188
	TInterface  shift 196
	TReadonly  shift 197
	TAsserts  shift 198
	TTypeof  shift 199
	TKeyof  shift 200
	TFun  shift 195
	TIdent  shift 192
	TNumber  shift 191
	TString  shift 190
	'{'  shift 193
	'('  shift 194
	.  error

	typeexpr  goto 379
	simpletypeexpr  goto 185
	primarytypeexpr  goto 186

state 326
	typefield:  typefieldname TQuestionColon.typeexpr 
	typefield:  typefieldname TQuestionColon.typeexpr annotations 

	TFalse  shift 189
	TNil  shift 187
	TTrue  shift 188
	TInterface  shift 196
	TReadonly  shift 197
	TAsserts  shift 198
	TTypeof  shift 199
	TKeyof  shift 200
	TFun  shift 195
	TIdent  shift 192
	TNumber  shift 191
	TString  shift 190
	'{'  shift 193
	'('  shift 194
	.  error

	typeexpr  goto 380
	simpletypeexpr  goto 185
	primarytypeexpr  goto 186

state 327
	primarytypeexpr:  '(' funcparamlist ')'.TArrow '(' typeexprlist2 ')' 
	primarytypeexpr:  '(' funcparamlist ')'.TArrow '(' ')' 
	primarytypeexpr:  '(' funcparamlist ')'.TArrow typeexpr 

	TArrow  shift 381
	.  error


state 328
	funcparamlist:  funcparamlist ','.funcparam 
	funcparamlist:  funcparamlist ','.T3Comma typeexpr 

	TFalse  shift 189
	TNil  shift 187
	TTrue  shift 188
	TInterface  shift 196
	TReadonly  shift 197
	TAsserts  shift 198
	TTypeof  shift 199
	TKeyof  shift 200
	TFun  shift 195
	T3Comma  shift 383
	TIdent  shift 279
	TNumber  shift 191
	TString  shift 190
	'{'  shift 193
	'('  shift 194
	.  error

	typeexpr  goto 280
	simpletypeexpr  goto 185
	primarytypeexpr  goto 186
	funcparam  goto 382

state 329
	primarytypeexpr:  '(' ')' TArrow.'(' typeexprlist2 ')' 
	primarytypeexpr:  '(' ')' TArrow.typeexpr 
	primarytypeexpr:  '(' ')' TArrow.'(' ')' 

	TFalse  shift 189
	TNil  shift 187
	TTrue  shift 188
	TInterface  shift 196
	TReadonly  shift 197
	TAsserts  shift 198
	TTypeof  shift 199
	TKeyof  shift 200
	TFun  shift 195
	TIdent  shift 192
	TNumber  shift 191
	TString  shift 190
	'{'  shift 193
	'('  shift 384
	.  error

	typeexpr  goto 385
	simpletypeexpr  goto 185
	primarytypeexpr  goto 186

state 330
	primarytypeexpr:  '(' funcparamlist.')' TArrow '(' typeexprlist2 ')' 
	primarytypeexpr:  '(' funcparamlist.')' TArrow '(' ')' 
	primarytypeexpr:  '(' funcparamlist.')' TArrow typeexpr 
	primarytypeexpr:  '(' '(' funcparamlist.')' TArrow typeexpr ')' 
	primarytypeexpr:  '(' '(' funcparamlist.')' TArrow '(' typeexprlist2 ')' ')' 
	primarytypeexpr:  '(' '(' funcparamlist.')' TArrow '(' ')' ')' 
	funcparamlist:  funcparamlist.',' funcparam 
	funcparamlist:  funcparamlist.',' T3Comma typeexpr 

	')'  shift 386
	','  shift 328
	.  error


state 331
	primarytypeexpr:  '(' ')'.TArrow '(' typeexprlist2 ')' 
	primarytypeexpr:  '(' ')'.TArrow typeexpr 
	primarytypeexpr:  '(' ')'.TArrow '(' ')' 
	primarytypeexpr:  '(' '(' ')'.TArrow typeexpr ')' 
	primarytypeexpr:  '(' '(' ')'.TArrow '(' typeexprlist2 ')' ')' 
	primarytypeexpr:  '(' '(' ')'.TArrow '(' ')' ')' 

	TArrow  shift 387
	.  error


state 332
	typeexpr:  typeexpr.'|' simpletypeexpr 
	typeexpr:  typeexpr.'&' simpletypeexpr 
	funcparamlist:  T3Comma typeexpr.    (215)

	'|'  shift 248
	'&'  shift 249
	.  reduce 215 (src line 1176)


state 333
	funcparam:  TIdent ':'.typeexpr 

	TFalse  shift 189
	TNil  shift 187
	TTrue  shift 188
	TInterface  shift 196
	TReadonly  shift 197
	TAsserts  shift 198
	TTypeof  shift 199
	TKeyof  shift 200
	TFun  shift 195
	TIdent  shift 192
	TNumber  shift 191
	TString  shift 190
	'{'  shift 193
	'('  shift 194
	.  error

	typeexpr  goto 388
	simpletypeexpr  goto 185
	primarytypeexpr  goto 186

state 334
	primarytypeexpr:  TFun '(' funcparamlist.')' ':' typeexpr 
	primarytypeexpr:  TFun '(' funcparamlist.')' ':' '(' typeexprlist2 ')' 
	primarytypeexpr:  TFun '(' funcparamlist.')' ':' '(' ')' 
	primarytypeexpr:  TFun '(' funcparamlist.')' 
	funcparamlist:  funcparamlist.',' funcparam 
	funcparamlist:  funcparamlist.',' T3Comma typeexpr 

	')'  shift 389
	','  shift 328
	.  error


335: shift/reduce conflict (shift 390(0), red'n 192(0)) on ':'
state 335
	primarytypeexpr:  TFun '(' ')'.':' typeexpr 
	primarytypeexpr:  TFun '(' ')'.':' '(' typeexprlist2 ')' 
	primarytypeexpr:  TFun '(' ')'.':' '(' ')' 
	primarytypeexpr:  TFun '(' ')'.    (192)

	':'  shift 390
	.  reduce 192 (src line 1079)


state 336
	primarytypeexpr:  TInterface '{' typefieldlist.'}' 
	typefieldlist:  typefieldlist.',' typefield 
	typefieldlist:  typefieldlist.',' 

	'}'  shift 391
	','  shift 322
	.  error


state 337
	primarytypeexpr:  TInterface '{' '}'.    (194)

	.  reduce 194 (src line 1087)


state 338
	typefield:  TIdent.':' typeexpr 
	typefield:  TIdent.':' typeexpr annotations 
	typefield:  TIdent.TQuestionColon typeexpr 
	typefield:  TIdent.TQuestionColon typeexpr annotations 

	TQuestionColon  shift 324
	':'  shift 323
	.  error


state 339
	typefieldname:  TInterface.    (140)

	.  reduce 140 (src line 854)


state 340
	typefieldname:  TReadonly.    (141)

	.  reduce 141 (src line 857)


state 341
	typefieldname:  TAsserts.    (143)

	.  reduce 143 (src line 863)


state 342
	typefieldname:  TKeyof.    (145)

	.  reduce 145 (src line 869)


state 343
	typefieldname:  TTypeof.    (147)

	.  reduce 147 (src line 875)


state 344
	typeexpr:  typeexpr.'|' simpletypeexpr 
	typeexpr:  typeexpr.'&' simpletypeexpr 
	primarytypeexpr:  TReadonly '{' typeexpr.'}' 

	'}'  shift 392
	'|'  shift 248
	'&'  shift 249
	.  error


state 345
	primarytypeexpr:  TReadonly '{' '['.typeexpr ']' ':' typeexpr '}' 

	TFalse  shift 189
	TNil  shift 187
	TTrue  shift 188
	TInterface  shift 196
	TReadonly  shift 197
	TAsserts  shift 198
	TTypeof  shift 199
	TKeyof  shift 200
	TFun  shift 195
	TIdent  shift 192
	TNumber  shift 191
	TString  shift 190
	'{'  shift 193
	'('  shift 194
	.  error

	typeexpr  goto 393
	simpletypeexpr  goto 185
	primarytypeexpr  goto 186

state 346
	primarytypeexpr:  TReadonly '{' typefieldlist.'}' 
	typefieldlist:  typefieldlist.',' typefield 
	typefieldlist:  typefieldlist.',' 

	'}'  shift 394
	','  shift 322
	.  error


state 347
	primarytypeexpr:  TAsserts TIdent TIs.typeexpr 

	TFalse  shift 189
	TNil  shift 187
	TTrue  shift 188
	TInterface  shift 196
	TReadonly  shift 197
	TAsserts  shift 198
	TTypeof  shift 199
	TKeyof  shift 200
	TFun  shift 195
	TIdent  shift 192
	TNumber  shift 191
	TString  shift 190
	'{'  shift 193
	'('  shift 194
	.  error

	typeexpr  goto 395
	simpletypeexpr  goto 185
	primarytypeexpr  goto 186

state 348
	expr:  expr.TOr expr 
	expr:  expr.TAnd expr 
	expr:  expr.'>' expr 
	expr:  expr.'<' expr 
	expr:  expr.TGte expr 
	expr:  expr.TLte expr 
	expr:  expr.TEqeq expr 
	expr:  expr.TNeq expr 
	expr:  expr.T2Comma expr 
	expr:  expr.'+' expr 
	expr:  expr.'-' expr 
	expr:  expr.'*' expr 
	expr:  expr.'/' expr 
	expr:  expr.'%' expr 
	expr:  expr.'^' expr 
	expr:  expr.'&' expr 
	expr:  expr.'|' expr 
	expr:  expr.'~' expr 
	expr:  expr.TShl expr 
	expr:  expr.TShr expr 
	expr:  expr.TIdiv expr 
	expr:  expr.TAs typeexpr 
	expr:  expr.T2Colon typeexpr 
	expr:  expr.TBang 
	primarytypeexpr:  TTypeof '(' expr.')' 

	TAnd  shift 76
	TOr  shift 75
	TAs  shift 96
	TEqeq  shift 81
	TNeq  shift 82
	TLte  shift 80
	TGte  shift 79
	T2Comma  shift 83
	T2Colon  shift 97
	')'  shift 396
	TShl  shift 93
	TShr  shift 94
	TIdiv  shift 95
	TBang  shift 98
	'>'  shift 77
	'<'  shift 78
	'|'  shift 91
	'~'  shift 92
	'&'  shift 90
	'+'  shift 84
	'-'  shift 85
	'*'  shift 86
	'/'  shift 87
	'%'  shift 88
	'^'  shift 89
	.  error


state 349
	typeexpr:  typeexpr.'|' simpletypeexpr 
	typeexpr:  typeexpr.'&' simpletypeexpr 
	primarytypeexpr:  TKeyof '(' typeexpr.')' 

	')'  shift 397
	'|'  shift 248
	'&'  shift 249
	.  error


state 350
	funcbody:  '(' parlist ')' returntypeannot.block TEnd 
	chunk1: .    (4)

	.  reduce 4 (src line 185)

	chunk  goto 56
	chunk1  goto 2
	block  goto 398

state 351
	funcbody:  '(' ')' returntypeannot block.TEnd 

	TEnd  shift 399
	.  error


state 352
	returntypeannot:  ':' typeexprlist.    (151)
	typeexprlist:  typeexprlist.',' typeexpr 

	','  shift 372
	.  reduce 151 (src line 893)


state 353
	returntypeannot:  ':' '('.')' 
	returntypeannot:  ':' '('.typeexpr ',' typeexprlist ')' 
	primarytypeexpr:  '('.funcparamlist ')' TArrow '(' typeexprlist2 ')' 
	primarytypeexpr:  '('.funcparamlist ')' TArrow '(' ')' 
	primarytypeexpr:  '('.funcparamlist ')' TArrow typeexpr 
	primarytypeexpr:  '('.')' TArrow '(' typeexprlist2 ')' 
	primarytypeexpr:  '('.')' TArrow typeexpr 
	primarytypeexpr:  '('.')' TArrow '(' ')' 
	primarytypeexpr:  '('.'(' funcparamlist ')' TArrow typeexpr ')' 
	primarytypeexpr:  '('.'(' ')' TArrow typeexpr ')' 
	primarytypeexpr:  '('.'(' funcparamlist ')' TArrow '(' typeexprlist2 ')' ')' 
	primarytypeexpr:  '('.'(' funcparamlist ')' TArrow '(' ')' ')' 
	primarytypeexpr:  '('.'(' ')' TArrow '(' typeexprlist2 ')' ')' 
	primarytypeexpr:  '('.'(' ')' TArrow '(' ')' ')' 

	TFalse  shift 189
	TNil  shift 187
	TTrue  shift 188
	TInterface  shift 196
	TReadonly  shift 197
	TAsserts  shift 198
	TTypeof  shift 199
	TKeyof  shift 200
	TFun  shift 195
	T3Comma  shift 278
	TIdent  shift 279
	TNumber  shift 191
	TString  shift 190
	'{'  shift 193
	'('  shift 276
	')'  shift 400
	.  error

	typeexpr  goto 401
	simpletypeexpr  goto 185
	primarytypeexpr  goto 186
	funcparam  goto 277
	funcparamlist  goto 274

state 354
	parlist:  T3Comma ':' typeexpr.    (118)
	typeexpr:  typeexpr.'|' simpletypeexpr 
	typeexpr:  typeexpr.'&' simpletypeexpr 

	'|'  shift 248
	'&'  shift 249
	.  reduce 118 (src line 768)


state 355
	parlist:  typednamelist ',' T3Comma.    (120)
	parlist:  typednamelist ',' T3Comma.':' typeexpr 

	':'  shift 402
	.  reduce 120 (src line 775)


state 356
	funcbody:  typeparams '(' parlist ')'.returntypeannot block TEnd 
	returntypeannot: .    (150)

	':'  shift 289
	.  reduce 150 (src line 890)

	returntypeannot  goto 403

state 357
	funcbody:  typeparams '(' ')' returntypeannot.block TEnd 
	chunk1: .    (4)

	.  reduce 4 (src line 185)

	chunk  goto 56
	chunk1  goto 2
	block  goto 404

state 358
	typeparamlist:  typeparamlist ',' typeparam.    (235)

	.  reduce 235 (src line 1248)


state 359
	typeexpr:  typeexpr.'|' simpletypeexpr 
	typeexpr:  typeexpr.'&' simpletypeexpr 
	typeparam:  TIdent ':' typeexpr.    (237)

	'|'  shift 248
	'&'  shift 249
	.  reduce 237 (src line 1256)


state 360
	field:  '[' expr ']' '='.expr 

	TFalse  shift 29
	TFunction  shift 41
	TNil  shift 28
	TNot  shift 38
	TTrue  shift 30
	T3Comma  shift 32
	TIdent  shift 45
	TNumber  shift 31
	TString  shift 43
	'{'  shift 44
	'('  shift 24
	'~'  shift 40
	'-'  shift 37
	'#'  shift 39
	.  error

	var  goto 42
	expr  goto 405
	string  goto 35
	prefixexp  goto 34
	functioncall  goto 23
	afunctioncall  goto 22
	function  goto 33
	tableconstructor  goto 36

state 361
	stat:  TIf expr TThen block elseifs TEnd.    (13)

	.  reduce 13 (src line 229)


state 362
	stat:  TIf expr TThen block elseifs TElse.block TEnd 
	chunk1: .    (4)

	.  reduce 4 (src line 185)

	chunk  goto 56
	chunk1  goto 2
	block  goto 406

state 363
	elseifs:  elseifs TElseIf.expr TThen block 

	TFalse  shift 29
	TFunction  shift 41
	TNil  shift 28
	TNot  shift 38
	TTrue  shift 30
	T3Comma  shift 32
	TIdent  shift 45
	TNumber  shift 31
	TString  shift 43
	'{'  shift 44
	'('  shift 24
	'~'  shift 40
	'-'  shift 37
	'#'  shift 39
	.  error

	var  goto 42
	expr  goto 407
	string  goto 35
	prefixexp  goto 34
	functioncall  goto 23
	afunctioncall  goto 22
	function  goto 33
	tableconstructor  goto 36

state 364
	stat:  TFor TIdent '=' expr ',' expr.TDo block TEnd 
	stat:  TFor TIdent '=' expr ',' expr.',' expr TDo block TEnd 
	expr:  expr.TOr expr 
	expr:  expr.TAnd expr 
	expr:  expr.'>' expr 
	expr:  expr.'<' expr 
	expr:  expr.TGte expr 
	expr:  expr.TLte expr 
	expr:  expr.TEqeq expr 
	expr:  expr.TNeq expr 
	expr:  expr.T2Comma expr 
	expr:  expr.'+' expr 
	expr:  expr.'-' expr 
	expr:  expr.'*' expr 
	expr:  expr.'/' expr 
	expr:  expr.'%' expr 
	expr:  expr.'^' expr 
	expr:  expr.'&' expr 
	expr:  expr.'|' expr 
	expr:  expr.'~' expr 
	expr:  expr.TShl expr 
	expr:  expr.TShr expr 
	expr:  expr.TIdiv expr 
	expr:  expr.TAs typeexpr 
	expr:  expr.T2Colon typeexpr 
	expr:  expr.TBang 

	TAnd  shift 76
	TDo  shift 408
	TOr  shift 75
	TAs  shift 96
	TEqeq  shift 81
	TNeq  shift 82
	TLte  shift 80
	TGte  shift 79
	T2Comma  shift 83
	T2Colon  shift 97
	TShl  shift 93
	TShr  shift 94
	TIdiv  shift 95
	TBang  shift 98
	'>'  shift 77
	'<'  shift 78
	'|'  shift 91
	'~'  shift 92
	'&'  shift 90
	'+'  shift 84
	'-'  shift 85
	'*'  shift 86
	'/'  shift 87
	'%'  shift 88
	'^'  shift 89
	','  shift 409
	.  error


state 365
	stat:  TFor namelist TIn exprlist TDo block.TEnd 

	TEnd  shift 410
	.  error


state 366
	interfacemethod:  TFunction TIdent.'(' ')' returntypeannot 
	interfacemethod:  TFunction TIdent.'(' typednamelist ')' returntypeannot 

	'('  shift 411
	.  error


state 367
	typeexpr:  simpletypeexpr TExtends simpletypeexpr TQuestion.typeexpr ':' typeexpr 
	simpletypeexpr:  simpletypeexpr TQuestion.    (160)

	TFalse  shift 189
	TNil  shift 187
	TTrue  shift 188
	TInterface  shift 196
	TReadonly  shift 197
	TAsserts  shift 198
	TTypeof  shift 199
	TKeyof  shift 200
	TFun  shift 195
	TIdent  shift 192
	TNumber  shift 191
	TString  shift 190
	'{'  shift 193
	'('  shift 194
	.  reduce 160 (src line 943)

	typeexpr  goto 412
	simpletypeexpr  goto 185
	primarytypeexpr  goto 186

state 368
	primarytypeexpr:  primarytypeexpr '[' typeexpr ']'.    (204)

	.  reduce 204 (src line 1129)


state 369
	annotation:  '@' TIdent '('.')' 
	annotation:  '@' TIdent '('.exprlist ')' 

	TFalse  shift 29
	TFunction  shift 41
	TNil  shift 28
	TNot  shift 38
	TTrue  shift 30
	T3Comma  shift 32
	TIdent  shift 45
	TNumber  shift 31
	TString  shift 43
	'{'  shift 44
	'('  shift 24
	')'  shift 413
	'~'  shift 40
	'-'  shift 37
	'#'  shift 39
	.  error

	var  goto 42
	exprlist  goto 414
	expr  goto 27
	string  goto 35
	prefixexp  goto 34
	functioncall  goto 23
	afunctioncall  goto 22
	function  goto 33
	tableconstructor  goto 36

state 370
	primarytypeexpr:  TIdent '.' TIdent '<'.typeexprlist closegt 

	TFalse  shift 189
	TNil  shift 187
	TTrue  shift 188
	TInterface  shift 196
	TReadonly  shift 197
	TAsserts  shift 198
	TTypeof  shift 199
	TKeyof  shift 200
	TFun  shift 195
	TIdent  shift 192
	TNumber  shift 191
	TString  shift 190
	'{'  shift 193
	'('  shift 194
	.  error

	typeexpr  goto 318
	simpletypeexpr  goto 185
	primarytypeexpr  goto 186
	typeexprlist  goto 415

state 371
	primarytypeexpr:  TIdent '<' typeexprlist closegt.    (168)

	.  reduce 168 (src line 977)


state 372
	typeexprlist:  typeexprlist ','.typeexpr 

	TFalse  shift 189
	TNil  shift 187
	TTrue  shift 188
	TInterface  shift 196
	TReadonly  shift 197
	TAsserts  shift 198
	TTypeof  shift 199
	TKeyof  shift 200
	TFun  shift 195
	TIdent  shift 192
	TNumber  shift 191
	TString  shift 190
	'{'  shift 193
	'('  shift 194
	.  error

	typeexpr  goto 416
	simpletypeexpr  goto 185
	primarytypeexpr  goto 186

state 373
	closegt:  '>'.    (209)

	.  reduce 209 (src line 1151)


state 374
	closegt:  TShr.    (210)

	.  reduce 210 (src line 1153)


state 375
	primarytypeexpr:  '{' '[' typeexpr ']'.':' typeexpr '}' 

	':'  shift 417
	.  error


state 376
	typefieldlist:  typefieldlist ',' typefield.    (218)

	.  reduce 218 (src line 1187)


state 377
	typeexpr:  typeexpr.'|' simpletypeexpr 
	typeexpr:  typeexpr.'&' simpletypeexpr 
	typefield:  TIdent ':' typeexpr.    (220)
	typefield:  TIdent ':' typeexpr.annotations 

	'|'  shift 248
	'&'  shift 249
	'@'  shift 255
	.  reduce 220 (src line 1195)

	annotation  goto 254
	annotations  goto 418

state 378
	typeexpr:  typeexpr.'|' simpletypeexpr 
	typeexpr:  typeexpr.'&' simpletypeexpr 
	typefield:  TIdent TQuestionColon typeexpr.    (222)
	typefield:  TIdent TQuestionColon typeexpr.annotations 

	'|'  shift 248
	'&'  shift 249
	'@'  shift 255
	.  reduce 222 (src line 1201)

	annotation  goto 254
	annotations  goto 419

state 379
	typeexpr:  typeexpr.'|' simpletypeexpr 
	typeexpr:  typeexpr.'&' simpletypeexpr 
	typefield:  typefieldname ':' typeexpr.    (224)
	typefield:  typefieldname ':' typeexpr.annotations 

	'|'  shift 248
	'&'  shift 249
	'@'  shift 255
	.  reduce 224 (src line 1207)

	annotation  goto 254
	annotations  goto 420

state 380
	typeexpr:  typeexpr.'|' simpletypeexpr 
	typeexpr:  typeexpr.'&' simpletypeexpr 
	typefield:  typefieldname TQuestionColon typeexpr.    (226)
	typefield:  typefieldname TQuestionColon typeexpr.annotations 

	'|'  shift 248
	'&'  shift 249
	'@'  shift 255
	.  reduce 226 (src line 1213)

	annotation  goto 254
	annotations  goto 421

state 381
	primarytypeexpr:  '(' funcparamlist ')' TArrow.'(' typeexprlist2 ')' 
	primarytypeexpr:  '(' funcparamlist ')' TArrow.'(' ')' 
	primarytypeexpr:  '(' funcparamlist ')' TArrow.typeexpr 

	TFalse  shift 189
	TNil  shift 187
	TTrue  shift 188
	TInterface  shift 196
	TReadonly  shift 197
	TAsserts  shift 198
	TTypeof  shift 199
	TKeyof  shift 200
	TFun  shift 195
	TIdent  shift 192
	TNumber  shift 191
	TString  shift 190
	'{'  shift 193
	'('  shift 422
	.  error

	typeexpr  goto 423
	simpletypeexpr  goto 185
	primarytypeexpr  goto 186

state 382
	funcparamlist:  funcparamlist ',' funcparam.    (214)

	.  reduce 214 (src line 1173)


state 383
	funcparamlist:  funcparamlist ',' T3Comma.typeexpr 

	TFalse  shift 189
	TNil  shift 187
	TTrue  shift 188
	TInterface  shift 196
	TReadonly  shift 197
	TAsserts  shift 198
	TTypeof  shift 199
	TKeyof  shift 200
	TFun  shift 195
	TIdent  shift 192
	TNumber  shift 191
	TString  shift 190
	'{'  shift 193
	'('  shift 194
	.  error

	typeexpr  goto 424
	simpletypeexpr  goto 185
	primarytypeexpr  goto 186

state 384
	primarytypeexpr:  '('.funcparamlist ')' TArrow '(' typeexprlist2 ')' 
	primarytypeexpr:  '('.funcparamlist ')' TArrow '(' ')' 
	primarytypeexpr:  '('.funcparamlist ')' TArrow typeexpr 
	primarytypeexpr:  '('.')' TArrow '(' typeexprlist2 ')' 
	primarytypeexpr:  '(' ')' TArrow '('.typeexprlist2 ')' 
	primarytypeexpr:  '('.')' TArrow typeexpr 
	primarytypeexpr:  '('.')' TArrow '(' ')' 
	primarytypeexpr:  '(' ')' TArrow '('.')' 
	primarytypeexpr:  '('.'(' funcparamlist ')' TArrow typeexpr ')' 
	primarytypeexpr:  '('.'(' ')' TArrow typeexpr ')' 
	primarytypeexpr:  '('.'(' funcparamlist ')' TArrow '(' typeexprlist2 ')' ')' 
	primarytypeexpr:  '('.'(' funcparamlist ')' TArrow '(' ')' ')' 
	primarytypeexpr:  '('.'(' ')' TArrow '(' typeexprlist2 ')' ')' 
	primarytypeexpr:  '('.'(' ')' TArrow '(' ')' ')' 

	TFalse  shift 189
	TNil  shift 187
	TTrue  shift 188
	TInterface  shift 196
	TReadonly  shift 197
	TAsserts  shift 198
	TTypeof  shift 199
	TKeyof  shift 200
	TFun  shift 195
	T3Comma  shift 278
	TIdent  shift 279
	TNumber  shift 191
	TString  shift 190
	'{'  shift 193
	'('  shift 276
	')'  shift 425
	.  error

	typeexpr  goto 427
	simpletypeexpr  goto 185
	primarytypeexpr  goto 186
	typeexprlist2  goto 426
	funcparam  goto 277
	funcparamlist  goto 274

385: shift/reduce conflict (shift 248(4), red'n 177(0)) on '|'
385: shift/reduce conflict (shift 249(6), red'n 177(0)) on '&'
state 385
	typeexpr:  typeexpr.'|' simpletypeexpr 
	typeexpr:  typeexpr.'&' simpletypeexpr 
	primarytypeexpr:  '(' ')' TArrow typeexpr.    (177)

	'|'  shift 248
	'&'  shift 249
	.  reduce 177 (src line 1019)


state 386
	primarytypeexpr:  '(' funcparamlist ')'.TArrow '(' typeexprlist2 ')' 
	primarytypeexpr:  '(' funcparamlist ')'.TArrow '(' ')' 
	primarytypeexpr:  '(' funcparamlist ')'.TArrow typeexpr 
	primarytypeexpr:  '(' '(' funcparamlist ')'.TArrow typeexpr ')' 
	primarytypeexpr:  '(' '(' funcparamlist ')'.TArrow '(' typeexprlist2 ')' ')' 
	primarytypeexpr:  '(' '(' funcparamlist ')'.TArrow '(' ')' ')' 

	TArrow  shift 428
	.  error


state 387
	primarytypeexpr:  '(' ')' TArrow.'(' typeexprlist2 ')' 
	primarytypeexpr:  '(' ')' TArrow.typeexpr 
	primarytypeexpr:  '(' ')' TArrow.'(' ')' 
	primarytypeexpr:  '(' '(' ')' TArrow.typeexpr ')' 
	primarytypeexpr:  '(' '(' ')' TArrow.'(' typeexprlist2 ')' ')' 
	primarytypeexpr:  '(' '(' ')' TArrow.'(' ')' ')' 

	TFalse  shift 189
	TNil  shift 187
	TTrue  shift 188
	TInterface  shift 196
	TReadonly  shift 197
	TAsserts  shift 198
	TTypeof  shift 199
	TKeyof  shift 200
	TFun  shift 195
	TIdent  shift 192
	TNumber  shift 191
	TString  shift 190
	'{'  shift 193
	'('  shift 429
	.  error

	typeexpr  goto 430
	simpletypeexpr  goto 185
	primarytypeexpr  goto 186

state 388
	typeexpr:  typeexpr.'|' simpletypeexpr 
	typeexpr:  typeexpr.'&' simpletypeexpr 
	funcparam:  TIdent ':' typeexpr.    (211)

	'|'  shift 248
	'&'  shift 249
	.  reduce 211 (src line 1162)


389: shift/reduce conflict (shift 431(0), red'n 191(0)) on ':'
state 389
	primarytypeexpr:  TFun '(' funcparamlist ')'.':' typeexpr 
	primarytypeexpr:  TFun '(' funcparamlist ')'.':' '(' typeexprlist2 ')' 
	primarytypeexpr:  TFun '(' funcparamlist ')'.':' '(' ')' 
	primarytypeexpr:  TFun '(' funcparamlist ')'.    (191)

	':'  shift 431
	.  reduce 191 (src line 1075)


state 390
	primarytypeexpr:  TFun '(' ')' ':'.typeexpr 
	primarytypeexpr:  TFun '(' ')' ':'.'(' typeexprlist2 ')' 
	primarytypeexpr:  TFun '(' ')' ':'.'(' ')' 

	TFalse  shift 189
	TNil  shift 187
	TTrue  shift 188
	TInterface  shift 196
	TReadonly  shift 197
	TAsserts  shift 198
	TTypeof  shift 199
	TKeyof  shift 200
	TFun  shift 195
	TIdent  shift 192
	TNumber  shift 191
	TString  shift 190
	'{'  shift 193
	'('  shift 433
	.  error

	typeexpr  goto 432
	simpletypeexpr  goto 185
	primarytypeexpr  goto 186

state 391
	primarytypeexpr:  TInterface '{' typefieldlist '}'.    (193)

	.  reduce 193 (src line 1083)


state 392
	primarytypeexpr:  TReadonly '{' typeexpr '}'.    (196)

	.  reduce 196 (src line 1095)


state 393
	typeexpr:  typeexpr.'|' simpletypeexpr 
	typeexpr:  typeexpr.'&' simpletypeexpr 
	primarytypeexpr:  TReadonly '{' '[' typeexpr.']' ':' typeexpr '}' 

	'|'  shift 248
	'&'  shift 249
	']'  shift 434
	.  error


state 394
	primarytypeexpr:  TReadonly '{' typefieldlist '}'.    (198)

	.  reduce 198 (src line 1105)


395: shift/reduce conflict (shift 248(4), red'n 201(0)) on '|'
395: shift/reduce conflict (shift 249(6), red'n 201(0)) on '&'
state 395
	typeexpr:  typeexpr.'|' simpletypeexpr 
	typeexpr:  typeexpr.'&' simpletypeexpr 
	primarytypeexpr:  TAsserts TIdent TIs typeexpr.    (201)

	'|'  shift 248
	'&'  shift 249
	.  reduce 201 (src line 1117)


state 396
	primarytypeexpr:  TTypeof '(' expr ')'.    (202)

	.  reduce 202 (src line 1121)


state 397
	primarytypeexpr:  TKeyof '(' typeexpr ')'.    (203)

	.  reduce 203 (src line 1125)


state 398
	funcbody:  '(' parlist ')' returntypeannot block.TEnd 

	TEnd  shift 435
	.  error


state 399
	funcbody:  '(' ')' returntypeannot block TEnd.    (114)

	.  reduce 114 (src line 748)


state 400
	returntypeannot:  ':' '(' ')'.    (152)
	primarytypeexpr:  '(' ')'.TArrow '(' typeexprlist2 ')' 
	primarytypeexpr:  '(' ')'.TArrow typeexpr 
	primarytypeexpr:  '(' ')'.TArrow '(' ')' 

	TArrow  shift 329
	.  reduce 152 (src line 896)


401: shift/reduce conflict (shift 436(0), red'n 212(0)) on ','
state 401
	returntypeannot:  ':' '(' typeexpr.',' typeexprlist ')' 
	typeexpr:  typeexpr.'|' simpletypeexpr 
	typeexpr:  typeexpr.'&' simpletypeexpr 
	funcparam:  typeexpr.    (212)

	'|'  shift 248
	'&'  shift 249
	','  shift 436
	.  reduce 212 (src line 1165)


state 402
	parlist:  typednamelist ',' T3Comma ':'.typeexpr 

	TFalse  shift 189
	TNil  shift 187
	TTrue  shift 188
	TInterface  shift 196
	TReadonly  shift 197
	TAsserts  shift 198
	TTypeof  shift 199
	TKeyof  shift 200
	TFun  shift 195
	TIdent  shift 192
	TNumber  shift 191
	TString  shift 190
	'{'  shift 193
	'('  shift 194
	.  error

	typeexpr  goto 437
	simpletypeexpr  goto 185
	primarytypeexpr  goto 186

state 403
	funcbody:  typeparams '(' parlist ')' returntypeannot.block TEnd 
	chunk1: .    (4)

	.  reduce 4 (src line 185)

	chunk  goto 56
	chunk1  goto 2
	block  goto 438

state 404
	funcbody:  typeparams '(' ')' returntypeannot block.TEnd 

	TEnd  shift 439
	.  error


state 405
	expr:  expr.TOr expr 
	expr:  expr.TAnd expr 
	expr:  expr.'>' expr 
	expr:  expr.'<' expr 
	expr:  expr.TGte expr 
	expr:  expr.TLte expr 
	expr:  expr.TEqeq expr 
	expr:  expr.TNeq expr 
	expr:  expr.T2Comma expr 
	expr:  expr.'+' expr 
	expr:  expr.'-' expr 
	expr:  expr.'*' expr 
	expr:  expr.'/' expr 
	expr:  expr.'%' expr 
	expr:  expr.'^' expr 
	expr:  expr.'&' expr 
	expr:  expr.'|' expr 
	expr:  expr.'~' expr 
	expr:  expr.TShl expr 
	expr:  expr.TShr expr 
	expr:  expr.TIdiv expr 
	expr:  expr.TAs typeexpr 
	expr:  expr.T2Colon typeexpr 
	expr:  expr.TBang 
	field:  '[' expr ']' '=' expr.    (128)

	TAnd  shift 76
	TOr  shift 75
	TAs  shift 96
	TEqeq  shift 81
	TNeq  shift 82
	TLte  shift 80
	TGte  shift 79
	T2Comma  shift 83
	T2Colon  shift 97
	TShl  shift 93
	TShr  shift 94
	TIdiv  shift 95
	TBang  shift 98
	'>'  shift 77
	'<'  shift 78
	'|'  shift 91
	'~'  shift 92
	'&'  shift 90
	'+'  shift 84
	'-'  shift 85
	'*'  shift 86
	'/'  shift 87
	'%'  shift 88
	'^'  shift 89
	.  reduce 128 (src line 813)


state 406
	stat:  TIf expr TThen block elseifs TElse block.TEnd 

	TEnd  shift 440
	.  error


state 407
	elseifs:  elseifs TElseIf expr.TThen block 
	expr:  expr.TOr expr 
	expr:  expr.TAnd expr 
	expr:  expr.'>' expr 
	expr:  expr.'<' expr 
	expr:  expr.TGte expr 
	expr:  expr.TLte expr 
	expr:  expr.TEqeq expr 
	expr:  expr.TNeq expr 
	expr:  expr.T2Comma expr 
	expr:  expr.'+' expr 
	expr:  expr.'-' expr 
	expr:  expr.'*' expr 
	expr:  expr.'/' expr 
	expr:  expr.'%' expr 
	expr:  expr.'^' expr 
	expr:  expr.'&' expr 
	expr:  expr.'|' expr 
	expr:  expr.'~' expr 
	expr:  expr.TShl expr 
	expr:  expr.TShr expr 
	expr:  expr.TIdiv expr 
	expr:  expr.TAs typeexpr 
	expr:  expr.T2Colon typeexpr 
	expr:  expr.TBang 

	TAnd  shift 76
	TOr  shift 75
	TThen  shift 441
	TAs  shift 96
	TEqeq  shift 81
	TNeq  shift 82
	TLte  shift 80
	TGte  shift 79
	T2Comma  shift 83
	T2Colon  shift 97
	TShl  shift 93
	TShr  shift 94
	TIdiv  shift 95
	TBang  shift 98
	'>'  shift 77
	'<'  shift 78
	'|'  shift 91
	'~'  shift 92
	'&'  shift 90
	'+'  shift 84
	'-'  shift 85
	'*'  shift 86
	'/'  shift 87
	'%'  shift 88
	'^'  shift 89
	.  error


state 408
	stat:  TFor TIdent '=' expr ',' expr TDo.block TEnd 
	chunk1: .    (4)

	.  reduce 4 (src line 185)

	chunk  goto 56
	chunk1  goto 2
	block  goto 442

state 409
	stat:  TFor TIdent '=' expr ',' expr ','.expr TDo block TEnd 

	TFalse  shift 29
	TFunction  shift 41
	TNil  shift 28
	TNot  shift 38
	TTrue  shift 30
	T3Comma  shift 32
	TIdent  shift 45
	TNumber  shift 31
	TString  shift 43
	'{'  shift 44
	'('  shift 24
	'~'  shift 40
	'-'  shift 37
	'#'  shift 39
	.  error

	var  goto 42
	expr  goto 443
	string  goto 35
	prefixexp  goto 34
	functioncall  goto 23
	afunctioncall  goto 22
	function  goto 33
	tableconstructor  goto 36

state 410
	stat:  TFor namelist TIn exprlist TDo block TEnd.    (17)

	.  reduce 17 (src line 260)


state 411
	interfacemethod:  TFunction TIdent '('.')' returntypeannot 
	interfacemethod:  TFunction TIdent '('.typednamelist ')' returntypeannot 

	TIdent  shift 68
	')'  shift 444
	.  error

	typednamelist  goto 445
	typedname  goto 67

state 412
	typeexpr:  typeexpr.'|' simpletypeexpr 
	typeexpr:  typeexpr.'&' simpletypeexpr 
	typeexpr:  simpletypeexpr TExtends simpletypeexpr TQuestion typeexpr.':' typeexpr 

	'|'  shift 248
	'&'  shift 249
	':'  shift 446
	.  error


state 413
	annotation:  '@' TIdent '(' ')'.    (231)

	.  reduce 231 (src line 1232)


state 414
	exprlist:  exprlist.',' expr 
	annotation:  '@' TIdent '(' exprlist.')' 

	')'  shift 447
	','  shift 74
	.  error


state 415
	primarytypeexpr:  TIdent '.' TIdent '<' typeexprlist.closegt 
	typeexprlist:  typeexprlist.',' typeexpr 

	TShr  shift 374
	'>'  shift 373
	','  shift 372
	.  error

	closegt  goto 448

state 416
	typeexpr:  typeexpr.'|' simpletypeexpr 
	typeexpr:  typeexpr.'&' simpletypeexpr 
	typeexprlist:  typeexprlist ',' typeexpr.    (206)

	'|'  shift 248
	'&'  shift 249
	.  reduce 206 (src line 1138)


state 417
	primarytypeexpr:  '{' '[' typeexpr ']' ':'.typeexpr '}' 

	TFalse  shift 189
	TNil  shift 187
	TTrue  shift 188
	TInterface  shift 196
	TReadonly  shift 197
	TAsserts  shift 198
	TTypeof  shift 199
	TKeyof  shift 200
	TFun  shift 195
	TIdent  shift 192
	TNumber  shift 191
	TString  shift 190
	'{'  shift 193
	'('  shift 194
	.  error

	typeexpr  goto 449
	simpletypeexpr  goto 185
	primarytypeexpr  goto 186

state 418
	typefield:  TIdent ':' typeexpr annotations.    (221)
	annotations:  annotations.annotation 

	'@'  shift 255
	.  reduce 221 (src line 1198)

	annotation  goto 312

state 419
	typefield:  TIdent TQuestionColon typeexpr annotations.    (223)
	annotations:  annotations.annotation 

	'@'  shift 255
	.  reduce 223 (src line 1204)

	annotation  goto 312

state 420
	typefield:  typefieldname ':' typeexpr annotations.    (225)
	annotations:  annotations.annotation 

	'@'  shift 255
	.  reduce 225 (src line 1210)

	annotation  goto 312

state 421
	typefield:  typefieldname TQuestionColon typeexpr annotations.    (227)
	annotations:  annotations.annotation 

	'@'  shift 255
	.  reduce 227 (src line 1216)

	annotation  goto 312

state 422
	primarytypeexpr:  '('.funcparamlist ')' TArrow '(' typeexprlist2 ')' 
	primarytypeexpr:  '(' funcparamlist ')' TArrow '('.typeexprlist2 ')' 
	primarytypeexpr:  '('.funcparamlist ')' TArrow '(' ')' 
	primarytypeexpr:  '(' funcparamlist ')' TArrow '('.')' 
	primarytypeexpr:  '('.funcparamlist ')' TArrow typeexpr 
	primarytypeexpr:  '('.')' TArrow '(' typeexprlist2 ')' 
	primarytypeexpr:  '('.')' TArrow typeexpr 
	primarytypeexpr:  '('.')' TArrow '(' ')' 
	primarytypeexpr:  '('.'(' funcparamlist ')' TArrow typeexpr ')' 
	primarytypeexpr:  '('.'(' ')' TArrow typeexpr ')' 
	primarytypeexpr:  '('.'(' funcparamlist ')' TArrow '(' typeexprlist2 ')' ')' 
	primarytypeexpr:  '('.'(' funcparamlist ')' TArrow '(' ')' ')' 
	primarytypeexpr:  '('.'(' ')' TArrow '(' typeexprlist2 ')' ')' 
	primarytypeexpr:  '('.'(' ')' TArrow '(' ')' ')' 

	TFalse  shift 189
	TNil  shift 187
	TTrue  shift 188
	TInterface  shift 196
	TReadonly  shift 197
	TAsserts  shift 198
	TTypeof  shift 199
	TKeyof  shift 200
	TFun  shift 195
	T3Comma  shift 278
	TIdent  shift 279
	TNumber  shift 191
	TString  shift 190
	'{'  shift 193
	'('  shift 276
	')'  shift 451
	.  error

	typeexpr  goto 427
	simpletypeexpr  goto 185
	primarytypeexpr  goto 186
	typeexprlist2  goto 450
	funcparam  goto 277
	funcparamlist  goto 274

423: shift/reduce conflict (shift 248(4), red'n 175(0)) on '|'
423: shift/reduce conflict (shift 249(6), red'n 175(0)) on '&'
state 423
	typeexpr:  typeexpr.'|' simpletypeexpr 
	typeexpr:  typeexpr.'&' simpletypeexpr 
	primarytypeexpr:  '(' funcparamlist ')' TArrow typeexpr.    (175)

	'|'  shift 248
	'&'  shift 249
	.  reduce 175 (src line 1011)


state 424
	typeexpr:  typeexpr.'|' simpletypeexpr 
	typeexpr:  typeexpr.'&' simpletypeexpr 
	funcparamlist:  funcparamlist ',' T3Comma typeexpr.    (216)

	'|'  shift 248
	'&'  shift 249
	.  reduce 216 (src line 1179)


state 425
	primarytypeexpr:  '(' ')'.TArrow '(' typeexprlist2 ')' 
	primarytypeexpr:  '(' ')'.TArrow typeexpr 
	primarytypeexpr:  '(' ')'.TArrow '(' ')' 
	primarytypeexpr:  '(' ')' TArrow '(' ')'.    (178)

	TArrow  shift 329
	.  reduce 178 (src line 1023)


state 426
	primarytypeexpr:  '(' ')' TArrow '(' typeexprlist2.')' 
	typeexprlist2:  typeexprlist2.',' typeexpr 

	')'  shift 452
	','  shift 453
	.  error


427: shift/reduce conflict (shift 454(0), red'n 212(0)) on ','
state 427
	typeexpr:  typeexpr.'|' simpletypeexpr 
	typeexpr:  typeexpr.'&' simpletypeexpr 
	typeexprlist2:  typeexpr.',' typeexpr 
	funcparam:  typeexpr.    (212)

	'|'  shift 248
	'&'  shift 249
	','  shift 454
	.  reduce 212 (src line 1165)


state 428
	primarytypeexpr:  '(' funcparamlist ')' TArrow.'(' typeexprlist2 ')' 
	primarytypeexpr:  '(' funcparamlist ')' TArrow.'(' ')' 
	primarytypeexpr:  '(' funcparamlist ')' TArrow.typeexpr 
	primarytypeexpr:  '(' '(' funcparamlist ')' TArrow.typeexpr ')' 
	primarytypeexpr:  '(' '(' funcparamlist ')' TArrow.'(' typeexprlist2 ')' ')' 
	primarytypeexpr:  '(' '(' funcparamlist ')' TArrow.'(' ')' ')' 

	TFalse  shift 189
	TNil  shift 187
	TTrue  shift 188
	TInterface  shift 196
	TReadonly  shift 197
	TAsserts  shift 198
	TTypeof  shift 199
	TKeyof  shift 200
	TFun  shift 195
	TIdent  shift 192
	TNumber  shift 191
	TString  shift 190
	'{'  shift 193
	'('  shift 455
	.  error

	typeexpr  goto 456
	simpletypeexpr  goto 185
	primarytypeexpr  goto 186

state 429
	primarytypeexpr:  '('.funcparamlist ')' TArrow '(' typeexprlist2 ')' 
	primarytypeexpr:  '('.funcparamlist ')' TArrow '(' ')' 
	primarytypeexpr:  '('.funcparamlist ')' TArrow typeexpr 
	primarytypeexpr:  '('.')' TArrow '(' typeexprlist2 ')' 
	primarytypeexpr:  '(' ')' TArrow '('.typeexprlist2 ')' 
	primarytypeexpr:  '('.')' TArrow typeexpr 
	primarytypeexpr:  '('.')' TArrow '(' ')' 
	primarytypeexpr:  '(' ')' TArrow '('.')' 
	primarytypeexpr:  '('.'(' funcparamlist ')' TArrow typeexpr ')' 
	primarytypeexpr:  '('.'(' ')' TArrow typeexpr ')' 
	primarytypeexpr:  '('.'(' funcparamlist ')' TArrow '(' typeexprlist2 ')' ')' 
	primarytypeexpr:  '('.'(' funcparamlist ')' TArrow '(' ')' ')' 
	primarytypeexpr:  '('.'(' ')' TArrow '(' typeexprlist2 ')' ')' 
	primarytypeexpr:  '(' '(' ')' TArrow '('.typeexprlist2 ')' ')' 
	primarytypeexpr:  '('.'(' ')' TArrow '(' ')' ')' 
	primarytypeexpr:  '(' '(' ')' TArrow '('.')' ')' 

	TFalse  shift 189
	TNil  shift 187
	TTrue  shift 188
	TInterface  shift 196
	TReadonly  shift 197
	TAsserts  shift 198
	TTypeof  shift 199
	TKeyof  shift 200
	TFun  shift 195
	T3Comma  shift 278
	TIdent  shift 279
	TNumber  shift 191
	TString  shift 190
	'{'  shift 193
	'('  shift 276
	')'  shift 457
	.  error

	typeexpr  goto 427
	simpletypeexpr  goto 185
	primarytypeexpr  goto 186
	typeexprlist2  goto 458
	funcparam  goto 277
	funcparamlist  goto 274

430: shift/reduce conflict (shift 459(0), red'n 177(0)) on ')'
430: shift/reduce conflict (shift 248(4), red'n 177(0)) on '|'
430: shift/reduce conflict (shift 249(6), red'n 177(0)) on '&'
state 430
	typeexpr:  typeexpr.'|' simpletypeexpr 
	typeexpr:  typeexpr.'&' simpletypeexpr 
	primarytypeexpr:  '(' ')' TArrow typeexpr.    (177)
	primarytypeexpr:  '(' '(' ')' TArrow typeexpr.')' 

	')'  shift 459
	'|'  shift 248
	'&'  shift 249
	.  reduce 177 (src line 1019)


state 431
	primarytypeexpr:  TFun '(' funcparamlist ')' ':'.typeexpr 
	primarytypeexpr:  TFun '(' funcparamlist ')' ':'.'(' typeexprlist2 ')' 
	primarytypeexpr:  TFun '(' funcparamlist ')' ':'.'(' ')' 

	TFalse  shift 189
	TNil  shift 187
	TTrue  shift 188
	TInterface  shift 196
	TReadonly  shift 197
	TAsserts  shift 198
	TTypeof  shift 199
	TKeyof  shift 200
	TFun  shift 195
	TIdent  shift 192
	TNumber  shift 191
	TString  shift 190
	'{'  shift 193
	'('  shift 461
	.  error

	typeexpr  goto 460
	simpletypeexpr  goto 185
	primarytypeexpr  goto 186

432: shift/reduce conflict (shift 248(4), red'n 187(0)) on '|'
432: shift/reduce conflict (shift 249(6), red'n 187(0)) on '&'
state 432
	typeexpr:  typeexpr.'|' simpletypeexpr 
	typeexpr:  typeexpr.'&' simpletypeexpr 
	primarytypeexpr:  TFun '(' ')' ':' typeexpr.    (187)

	'|'  shift 248
	'&'  shift 249
	.  reduce 187 (src line 1059)


state 433
	primarytypeexpr:  '('.funcparamlist ')' TArrow '(' typeexprlist2 ')' 
	primarytypeexpr:  '('.funcparamlist ')' TArrow '(' ')' 
	primarytypeexpr:  '('.funcparamlist ')' TArrow typeexpr 
	primarytypeexpr:  '('.')' TArrow '(' typeexprlist2 ')' 
	primarytypeexpr:  '('.')' TArrow typeexpr 
	primarytypeexpr:  '('.')' TArrow '(' ')' 
	primarytypeexpr:  '('.'(' funcparamlist ')' TArrow typeexpr ')' 
	primarytypeexpr:  '('.'(' ')' TArrow typeexpr ')' 
	primarytypeexpr:  '('.'(' funcparamlist ')' TArrow '(' typeexprlist2 ')' ')' 
	primarytypeexpr:  '('.'(' funcparamlist ')' TArrow '(' ')' ')' 
	primarytypeexpr:  '('.'(' ')' TArrow '(' typeexprlist2 ')' ')' 
	primarytypeexpr:  '('.'(' ')' TArrow '(' ')' ')' 
	primarytypeexpr:  TFun '(' ')' ':' '('.typeexprlist2 ')' 
	primarytypeexpr:  TFun '(' ')' ':' '('.')' 

	TFalse  shift 189
	TNil  shift 187
	TTrue  shift 188
	TInterface  shift 196
	TReadonly  shift 197
	TAsserts  shift 198
	TTypeof  shift 199
	TKeyof  shift 200
	TFun  shift 195
	T3Comma  shift 278
	TIdent  shift 279
	TNumber  shift 191
	TString  shift 190
	'{'  shift 193
	'('  shift 276
	')'  shift 462
	.  error

	typeexpr  goto 427
	simpletypeexpr  goto 185
	primarytypeexpr  goto 186
	typeexprlist2  goto 463
	funcparam  goto 277
	funcparamlist  goto 274

state 434
	primarytypeexpr:  TReadonly '{' '[' typeexpr ']'.':' typeexpr '}' 

	':'  shift 464
	.  error


state 435
	funcbody:  '(' parlist ')' returntypeannot block TEnd.    (113)

	.  reduce 113 (src line 743)


state 436
	returntypeannot:  ':' '(' typeexpr ','.typeexprlist ')' 

	TFalse  shift 189
	TNil  shift 187
	TTrue  shift 188
	TInterface  shift 196
	TReadonly  shift 197
	TAsserts  shift 198
	TTypeof  shift 199
	TKeyof  shift 200
	TFun  shift 195
	TIdent  shift 192
	TNumber  shift 191
	TString  shift 190
	'{'  shift 193
	'('  shift 194
	.  error

	typeexpr  goto 318
	simpletypeexpr  goto 185
	primarytypeexpr  goto 186
	typeexprlist  goto 465

state 437
	parlist:  typednamelist ',' T3Comma ':' typeexpr.    (121)
	typeexpr:  typeexpr.'|' simpletypeexpr 
	typeexpr:  typeexpr.'&' simpletypeexpr 

	'|'  shift 248
	'&'  shift 249
	.  reduce 121 (src line 779)


state 438
	funcbody:  typeparams '(' parlist ')' returntypeannot block.TEnd 

	TEnd  shift 466
	.  error


state 439
	funcbody:  typeparams '(' ')' returntypeannot block TEnd.    (116)

	.  reduce 116 (src line 758)


state 440
	stat:  TIf expr TThen block elseifs TElse block TEnd.    (14)

	.  reduce 14 (src line 239)


state 441
	elseifs:  elseifs TElseIf expr TThen.block 
	chunk1: .    (4)

	.  reduce 4 (src line 185)

	chunk  goto 56
	chunk1  goto 2
	block  goto 467

state 442
	stat:  TFor TIdent '=' expr ',' expr TDo block.TEnd 

	TEnd  shift 468
	.  error


state 443
	stat:  TFor TIdent '=' expr ',' expr ',' expr.TDo block TEnd 
	expr:  expr.TOr expr 
	expr:  expr.TAnd expr 
	expr:  expr.'>' expr 
	expr:  expr.'<' expr 
	expr:  expr.TGte expr 
	expr:  expr.TLte expr 
	expr:  expr.TEqeq expr 
	expr:  expr.TNeq expr 
	expr:  expr.T2Comma expr 
	expr:  expr.'+' expr 
	expr:  expr.'-' expr 
	expr:  expr.'*' expr 
	expr:  expr.'/' expr 
	expr:  expr.'%' expr 
	expr:  expr.'^' expr 
	expr:  expr.'&' expr 
	expr:  expr.'|' expr 
	expr:  expr.'~' expr 
	expr:  expr.TShl expr 
	expr:  expr.TShr expr 
	expr:  expr.TIdiv expr 
	expr:  expr.TAs typeexpr 
	expr:  expr.T2Colon typeexpr 
	expr:  expr.TBang 

	TAnd  shift 76
	TDo  shift 469
	TOr  shift 75
	TAs  shift 96
	TEqeq  shift 81
	TNeq  shift 82
	TLte  shift 80
	TGte  shift 79
	T2Comma  shift 83
	T2Colon  shift 97
	TShl  shift 93
	TShr  shift 94
	TIdiv  shift 95
	TBang  shift 98
	'>'  shift 77
	'<'  shift 78
	'|'  shift 91
	'~'  shift 92
	'&'  shift 90
	'+'  shift 84
	'-'  shift 85
	'*'  shift 86
	'/'  shift 87
	'%'  shift 88
	'^'  shift 89
	.  error


state 444
	interfacemethod:  TFunction TIdent '(' ')'.returntypeannot 
	returntypeannot: .    (150)

	':'  shift 289
	.  reduce 150 (src line 890)

	returntypeannot  goto 470

state 445
	typednamelist:  typednamelist.',' typedname 
	interfacemethod:  TFunction TIdent '(' typednamelist.')' returntypeannot 

	')'  shift 471
	','  shift 154
	.  error


state 446
	typeexpr:  simpletypeexpr TExtends simpletypeexpr TQuestion typeexpr ':'.typeexpr 

	TFalse  shift 189
	TNil  shift 187
	TTrue  shift 188
	TInterface  shift 196
	TReadonly  shift 197
	TAsserts  shift 198
	TTypeof  shift 199
	TKeyof  shift 200
	TFun  shift 195
	TIdent  shift 192
	TNumber  shift 191
	TString  shift 190
	'{'  shift 193
	'('  shift 194
	.  error

	typeexpr  goto 472
	simpletypeexpr  goto 185
	primarytypeexpr  goto 186

state 447
	annotation:  '@' TIdent '(' exprlist ')'.    (232)

	.  reduce 232 (src line 1235)


state 448
	primarytypeexpr:  TIdent '.' TIdent '<' typeexprlist closegt.    (169)

	.  reduce 169 (src line 984)


state 449
	typeexpr:  typeexpr.'|' simpletypeexpr 
	typeexpr:  typeexpr.'&' simpletypeexpr 
	primarytypeexpr:  '{' '[' typeexpr ']' ':' typeexpr.'}' 

	'}'  shift 473
	'|'  shift 248
	'&'  shift 249
	.  error


state 450
	primarytypeexpr:  '(' funcparamlist ')' TArrow '(' typeexprlist2.')' 
	typeexprlist2:  typeexprlist2.',' typeexpr 

	')'  shift 474
	','  shift 453
	.  error


state 451
	primarytypeexpr:  '(' funcparamlist ')' TArrow '(' ')'.    (174)
	primarytypeexpr:  '(' ')'.TArrow '(' typeexprlist2 ')' 
	primarytypeexpr:  '(' ')'.TArrow typeexpr 
	primarytypeexpr:  '(' ')'.TArrow '(' ')' 

	TArrow  shift 329
	.  reduce 174 (src line 1007)


state 452
	primarytypeexpr:  '(' ')' TArrow '(' typeexprlist2 ')'.    (176)

	.  reduce 176 (src line 1015)


state 453
	typeexprlist2:  typeexprlist2 ','.typeexpr 

	TFalse  shift 189
	TNil  shift 187
	TTrue  shift 188
	TInterface  shift 196
	TReadonly  shift 197
	TAsserts  shift 198
	TTypeof  shift 199
	TKeyof  shift 200
	TFun  shift 195
	TIdent  shift 192
	TNumber  shift 191
	TString  shift 190
	'{'  shift 193
	'('  shift 194
	.  error

	typeexpr  goto 475
	simpletypeexpr  goto 185
	primarytypeexpr  goto 186

state 454
	typeexprlist2:  typeexpr ','.typeexpr 

	TFalse  shift 189
	TNil  shift 187
	TTrue  shift 188
	TInterface  shift 196
	TReadonly  shift 197
	TAsserts  shift 198
	TTypeof  shift 199
	TKeyof  shift 200
	TFun  shift 195
	TIdent  shift 192
	TNumber  shift 191
	TString  shift 190
	'{'  shift 193
	'('  shift 194
	.  error

	typeexpr  goto 476
	simpletypeexpr  goto 185
	primarytypeexpr  goto 186

state 455
	primarytypeexpr:  '('.funcparamlist ')' TArrow '(' typeexprlist2 ')' 
	primarytypeexpr:  '(' funcparamlist ')' TArrow '('.typeexprlist2 ')' 
	primarytypeexpr:  '('.funcparamlist ')' TArrow '(' ')' 
	primarytypeexpr:  '(' funcparamlist ')' TArrow '('.')' 
	primarytypeexpr:  '('.funcparamlist ')' TArrow typeexpr 
	primarytypeexpr:  '('.')' TArrow '(' typeexprlist2 ')' 
	primarytypeexpr:  '('.')' TArrow typeexpr 
	primarytypeexpr:  '('.')' TArrow '(' ')' 
	primarytypeexpr:  '('.'(' funcparamlist ')' TArrow typeexpr ')' 
	primarytypeexpr:  '('.'(' ')' TArrow typeexpr ')' 
	primarytypeexpr:  '('.'(' funcparamlist ')' TArrow '(' typeexprlist2 ')' ')' 
	primarytypeexpr:  '(' '(' funcparamlist ')' TArrow '('.typeexprlist2 ')' ')' 
	primarytypeexpr:  '('.'(' funcparamlist ')' TArrow '(' ')' ')' 
	primarytypeexpr:  '(' '(' funcparamlist ')' TArrow '('.')' ')' 
	primarytypeexpr:  '('.'(' ')' TArrow '(' typeexprlist2 ')' ')' 
	primarytypeexpr:  '('.'(' ')' TArrow '(' ')' ')' 

	TFalse  shift 189
	TNil  shift 187
	TTrue  shift 188
	TInterface  shift 196
	TReadonly  shift 197
	TAsserts  shift 198
	TTypeof  shift 199
	TKeyof  shift 200
	TFun  shift 195
	T3Comma  shift 278
	TIdent  shift 279
	TNumber  shift 191
	TString  shift 190
	'{'  shift 193
	'('  shift 276
	')'  shift 478
	.  error

	typeexpr  goto 427
	simpletypeexpr  goto 185
	primarytypeexpr  goto 186
	typeexprlist2  goto 477
	funcparam  goto 277
	funcparamlist  goto 274

456: shift/reduce conflict (shift 479(0), red'n 175(0)) on ')'
456: shift/reduce conflict (shift 248(4), red'n 175(0)) on '|'
456: shift/reduce conflict (shift 249(6), red'n 175(0)) on '&'
state 456
	typeexpr:  typeexpr.'|' simpletypeexpr 
	typeexpr:  typeexpr.'&' simpletypeexpr 
	primarytypeexpr:  '(' funcparamlist ')' TArrow typeexpr.    (175)
	primarytypeexpr:  '(' '(' funcparamlist ')' TArrow typeexpr.')' 

	')'  shift 479
	'|'  shift 248
	'&'  shift 249
	.  reduce 175 (src line 1011)


457: shift/reduce conflict (shift 480(0), red'n 178(0)) on ')'
state 457
	primarytypeexpr:  '(' ')'.TArrow '(' typeexprlist2 ')' 
	primarytypeexpr:  '(' ')'.TArrow typeexpr 
	primarytypeexpr:  '(' ')'.TArrow '(' ')' 
	primarytypeexpr:  '(' ')' TArrow '(' ')'.    (178)
	primarytypeexpr:  '(' '(' ')' TArrow '(' ')'.')' 

	')'  shift 480
	TArrow  shift 329
	.  reduce 178 (src line 1023)


state 458
	primarytypeexpr:  '(' ')' TArrow '(' typeexprlist2.')' 
	primarytypeexpr:  '(' '(' ')' TArrow '(' typeexprlist2.')' ')' 
	typeexprlist2:  typeexprlist2.',' typeexpr 

	')'  shift 481
	','  shift 453
	.  error


state 459
	primarytypeexpr:  '(' '(' ')' TArrow typeexpr ')'.    (180)

	.  reduce 180 (src line 1031)


460: shift/reduce conflict (shift 248(4), red'n 185(0)) on '|'
460: shift/reduce conflict (shift 249(6), red'n 185(0)) on '&'
state 460
	typeexpr:  typeexpr.'|' simpletypeexpr 
	typeexpr:  typeexpr.'&' simpletypeexpr 
	primarytypeexpr:  TFun '(' funcparamlist ')' ':' typeexpr.    (185)

	'|'  shift 248
	'&'  shift 249
	.  reduce 185 (src line 1051)


state 461
	primarytypeexpr:  '('.funcparamlist ')' TArrow '(' typeexprlist2 ')' 
	primarytypeexpr:  '('.funcparamlist ')' TArrow '(' ')' 
	primarytypeexpr:  '('.funcparamlist ')' TArrow typeexpr 
	primarytypeexpr:  '('.')' TArrow '(' typeexprlist2 ')' 
	primarytypeexpr:  '('.')' TArrow typeexpr 
	primarytypeexpr:  '('.')' TArrow '(' ')' 
	primarytypeexpr:  '('.'(' funcparamlist ')' TArrow typeexpr ')' 
	primarytypeexpr:  '('.'(' ')' TArrow typeexpr ')' 
	primarytypeexpr:  '('.'(' funcparamlist ')' TArrow '(' typeexprlist2 ')' ')' 
	primarytypeexpr:  '('.'(' funcparamlist ')' TArrow '(' ')' ')' 
	primarytypeexpr:  '('.'(' ')' TArrow '(' typeexprlist2 ')' ')' 
	primarytypeexpr:  '('.'(' ')' TArrow '(' ')' ')' 
	primarytypeexpr:  TFun '(' funcparamlist ')' ':' '('.typeexprlist2 ')' 
	primarytypeexpr:  TFun '(' funcparamlist ')' ':' '('.')' 

	TFalse  shift 189
	TNil  shift 187
	TTrue  shift 188
	TInterface  shift 196
	TReadonly  shift 197
	TAsserts  shift 198
	TTypeof  shift 199
	TKeyof  shift 200
	TFun  shift 195
	T3Comma  shift 278
	TIdent  shift 279
	TNumber  shift 191
	TString  shift 190
	'{'  shift 193
	'('  shift 276
	')'  shift 482
	.  error

	typeexpr  goto 427
	simpletypeexpr  goto 185
	primarytypeexpr  goto 186
	typeexprlist2  goto 483
	funcparam  goto 277
	funcparamlist  goto 274

state 462
	primarytypeexpr:  '(' ')'.TArrow '(' typeexprlist2 ')' 
	primarytypeexpr:  '(' ')'.TArrow typeexpr 
	primarytypeexpr:  '(' ')'.TArrow '(' ')' 
	primarytypeexpr:  TFun '(' ')' ':' '(' ')'.    (190)

	TArrow  shift 329
	.  reduce 190 (src line 1071)


state 463
	primarytypeexpr:  TFun '(' ')' ':' '(' typeexprlist2.')' 
	typeexprlist2:  typeexprlist2.',' typeexpr 

	')'  shift 484
	','  shift 453
	.  error


state 464
	primarytypeexpr:  TReadonly '{' '[' typeexpr ']' ':'.typeexpr '}' 

	TFalse  shift 189
	TNil  shift 187
	TTrue  shift 188
	TInterface  shift 196
	TReadonly  shift 197
	TAsserts  shift 198
	TTypeof  shift 199
	TKeyof  shift 200
	TFun  shift 195
	TIdent  shift 192
	TNumber  shift 191
	TString  shift 190
	'{'  shift 193
	'('  shift 194
	.  error

	typeexpr  goto 485
	simpletypeexpr  goto 185
	primarytypeexpr  goto 186

state 465
	returntypeannot:  ':' '(' typeexpr ',' typeexprlist.')' 
	typeexprlist:  typeexprlist.',' typeexpr 

	')'  shift 486
	','  shift 372
	.  error


state 466
	funcbody:  typeparams '(' parlist ')' returntypeannot block TEnd.    (115)

	.  reduce 115 (src line 753)


state 467
	elseifs:  elseifs TElseIf expr TThen block.    (28)

	.  reduce 28 (src line 318)


state 468
	stat:  TFor TIdent '=' expr ',' expr TDo block TEnd.    (15)

	.  reduce 15 (src line 250)


state 469
	stat:  TFor TIdent '=' expr ',' expr ',' expr TDo.block TEnd 
	chunk1: .    (4)

	.  reduce 4 (src line 185)

	chunk  goto 56
	chunk1  goto 2
	block  goto 487

state 470
	interfacemethod:  TFunction TIdent '(' ')' returntypeannot.    (247)

	.  reduce 247 (src line 1296)


state 471
	interfacemethod:  TFunction TIdent '(' typednamelist ')'.returntypeannot 
	returntypeannot: .    (150)

	':'  shift 289
	.  reduce 150 (src line 890)

	returntypeannot  goto 488

472: shift/reduce conflict (shift 248(4), red'n 157(0)) on '|'
472: shift/reduce conflict (shift 249(6), red'n 157(0)) on '&'
state 472
	typeexpr:  typeexpr.'|' simpletypeexpr 
	typeexpr:  typeexpr.'&' simpletypeexpr 
	typeexpr:  simpletypeexpr TExtends simpletypeexpr TQuestion typeexpr ':' typeexpr.    (157)

	'|'  shift 248
	'&'  shift 249
	.  reduce 157 (src line 923)


state 473
	primarytypeexpr:  '{' '[' typeexpr ']' ':' typeexpr '}'.    (171)

	.  reduce 171 (src line 995)


state 474
	primarytypeexpr:  '(' funcparamlist ')' TArrow '(' typeexprlist2 ')'.    (173)

	.  reduce 173 (src line 1003)


state 475
	typeexpr:  typeexpr.'|' simpletypeexpr 
	typeexpr:  typeexpr.'&' simpletypeexpr 
	typeexprlist2:  typeexprlist2 ',' typeexpr.    (208)

	'|'  shift 248
	'&'  shift 249
	.  reduce 208 (src line 1146)


state 476
	typeexpr:  typeexpr.'|' simpletypeexpr 
	typeexpr:  typeexpr.'&' simpletypeexpr 
	typeexprlist2:  typeexpr ',' typeexpr.    (207)

	'|'  shift 248
	'&'  shift 249
	.  reduce 207 (src line 1143)


state 477
	primarytypeexpr:  '(' funcparamlist ')' TArrow '(' typeexprlist2.')' 
	primarytypeexpr:  '(' '(' funcparamlist ')' TArrow '(' typeexprlist2.')' ')' 
	typeexprlist2:  typeexprlist2.',' typeexpr 

	')'  shift 489
	','  shift 453
	.  error


478: shift/reduce conflict (shift 490(0), red'n 174(0)) on ')'
state 478
	primarytypeexpr:  '(' funcparamlist ')' TArrow '(' ')'.    (174)
	primarytypeexpr:  '(' ')'.TArrow '(' typeexprlist2 ')' 
	primarytypeexpr:  '(' ')'.TArrow typeexpr 
	primarytypeexpr:  '(' ')'.TArrow '(' ')' 
	primarytypeexpr:  '(' '(' funcparamlist ')' TArrow '(' ')'.')' 

	')'  shift 490
	TArrow  shift 329
	.  reduce 174 (src line 1007)


state 479
	primarytypeexpr:  '(' '(' funcparamlist ')' TArrow typeexpr ')'.    (179)

	.  reduce 179 (src line 1027)


state 480
	primarytypeexpr:  '(' '(' ')' TArrow '(' ')' ')'.    (184)

	.  reduce 184 (src line 1047)


481: shift/reduce conflict (shift 491(0), red'n 176(0)) on ')'
state 481
	primarytypeexpr:  '(' ')' TArrow '(' typeexprlist2 ')'.    (176)
	primarytypeexpr:  '(' '(' ')' TArrow '(' typeexprlist2 ')'.')' 

	')'  shift 491
	.  reduce 176 (src line 1015)


state 482
	primarytypeexpr:  '(' ')'.TArrow '(' typeexprlist2 ')' 
	primarytypeexpr:  '(' ')'.TArrow typeexpr 
	primarytypeexpr:  '(' ')'.TArrow '(' ')' 
	primarytypeexpr:  TFun '(' funcparamlist ')' ':' '(' ')'.    (189)

	TArrow  shift 329
	.  reduce 189 (src line 1067)


state 483
	primarytypeexpr:  TFun '(' funcparamlist ')' ':' '(' typeexprlist2.')' 
	typeexprlist2:  typeexprlist2.',' typeexpr 

	')'  shift 492
	','  shift 453
	.  error


state 484
	primarytypeexpr:  TFun '(' ')' ':' '(' typeexprlist2 ')'.    (188)

	.  reduce 188 (src line 1063)


state 485
	typeexpr:  typeexpr.'|' simpletypeexpr 
	typeexpr:  typeexpr.'&' simpletypeexpr 
	primarytypeexpr:  TReadonly '{' '[' typeexpr ']' ':' typeexpr.'}' 

	'}'  shift 493
	'|'  shift 248
	'&'  shift 249
	.  error


state 486
	returntypeannot:  ':' '(' typeexpr ',' typeexprlist ')'.    (153)

	.  reduce 153 (src line 899)


state 487
	stat:  TFor TIdent '=' expr ',' expr ',' expr TDo block.TEnd 

	TEnd  shift 494
	.  error


state 488
	interfacemethod:  TFunction TIdent '(' typednamelist ')' returntypeannot.    (248)

	.  reduce 248 (src line 1302)


489: shift/reduce conflict (shift 495(0), red'n 173(0)) on ')'
state 489
	primarytypeexpr:  '(' funcparamlist ')' TArrow '(' typeexprlist2 ')'.    (173)
	primarytypeexpr:  '(' '(' funcparamlist ')' TArrow '(' typeexprlist2 ')'.')' 

	')'  shift 495
	.  reduce 173 (src line 1003)


state 490
	primarytypeexpr:  '(' '(' funcparamlist ')' TArrow '(' ')' ')'.    (182)

	.  reduce 182 (src line 1039)


state 491
	primarytypeexpr:  '(' '(' ')' TArrow '(' typeexprlist2 ')' ')'.    (183)

	.  reduce 183 (src line 1043)


state 492
	primarytypeexpr:  TFun '(' funcparamlist ')' ':' '(' typeexprlist2 ')'.    (186)

	.  reduce 186 (src line 1055)


state 493
	primarytypeexpr:  TReadonly '{' '[' typeexpr ']' ':' typeexpr '}'.    (197)

	.  reduce 197 (src line 1100)


state 494
	stat:  TFor TIdent '=' expr ',' expr ',' expr TDo block TEnd.    (16)

	.  reduce 16 (src line 255)


state 495
	primarytypeexpr:  '(' '(' funcparamlist ')' TArrow '(' typeexprlist2 ')' ')'.    (181)

	.  reduce 181 (src line 1035)


78 terminals, 49 nonterminals
249 grammar rules, 496/16000 states
40 shift/reduce, 0 reduce/reduce conflicts reported
98 working sets used
memory: parser 810/240000
364 extra closures
2496 shift entries, 6 exceptions
225 goto entries
495 entries saved by goto default
Optimizer space used: output 1937/240000
1937 table entries, 607 zero
maximum spread: 78, maximum offset: 471
