package,file,symbol,kind,current_owner,final_owner,classification,semantic_id,schema,differential
analysis/check/body,advice_claim.go,RedundantClaimOccurrence,type,analysis/check/body,,unclassified,,,
analysis/check/body,advice_claim.go,Result.ForEachRedundantClaimOccurrence,method,analysis/check/body,,unclassified,,,
analysis/check/body,advice_guard.go,AlwaysTrueGuardOccurrence,type,analysis/check/body,,unclassified,,,
analysis/check/body,advice_guard.go,Result.ForEachAlwaysTrueGuardOccurrence,method,analysis/check/body,,unclassified,,,
analysis/check/body,advice_loop.go,InvariantLoopReadOccurrence,type,analysis/check/body,,unclassified,,,
analysis/check/body,advice_loop.go,LoopInfo,type,analysis/check/body,,unclassified,,,
analysis/check/body,advice_loop.go,Result.ForEachInvariantLoopReadOccurrence,method,analysis/check/body,,unclassified,,,
analysis/check/body,advice_loop.go,Result.InnermostLoopForPoint,method,analysis/check/body,,unclassified,,,
analysis/check/body,advice_loop.go,Result.PathInvalidatedInLoop,method,analysis/check/body,,unclassified,,,
analysis/check/body,advice_shape_polymorphic.go,Result.ForEachShapePolymorphicOccurrence,method,analysis/check/body,,unclassified,,,
analysis/check/body,advice_shape_polymorphic.go,ShapeConditionalFieldOccurrence,type,analysis/check/body,,unclassified,,,
analysis/check/body,advice_shape_polymorphic.go,ShapePolymorphicOccurrence,type,analysis/check/body,,unclassified,,,
analysis/check/body,advice_split_birth_discriminant.go,Result.ForEachSplitBirthDiscriminantOccurrence,method,analysis/check/body,,unclassified,,,
analysis/check/body,advice_split_birth_discriminant.go,SplitBirthDiscriminantOccurrence,type,analysis/check/body,,unclassified,,,
analysis/check/body,advice_split_birth_discriminant.go,SplitBirthPayloadWriteOccurrence,type,analysis/check/body,,unclassified,,,
analysis/check/body,api.go,CallOutcomeContext,type,analysis/check/body,,unclassified,,,
analysis/check/body,api.go,CallOutcomeFactory,type,analysis/check/body,,unclassified,,,
analysis/check/body,api.go,CalleeValueFunc,type,analysis/check/body,,unclassified,,,
analysis/check/body,api.go,CheckBoundChunk,func,analysis/check/body,,unclassified,,,
analysis/check/body,api.go,CheckBoundFunction,func,analysis/check/body,,unclassified,,,
analysis/check/body,api.go,CheckChunk,func,analysis/check/body,,unclassified,,,
analysis/check/body,api.go,CheckFunction,func,analysis/check/body,,unclassified,,,
analysis/check/body,api.go,Config,type,analysis/check/body,,unclassified,,,
analysis/check/body,api.go,DynamicReadFunc,type,analysis/check/body,,unclassified,,,
analysis/check/body,api.go,ErrRegistryRequired,var,analysis/check/body,,unclassified,,,
analysis/check/body,api.go,ErrRetainedResume,var,analysis/check/body,analysis/check/body,retained-lexical,lexical:retained-summary-session,go-lua.body.retained-session/v1,test:retained-resume-rejection
analysis/check/body,api.go,ErrStaticRequired,var,analysis/check/body,,unclassified,,,
analysis/check/body,api.go,ErrUnsupportedCFG,var,analysis/check/body,,unclassified,,,
analysis/check/body,api.go,InputDigest,func,analysis/check/body,,unclassified,,,
analysis/check/body,api.go,InputDigestContext,func,analysis/check/body,,unclassified,,,
analysis/check/body,api.go,ObservationStats,type,analysis/check/body,,unclassified,,,
analysis/check/body,api.go,PathValueFunc,type,analysis/check/body,,unclassified,,,
analysis/check/body,api.go,PrepareBoundChunk,func,analysis/check/body,,unclassified,,,
analysis/check/body,api.go,PrepareBoundFunction,func,analysis/check/body,,unclassified,,,
analysis/check/body,api.go,PrepareChunk,func,analysis/check/body,,unclassified,,,
analysis/check/body,api.go,PrepareFunction,func,analysis/check/body,,unclassified,,,
analysis/check/body,api.go,ReceiverCallableFunc,type,analysis/check/body,,unclassified,,,
analysis/check/body,api.go,Result,type,analysis/check/body,,unclassified,,,
analysis/check/body,api.go,ReturnPresenceRelationsForPathFunc,type,analysis/check/body,,unclassified,,,
analysis/check/body,api.go,SignatureArgumentTypeFactory,type,analysis/check/body,,unclassified,,,
analysis/check/body,api.go,SignatureArgumentTypeFunc,type,analysis/check/body,,unclassified,,,
analysis/check/body,api.go,SolveConfig,type,analysis/check/body,,unclassified,,,
analysis/check/body,api.go,SolvePrepared,func,analysis/check/body,,unclassified,,,
analysis/check/body,api.go,Static,type,analysis/check/body,,unclassified,,,
analysis/check/body,api.go,Static.Graph,method,analysis/check/body,,unclassified,,,
analysis/check/body,api.go,Static.HasCallSites,method,analysis/check/body,,unclassified,,,
analysis/check/body,api.go,Static.HasDynamicIndexWrites,method,analysis/check/body,,unclassified,,,
analysis/check/body,api.go,Static.IdentityDigest,method,analysis/check/body,,unclassified,,,
analysis/check/body,api.go,Static.IdentityDigestContext,method,analysis/check/body,,unclassified,,,
analysis/check/body,api.go,Static.KeySpace,method,analysis/check/body,,unclassified,,,
analysis/check/body,api.go,Static.OperationPlan,method,analysis/check/body,,unclassified,,,
analysis/check/body,api.go,Static.StableLexicalBodyID,method,analysis/check/body,,unclassified,,,
analysis/check/body,api.go,Stats,type,analysis/check/body,,unclassified,,,
analysis/check/body,assignment_call_invalidation.go,AssignmentCallInvalidation,type,analysis/check/body,,unclassified,,,
analysis/check/body,assignment_call_invalidation.go,Result.AssignmentCallInvalidations,method,analysis/check/body,,unclassified,,,
analysis/check/body,assignment_dynamic_read_origin.go,Result.AssignmentSourcePathMatchesDynamicTargetRead,method,analysis/check/body,,unclassified,,,
analysis/check/body,assignment_fact.go,LocalAssignmentFact,type,analysis/check/body,,unclassified,,,
analysis/check/body,assignment_fact.go,OrdinaryAssignmentFact,type,analysis/check/body,,unclassified,,,
analysis/check/body,assignment_nilable_access.go,NilableAccessEvidence,type,analysis/check/body,,unclassified,,,
analysis/check/body,assignment_nilable_access.go,Result.AssignmentNilableAccessEvidence,method,analysis/check/body,,unclassified,,,
analysis/check/body,assignment_presentation.go,AssignmentAttrKeyLabel,func,analysis/check/body,,unclassified,,,
analysis/check/body,assignment_presentation.go,AssignmentSourceLabel,func,analysis/check/body,,unclassified,,,
analysis/check/body,assignment_presentation.go,AssignmentTargetKey,func,analysis/check/body,,unclassified,,,
analysis/check/body,assignment_presentation.go,LocalAssignmentPresentation,type,analysis/check/body,,unclassified,,,
analysis/check/body,assignment_presentation.go,LocalAssignmentPresentationFor,func,analysis/check/body,,unclassified,,,
analysis/check/body,assignment_presentation.go,OrdinaryAssignmentPresentation,type,analysis/check/body,,unclassified,,,
analysis/check/body,assignment_presentation.go,OrdinaryAssignmentPresentationFor,func,analysis/check/body,,unclassified,,,
analysis/check/body,assignment_presentation.go,Result.AssignmentSourceIndexedReadAt,method,analysis/check/body,,unclassified,,,
analysis/check/body,assignment_presentation.go,Result.AssignmentSourcePathKey,method,analysis/check/body,,unclassified,,,
analysis/check/body,assignment_presentation.go,Result.AssignmentSourceReadProvenPresent,method,analysis/check/body,,unclassified,,,
analysis/check/body,assignment_presentation.go,Result.LocalAssignmentExpectedType,method,analysis/check/body,,unclassified,,,
analysis/check/body,assignment_presentation.go,Result.OrdinaryAssignmentTargetPathKey,method,analysis/check/body,,unclassified,,,
analysis/check/body,assignment_presentation.go,TypeAnnotationLabel,func,analysis/check/body,,unclassified,,,
analysis/check/body,assignment_replacement.go,Result.InferredReplacementAccepted,method,analysis/check/body,,unclassified,,,
analysis/check/body,assignment_replacement.go,Result.OrdinaryWritableTargetType,method,analysis/check/body,,unclassified,,,
analysis/check/body,assignment_source_contribution.go,AssignmentSourceContribution,type,analysis/check/body,,unclassified,,,
analysis/check/body,assignment_source_contribution.go,Result.AssignmentSourceContributions,method,analysis/check/body,,unclassified,,,
analysis/check/body,assignment_source_value.go,Result.ExplanationValueShouldReplaceAssignmentSource,method,analysis/check/body,,unclassified,,,
analysis/check/body,assignment_source_value.go,Result.LocalAssignmentGenericSourceValueMorePrecise,method,analysis/check/body,,unclassified,,,
analysis/check/body,assignment_source_value.go,Result.PreferredLocalAssignmentSourceValue,method,analysis/check/body,,unclassified,,,
analysis/check/body,boundary_address.go,Result.PathKeyAtBoundary,method,analysis/check/body,,unclassified,,,
analysis/check/body,boundary_address.go,Result.PathsEquivalentAtBoundary,method,analysis/check/body,,unclassified,,,
analysis/check/body,boundary_address.go,Result.StateKeyAtBoundary,method,analysis/check/body,,unclassified,,,
analysis/check/body,boundary_address.go,Result.TypestateResourceAtBoundary,method,analysis/check/body,,unclassified,,,
analysis/check/body,boundary_address.go,Result.TypestateResourceAtCallEntry,method,analysis/check/body,,unclassified,,,
analysis/check/body,boundary_address.go,Result.TypestateResourceKeyAtBoundary,method,analysis/check/body,,unclassified,,,
analysis/check/body,branch_algebra.go,Result.BranchAlgebra,method,analysis/check/body,,unclassified,,,
analysis/check/body,branch_condition_occurrence.go,BranchConditionOccurrence,type,analysis/check/body,,unclassified,,,
analysis/check/body,branch_condition_occurrence.go,Result.BranchConditionSpan,method,analysis/check/body,,unclassified,,,
analysis/check/body,branch_condition_occurrence.go,Result.ForEachUserVisibleBranchConditionOccurrence,method,analysis/check/body,,unclassified,,,
analysis/check/body,branch_path_usage.go,Result.IfBranchConsumesPath,method,analysis/check/body,,unclassified,,,
analysis/check/body,branch_path_usage.go,Result.IfBranchTerminates,method,analysis/check/body,,unclassified,,,
analysis/check/body,branch_site.go,BranchConditionFact,type,analysis/check/body,,unclassified,,,
analysis/check/body,branch_site.go,BranchIf,const,analysis/check/body,,unclassified,,,
analysis/check/body,branch_site.go,BranchKind,type,analysis/check/body,,unclassified,,,
analysis/check/body,branch_site.go,BranchRepeat,const,analysis/check/body,,unclassified,,,
analysis/check/body,branch_site.go,BranchWhile,const,analysis/check/body,,unclassified,,,
analysis/check/body,branch_truthy_proof.go,Result.DominatingBranchCheckForPath,method,analysis/check/body,,unclassified,,,
analysis/check/body,branch_truthy_proof.go,Result.DominatingBranchProvesLiteral,method,analysis/check/body,,unclassified,,,
analysis/check/body,branch_truthy_proof.go,Result.DominatingLiteralBranchForPath,method,analysis/check/body,,unclassified,,,
analysis/check/body,branch_truthy_proof.go,Result.DominatingTruthyBranchForPath,method,analysis/check/body,,unclassified,,,
analysis/check/body,branch_truthy_proof.go,Result.PathProvenTruthyByDominatingBranch,method,analysis/check/body,,unclassified,,,
analysis/check/body,call_argument_trust.go,InterfaceMismatch,type,analysis/check/body,,unclassified,,,
analysis/check/body,call_argument_trust.go,InterfaceMismatchKind,type,analysis/check/body,,unclassified,,,
analysis/check/body,call_argument_trust.go,InterfaceMismatchMethodType,const,analysis/check/body,,unclassified,,,
analysis/check/body,call_argument_trust.go,InterfaceMismatchMissingMethod,const,analysis/check/body,,unclassified,,,
analysis/check/body,call_argument_trust.go,Result.CallArgumentBoundaryCanRefine,method,analysis/check/body,,unclassified,,,
analysis/check/body,call_argument_trust.go,Result.CallArgumentBoundaryConcretizesTop,method,analysis/check/body,,unclassified,,,
analysis/check/body,call_argument_trust.go,Result.CallArgumentBoundaryNarrowsOnlyNilability,method,analysis/check/body,,unclassified,,,
analysis/check/body,call_argument_trust.go,Result.CallArgumentBoundaryRefinementAccepted,method,analysis/check/body,,unclassified,,,
analysis/check/body,call_argument_trust.go,Result.CallArgumentFunctionTypeAdmissible,method,analysis/check/body,,unclassified,,,
analysis/check/body,call_argument_trust.go,Result.CallArgumentFunctionTypeProvenMismatch,method,analysis/check/body,,unclassified,,,
analysis/check/body,call_argument_trust.go,Result.CallArgumentNilabilityOnlyRefinement,method,analysis/check/body,,unclassified,,,
analysis/check/body,call_argument_trust.go,Result.CallArgumentRuntimeValidationCanAdoptBoundary,method,analysis/check/body,,unclassified,,,
analysis/check/body,call_argument_trust.go,Result.CallArgumentSolvedTypeProvenMismatch,method,analysis/check/body,,unclassified,,,
analysis/check/body,call_argument_trust.go,Result.CallerOwnedParameterSource,method,analysis/check/body,,unclassified,,,
analysis/check/body,call_argument_trust.go,Result.ExplicitTopDeclaredPathType,method,analysis/check/body,,unclassified,,,
analysis/check/body,call_argument_trust.go,Result.PathHasPositiveRuntimeTypeGuard,method,analysis/check/body,,unclassified,,,
analysis/check/body,call_argument_trust.go,Result.PathHasRuntimeProof,method,analysis/check/body,,unclassified,,,
analysis/check/body,call_argument_trust.go,Result.PathHasRuntimeTypeGuard,method,analysis/check/body,,unclassified,,,
analysis/check/body,call_argument_trust.go,Result.RecordInterfaceMismatch,method,analysis/check/body,,unclassified,,,
analysis/check/body,call_argument_trust.go,Result.RootPathArgumentUsesBoundary,method,analysis/check/body,,unclassified,,,
analysis/check/body,call_argument_trust.go,Result.RootPathHasDominatingRuntimeValidationAssignment,method,analysis/check/body,,unclassified,,,
analysis/check/body,call_argument_trust.go,Result.RootPathHasTrustedDominatingAssignmentSource,method,analysis/check/body,,unclassified,,,
analysis/check/body,call_argument_trust.go,Result.RootPathHasTrustedEntryValue,method,analysis/check/body,,unclassified,,,
analysis/check/body,call_argument_trust.go,Result.RootPathHasTrustedGenericForVariable,method,analysis/check/body,,unclassified,,,
analysis/check/body,call_argument_trust.go,Result.RootPathHasTrustedNumericForVariable,method,analysis/check/body,,unclassified,,,
analysis/check/body,call_argument_trust.go,TypeMayBeNilMismatch,func,analysis/check/body,,unclassified,,,
analysis/check/body,call_contract.go,InstantiatedCallFunction,type,analysis/check/body,,unclassified,,,
analysis/check/body,call_contract.go,Result.InstantiateCallFunctionType,method,analysis/check/body,,unclassified,,,
analysis/check/body,call_invalidation.go,CallOutcomeHasExplicitGuardInvalidation,func,analysis/check/body,,unclassified,,,
analysis/check/body,call_invalidation.go,CallOutcomeHasGlobalGuardInvalidation,func,analysis/check/body,,unclassified,,,
analysis/check/body,call_invalidation.go,CallPathInvalidation,type,analysis/check/body,,unclassified,,,
analysis/check/body,call_invalidation.go,Result.CallMayInvalidateGuardFact,method,analysis/check/body,,unclassified,,,
analysis/check/body,call_invalidation.go,Result.CallMayInvalidateTrackedPath,method,analysis/check/body,,unclassified,,,
analysis/check/body,call_invalidation.go,Result.CallMayInvalidateTrackedPathBetween,method,analysis/check/body,,unclassified,,,
analysis/check/body,channel_lifecycle.go,ChannelLifecycleClose,const,analysis/check/body,,unclassified,,,
analysis/check/body,channel_lifecycle.go,ChannelLifecycleMisuseProof,type,analysis/check/body,,unclassified,,,
analysis/check/body,channel_lifecycle.go,ChannelLifecycleOperation,type,analysis/check/body,,unclassified,,,
analysis/check/body,channel_lifecycle.go,ChannelLifecycleSend,const,analysis/check/body,,unclassified,,,
analysis/check/body,channel_lifecycle.go,Result.ChannelLifecycleMisuseProofs,method,analysis/check/body,,unclassified,,,
analysis/check/body,channel_select_exhaustiveness.go,ChannelSelectExhaustivenessProof,type,analysis/check/body,,unclassified,,,
analysis/check/body,channel_select_exhaustiveness.go,Result.ChannelSelectExhaustivenessProofs,method,analysis/check/body,,unclassified,,,
analysis/check/body,closure_capture.go,ClosureCaptureFact,type,analysis/check/body,,unclassified,,,
analysis/check/body,closure_capture.go,ClosureCaptureFactSchemaVersion,const,analysis/check/body,,unclassified,,,
analysis/check/body,closure_capture.go,ClosureCapturePolicy,type,analysis/check/body,,unclassified,,,
analysis/check/body,closure_capture.go,ClosureCapturePolicy.String,method,analysis/check/body,,unclassified,,,
analysis/check/body,closure_capture.go,ClosureCapturePolicyFull,const,analysis/check/body,,unclassified,,,
analysis/check/body,closure_capture.go,ClosureCapturePolicyUnknown,const,analysis/check/body,,unclassified,,,
analysis/check/body,closure_capture.go,ClosureCapturePolicyWriteInvariant,const,analysis/check/body,,unclassified,,,
analysis/check/body,closure_capture.go,Result.ClosureCaptureFacts,method,analysis/check/body,,unclassified,,,
analysis/check/body,closure_capture.go,Result.ForEachClosureCaptureFact,method,analysis/check/body,,unclassified,,,
analysis/check/body,composition_eligibility.go,CompositionEligibility,type,analysis/check/body,,unclassified,,,
analysis/check/body,composition_eligibility.go,CompositionEligibility.Eligible,method,analysis/check/body,,unclassified,,,
analysis/check/body,composition_eligibility.go,CompositionEligibility.RejectionReasons,method,analysis/check/body,,unclassified,,,
analysis/check/body,composition_eligibility.go,CompositionStateCapabilities,func,analysis/check/body,,unclassified,,,
analysis/check/body,composition_eligibility.go,CompositionStateCapability,type,analysis/check/body,,unclassified,,,
analysis/check/body,composition_eligibility.go,Static.CompositionEligibility,method,analysis/check/body,,unclassified,,,
analysis/check/body,concat_operand.go,ConcatOperandOccurrence,type,analysis/check/body,,unclassified,,,
analysis/check/body,concat_operand.go,Result.ForEachConcatOperandOccurrence,method,analysis/check/body,,unclassified,,,
analysis/check/body,config.go,Config.SolveConfig,method,analysis/check/body,,unclassified,,,
analysis/check/body,config.go,Globals,func,analysis/check/body,,unclassified,,,
analysis/check/body,control_flow_queries.go,Result.ImmediateDominator,method,analysis/check/body,,unclassified,,,
analysis/check/body,control_flow_queries.go,Result.PointCanReach,method,analysis/check/body,,unclassified,,,
analysis/check/body,control_flow_queries.go,Result.PointDominates,method,analysis/check/body,,unclassified,,,
analysis/check/body,dead_assignment_proof.go,DeadAssignmentProof,type,analysis/check/body,,unclassified,,,
analysis/check/body,dead_assignment_proof.go,Result.DeadAssignmentProofs,method,analysis/check/body,,unclassified,,,
analysis/check/body,debug_map.go,DbgLocal,type,analysis/check/body,,unclassified,,,
analysis/check/body,debug_map.go,DebugAnchor,type,analysis/check/body,,unclassified,,,
analysis/check/body,debug_map.go,DebugMapEntry,type,analysis/check/body,,unclassified,,,
analysis/check/body,debug_map.go,Result.DebugMap,method,analysis/check/body,,unclassified,,,
analysis/check/body,declaration_fact.go,FunctionDefinitionFact,type,analysis/check/body,,unclassified,,,
analysis/check/body,declaration_fact.go,TypeDefinitionAlias,const,analysis/check/body,,unclassified,,,
analysis/check/body,declaration_fact.go,TypeDefinitionFact,type,analysis/check/body,,unclassified,,,
analysis/check/body,declaration_fact.go,TypeDefinitionInterface,const,analysis/check/body,,unclassified,,,
analysis/check/body,declaration_fact.go,TypeDefinitionKind,type,analysis/check/body,,unclassified,,,
analysis/check/body,decomposable_allocation.go,AllocationSiteFact,type,analysis/check/body,,unclassified,,,
analysis/check/body,decomposable_allocation.go,AllocationSiteFact.Licenses,method,analysis/check/body,,unclassified,,,
analysis/check/body,decomposable_allocation.go,AllocationSiteFactSchemaVersion,const,analysis/check/body,,unclassified,,,
analysis/check/body,decomposable_allocation.go,Result.AllocationSiteFacts,method,analysis/check/body,,unclassified,,,
analysis/check/body,decomposable_allocation.go,Result.ForEachAllocationSiteFact,method,analysis/check/body,,unclassified,,,
analysis/check/body,decomposable_allocation.go,Result.ForEachDecomposableAllocationSiteFact,method,analysis/check/body,,unclassified,,,
analysis/check/body,expression_projection.go,ExpressionLabel,func,analysis/check/body,,unclassified,,,
analysis/check/body,expression_projection.go,LiteralExpressionType,func,analysis/check/body,,unclassified,,,
analysis/check/body,expression_projection.go,Result.DeclaredExpressionTypeAt,method,analysis/check/body,,unclassified,,,
analysis/check/body,expression_projection.go,Result.DeclaredOrVariantOriginPathTypeAt,method,analysis/check/body,,unclassified,,,
analysis/check/body,expression_projection.go,Result.DeclaredPathType,method,analysis/check/body,,unclassified,,,
analysis/check/body,expression_projection.go,Result.DeclaredPathTypeAt,method,analysis/check/body,,unclassified,,,
analysis/check/body,expression_projection.go,Result.DiscriminantProvenMemberTypeBeforeBoundary,method,analysis/check/body,,unclassified,,,
analysis/check/body,expression_projection.go,Result.DominatingAliasDeclaredOrVariantOriginPathTypeAt,method,analysis/check/body,,unclassified,,,
analysis/check/body,expression_projection.go,Result.ExpressionTypeBeforeBoundary,method,analysis/check/body,,unclassified,,,
analysis/check/body,expression_projection.go,Result.OptionalExhaustivenessPathTypeAt,method,analysis/check/body,,unclassified,,,
analysis/check/body,expression_projection.go,Result.SymbolDeclaredType,method,analysis/check/body,,unclassified,,,
analysis/check/body,expression_projection.go,Result.SymbolHasTypeAnnotation,method,analysis/check/body,,unclassified,,,
analysis/check/body,expression_use.go,ExpressionUse,type,analysis/check/body,,unclassified,,,
analysis/check/body,expression_use.go,ExpressionUseBranchCondition,const,analysis/check/body,,unclassified,,,
analysis/check/body,expression_use.go,ExpressionUseCall,const,analysis/check/body,,unclassified,,,
analysis/check/body,expression_use.go,ExpressionUseLocalAssignmentSource,const,analysis/check/body,,unclassified,,,
analysis/check/body,expression_use.go,ExpressionUseOrdinaryAssignmentSource,const,analysis/check/body,,unclassified,,,
analysis/check/body,expression_use.go,ExpressionUseOrdinaryAssignmentTarget,const,analysis/check/body,,unclassified,,,
analysis/check/body,expression_use.go,ExpressionUseReturn,const,analysis/check/body,,unclassified,,,
analysis/check/body,expression_use.go,ExpressionUseRole,type,analysis/check/body,,unclassified,,,
analysis/check/body,expression_use.go,Result.ForEachReachableExpressionUse,method,analysis/check/body,,unclassified,,,
analysis/check/body,function_definition_query.go,Result.DominatingFunctionDefinitionForPath,method,analysis/check/body,,unclassified,,,
analysis/check/body,function_definition_query.go,Result.DominatingFunctionDefinitionForPathWithPoint,method,analysis/check/body,,unclassified,,,
analysis/check/body,function_type_spans.go,FunctionReturnTypeSpans,func,analysis/check/body,,unclassified,,,
analysis/check/body,function_value_types.go,FunctionValueContext,type,analysis/check/body,,unclassified,,,
analysis/check/body,function_value_types.go,FunctionValueTypes,type,analysis/check/body,,unclassified,,,
analysis/check/body,function_value_types.go,FunctionValueTypesEqual,func,analysis/check/body,,unclassified,,,
analysis/check/body,function_value_types.go,Result.CanonicalFunctionValueTypes,method,analysis/check/body,,unclassified,,,
analysis/check/body,function_value_types.go,Result.ExpressionMayBeFunctionBeforeBoundary,method,analysis/check/body,,unclassified,,,
analysis/check/body,function_value_types.go,Result.ExpressionProvenFunctionAtBoundary,method,analysis/check/body,,unclassified,,,
analysis/check/body,function_value_types.go,Result.FunctionParamTypeSpansForCalleePath,method,analysis/check/body,,unclassified,,,
analysis/check/body,function_value_types.go,Result.FunctionReturnTypeSpansForCalleePath,method,analysis/check/body,,unclassified,,,
analysis/check/body,function_value_types.go,Result.FunctionValueTypeAtBoundary,method,analysis/check/body,,unclassified,,,
analysis/check/body,function_value_types.go,Result.FunctionValueTypeForCallPointAtBoundary,method,analysis/check/body,,unclassified,,,
analysis/check/body,function_value_types.go,Result.FunctionValueTypeForCallSiteAtBoundary,method,analysis/check/body,,unclassified,,,
analysis/check/body,function_value_types.go,Result.FunctionValueTypeForCalleePath,method,analysis/check/body,,unclassified,,,
analysis/check/body,function_value_types.go,Result.FunctionValueTypeForPathValueAtBoundary,method,analysis/check/body,,unclassified,,,
analysis/check/body,function_value_types.go,Result.FunctionValueTypeForValue,method,analysis/check/body,,unclassified,,,
analysis/check/body,function_value_types.go,Result.FunctionValueTypeForValueAtBoundary,method,analysis/check/body,,unclassified,,,
analysis/check/body,function_value_types.go,Result.HasFunctionValueTypes,method,analysis/check/body,,unclassified,,,
analysis/check/body,function_value_types.go,SealFunctionValueTypes,func,analysis/check/body,,unclassified,,,
analysis/check/body,function_value_types.go,WithFunctionValueTypes,func,analysis/check/body,,unclassified,,,
analysis/check/body,function_value_types.go,WithOwnedFunctionValueTypes,func,analysis/check/body,,unclassified,,,
analysis/check/body,generic_for_fact.go,GenericForFact,type,analysis/check/body,,unclassified,,,
analysis/check/body,generic_for_fact.go,GenericForRole,type,analysis/check/body,,unclassified,,,
analysis/check/body,generic_for_fact.go,GenericForRoleCheck,const,analysis/check/body,,unclassified,,,
analysis/check/body,generic_for_fact.go,GenericForRoleVariable,const,analysis/check/body,,unclassified,,,
analysis/check/body,generic_for_fact.go,NoGenericForVariableIndex,const,analysis/check/body,,unclassified,,,
analysis/check/body,generic_for_transfer.go,genericForConcreteSemantics.ApplyGenericForMembership,method,analysis/check/body,,unclassified,,,
analysis/check/body,generic_for_transfer.go,genericForConcreteSemantics.ResolveGenericFor,method,analysis/check/body,,unclassified,,,
analysis/check/body,if_branch_chain.go,IfBranch,type,analysis/check/body,,unclassified,,,
analysis/check/body,if_branch_chain.go,IfBranchChain,type,analysis/check/body,,unclassified,,,
analysis/check/body,if_branch_chain.go,IfBranchChain.HasElseIf,method,analysis/check/body,,unclassified,,,
analysis/check/body,if_branch_chain.go,Result.IfBranchChains,method,analysis/check/body,,unclassified,,,
analysis/check/body,index_expression.go,Result.IndexReadSafeForExpressionAtBoundary,method,analysis/check/body,,unclassified,,,
analysis/check/body,index_expression.go,Result.NumericIndexExpressionTypeAtBoundary,method,analysis/check/body,,unclassified,,,
analysis/check/body,indexed_path_lookup.go,IndexedPathLookup,type,analysis/check/body,,unclassified,,,
analysis/check/body,indexed_path_lookup.go,Result.IndexedPathLookupsAt,method,analysis/check/body,,unclassified,,,
analysis/check/body,lifecycle_obligation.go,LifecycleObligationProof,type,analysis/check/body,,unclassified,,,
analysis/check/body,lifecycle_obligation.go,LifecycleSite,type,analysis/check/body,,unclassified,,,
analysis/check/body,lifecycle_obligation.go,LifecycleSiteAcquire,const,analysis/check/body,,unclassified,,,
analysis/check/body,lifecycle_obligation.go,LifecycleSiteEscape,const,analysis/check/body,,unclassified,,,
analysis/check/body,lifecycle_obligation.go,LifecycleSiteKind,type,analysis/check/body,,unclassified,,,
analysis/check/body,lifecycle_obligation.go,LifecycleSiteTransition,const,analysis/check/body,,unclassified,,,
analysis/check/body,lifecycle_obligation.go,Result.LifecycleObligationProofs,method,analysis/check/body,,unclassified,,,
analysis/check/body,lifecycle_obligation.go,Result.LifecycleSites,method,analysis/check/body,,unclassified,,,
analysis/check/body,member_read_nil_witness.go,Result.MemberReadCanMiss,method,analysis/check/body,,unclassified,,,
analysis/check/body,member_read_nil_witness.go,Result.MemberReadCanMissOrDeclaredNilable,method,analysis/check/body,,unclassified,,,
analysis/check/body,member_read_nil_witness.go,Result.WithMemberReadNilWitness,method,analysis/check/body,,unclassified,,,
analysis/check/body,member_read_presence_dominance.go,Result.DominatingRequiredMemberReadProvesPathPresent,method,analysis/check/body,,unclassified,,,
analysis/check/body,module_type_alias.go,requireAliasTypeResolver.ResolveTypeRef,method,analysis/check/body,,unclassified,,,
analysis/check/body,nilability_source.go,NilabilitySourceInfo,type,analysis/check/body,,unclassified,,,
analysis/check/body,nilability_source.go,Result.NilabilityAccessEvidenceFor,method,analysis/check/body,,unclassified,,,
analysis/check/body,nilability_source.go,Result.NilabilitySourceInfoFor,method,analysis/check/body,,unclassified,,,
analysis/check/body,non_nil_assertion.go,NonNilAssertionOccurrence,type,analysis/check/body,,unclassified,,,
analysis/check/body,non_nil_assertion.go,Result.ForEachNonNilAssertionOccurrence,method,analysis/check/body,,unclassified,,,
analysis/check/body,numeric_for_fact.go,NumericForFact,type,analysis/check/body,,unclassified,,,
analysis/check/body,numeric_for_fact.go,NumericForRole,type,analysis/check/body,,unclassified,,,
analysis/check/body,numeric_for_fact.go,NumericForRoleCheck,const,analysis/check/body,,unclassified,,,
analysis/check/body,numeric_for_fact.go,NumericForRoleInit,const,analysis/check/body,,unclassified,,,
analysis/check/body,numeric_for_operand.go,NumericForOperandOccurrence,type,analysis/check/body,,unclassified,,,
analysis/check/body,numeric_for_operand.go,Result.ForEachNumericForOperandOccurrence,method,analysis/check/body,,unclassified,,,
analysis/check/body,object_literal_assignment.go,ObjectLiteralEntryProof,type,analysis/check/body,,unclassified,,,
analysis/check/body,object_literal_assignment.go,ObjectLiteralMissingRequired,func,analysis/check/body,,unclassified,,,
analysis/check/body,object_literal_assignment.go,Result.ObjectLiteralEntryProofAt,method,analysis/check/body,,unclassified,,,
analysis/check/body,object_literal_assignment.go,Result.ObjectLiteralShapeTypeAt,method,analysis/check/body,,unclassified,,,
analysis/check/body,object_literal_keys.go,Result.ObjectLiteralStaticStringKeysAtSource,method,analysis/check/body,,unclassified,,,
analysis/check/body,observation_seal.go,ObservationPlan,type,analysis/check/body,,unclassified,,,
analysis/check/body,observation_seal.go,PublishedFacts,type,analysis/check/body,,unclassified,,,
analysis/check/body,observation_seal.go,Result.ObservationStats,method,analysis/check/body,,unclassified,,,
analysis/check/body,ordinary_assignment_target_type.go,OrdinaryAssignmentTargetType,type,analysis/check/body,,unclassified,,,
analysis/check/body,ordinary_assignment_target_type.go,Result.OrdinaryAssignmentTargetTypeAt,method,analysis/check/body,,unclassified,,,
analysis/check/body,path_display.go,Result.DisplayPath,method,analysis/check/body,,unclassified,,,
analysis/check/body,path_invalidation.go,Result.CallMayInvalidatePathPresence,method,analysis/check/body,,unclassified,,,
analysis/check/body,path_invalidation.go,Result.PathInvalidatedBetween,method,analysis/check/body,,unclassified,,,
analysis/check/body,path_invalidation.go,Result.PathPresenceInvalidatedBetween,method,analysis/check/body,,unclassified,,,
analysis/check/body,path_invalidation.go,Result.PathRefinementInvalidatedBetween,method,analysis/check/body,,unclassified,,,
analysis/check/body,proof_query.go,ProjectionWithoutNil,func,analysis/check/body,,unclassified,,,
analysis/check/body,proof_query.go,Result.FullVariantOriginType,method,analysis/check/body,,unclassified,,,
analysis/check/body,proof_query.go,Result.IsSubtype,method,analysis/check/body,,unclassified,,,
analysis/check/body,proof_query.go,Result.NarrowDeclaredByOrigin,method,analysis/check/body,,unclassified,,,
analysis/check/body,proof_query.go,Result.RefineDeclaredType,method,analysis/check/body,,unclassified,,,
analysis/check/body,proof_query.go,Result.RuntimeKindReducedType,method,analysis/check/body,,unclassified,,,
analysis/check/body,proof_query.go,Result.ValueAdmissible,method,analysis/check/body,,unclassified,,,
analysis/check/body,proof_query.go,Result.ValueHasExactIdentity,method,analysis/check/body,,unclassified,,,
analysis/check/body,proof_query.go,Result.ValueHasExplicitTopOrigin,method,analysis/check/body,,unclassified,,,
analysis/check/body,proof_query.go,Result.ValueHasLocalExclusiveExactIdentity,method,analysis/check/body,,unclassified,,,
analysis/check/body,proof_query.go,Result.ValueHasReadableConcreteWitness,method,analysis/check/body,,unclassified,,,
analysis/check/body,proof_query.go,Result.ValueHasRuntimeValidationProof,method,analysis/check/body,,unclassified,,,
analysis/check/body,proof_query.go,Result.ValueHasStackLocalExactIdentity,method,analysis/check/body,,unclassified,,,
analysis/check/body,proof_query.go,Result.ValueHasUntrustedTopOrigin,method,analysis/check/body,,unclassified,,,
analysis/check/body,proof_query.go,Result.ValueProofAdmissible,method,analysis/check/body,,unclassified,,,
analysis/check/body,proof_query.go,Result.ValueStructuralType,method,analysis/check/body,,unclassified,,,
analysis/check/body,proof_query.go,Result.ValueType,method,analysis/check/body,,unclassified,,,
analysis/check/body,proof_query.go,Result.ValueTypeWithPresence,method,analysis/check/body,,unclassified,,,
analysis/check/body,proof_query.go,Result.ValueWitnessProvenMismatch,method,analysis/check/body,,unclassified,,,
analysis/check/body,proof_query.go,Result.VariantOriginType,method,analysis/check/body,,unclassified,,,
analysis/check/body,read_boundary.go,Result.CallExprResultValue,method,analysis/check/body,,unclassified,,,
analysis/check/body,read_boundary.go,Result.CallOutcomeAt,method,analysis/check/body,,unclassified,,,
analysis/check/body,read_boundary.go,Result.DiffProvesIndexLELength,method,analysis/check/body,,unclassified,,,
analysis/check/body,read_boundary.go,Result.DistinctPathsShareExactIdentityAtBoundary,method,analysis/check/body,,unclassified,,,
analysis/check/body,read_boundary.go,Result.DominatingBranchRefinementValueForPath,method,analysis/check/body,,unclassified,,,
analysis/check/body,read_boundary.go,Result.ExpressionReadProvenPresentBeforeBoundary,method,analysis/check/body,,unclassified,,,
analysis/check/body,read_boundary.go,Result.ExpressionValueAtBoundary,method,analysis/check/body,,unclassified,,,
analysis/check/body,read_boundary.go,Result.ExpressionValueBeforeBoundary,method,analysis/check/body,,unclassified,,,
analysis/check/body,read_boundary.go,Result.IndexInRangeAtBoundary,method,analysis/check/body,,unclassified,,,
analysis/check/body,read_boundary.go,Result.IndexReadSafeAtBoundary,method,analysis/check/body,,unclassified,,,
analysis/check/body,read_boundary.go,Result.LengthFloorAtBoundary,method,analysis/check/body,,unclassified,,,
analysis/check/body,read_boundary.go,Result.LocalAssignmentSourceValueAtBoundary,method,analysis/check/body,,unclassified,,,
analysis/check/body,read_boundary.go,Result.LocalAssignmentSourceValueForExplanationAtBoundary,method,analysis/check/body,,unclassified,,,
analysis/check/body,read_boundary.go,Result.NumericCeilAtBoundary,method,analysis/check/body,,unclassified,,,
analysis/check/body,read_boundary.go,Result.NumericFloorAtBoundary,method,analysis/check/body,,unclassified,,,
analysis/check/body,read_boundary.go,Result.OrdinaryAssignmentSourceValueBeforeBoundary,method,analysis/check/body,,unclassified,,,
analysis/check/body,read_boundary.go,Result.OrdinaryAssignmentSourceValueForExplanationAtBoundary,method,analysis/check/body,,unclassified,,,
analysis/check/body,read_boundary.go,Result.PathLiteralTypeAtBoundary,method,analysis/check/body,,unclassified,,,
analysis/check/body,read_boundary.go,Result.PathProvenPresentBeforeBoundary,method,analysis/check/body,,unclassified,,,
analysis/check/body,read_boundary.go,Result.PathValueAtBoundary,method,analysis/check/body,,unclassified,,,
analysis/check/body,read_boundary.go,Result.PathValueBeforeBoundary,method,analysis/check/body,,unclassified,,,
analysis/check/body,read_boundary.go,Result.PathsAliasAtBoundary,method,analysis/check/body,,unclassified,,,
analysis/check/body,read_boundary.go,Result.PathsAliasWithSameSuffixAtBoundary,method,analysis/check/body,,unclassified,,,
analysis/check/body,read_boundary.go,Result.SourceHasNonNilAssertion,method,analysis/check/body,,unclassified,,,
analysis/check/body,read_boundary.go,Result.SourceHasRuntimeValidation,method,analysis/check/body,,unclassified,,,
analysis/check/body,read_boundary.go,Result.SourceReadProvenPresentBeforeBoundary,method,analysis/check/body,,unclassified,,,
analysis/check/body,read_boundary.go,Result.SourceValueAtBoundary,method,analysis/check/body,,unclassified,,,
analysis/check/body,read_boundary.go,Result.SourceValueBeforeBoundary,method,analysis/check/body,,unclassified,,,
analysis/check/body,read_boundary.go,Result.SourceValueForExplanationAtBoundary,method,analysis/check/body,,unclassified,,,
analysis/check/body,read_boundary.go,Result.StaticStringExprValueAtBoundary,method,analysis/check/body,,unclassified,,,
analysis/check/body,read_boundary.go,Result.SymbolValueAtBoundary,method,analysis/check/body,,unclassified,,,
analysis/check/body,read_boundary.go,Result.UninitializedLocalDeclarationValueAtBoundary,method,analysis/check/body,,unclassified,,,
analysis/check/body,read_boundary_state.go,Result.StateAtBoundary,method,analysis/check/body,,unclassified,,,
analysis/check/body,rebind.go,RebindBoundaryProviders,func,analysis/check/body,,unclassified,,,
analysis/check/body,rebind.go,RebindBoundaryProvidersExact,func,analysis/check/body,,unclassified,,,
analysis/check/body,registration_shape.go,CallArgumentInfo,type,analysis/check/body,,unclassified,,,
analysis/check/body,registration_shape.go,CallSiteMemberReceiverPath,func,analysis/check/body,,unclassified,,,
analysis/check/body,registration_shape.go,DispatchCallShape,type,analysis/check/body,,unclassified,,,
analysis/check/body,registration_shape.go,LoweredAssignmentWrite,type,analysis/check/body,,unclassified,,,
analysis/check/body,registration_shape.go,LoweredAssignmentWrite.StaticStringTarget,method,analysis/check/body,,unclassified,,,
analysis/check/body,registration_shape.go,RegistryKeyCallShape,type,analysis/check/body,,unclassified,,,
analysis/check/body,registration_shape.go,Result.AssignmentSourceMayBeFunctionBeforeBoundary,method,analysis/check/body,,unclassified,,,
analysis/check/body,registration_shape.go,Result.AssignmentSourceProvenFunctionAtBoundary,method,analysis/check/body,,unclassified,,,
analysis/check/body,registration_shape.go,Result.CallArgumentInfos,method,analysis/check/body,,unclassified,,,
analysis/check/body,registration_shape.go,Result.DispatchCallShape,method,analysis/check/body,,unclassified,,,
analysis/check/body,registration_shape.go,Result.LoweredAssignmentWrite,method,analysis/check/body,,unclassified,,,
analysis/check/body,registration_shape.go,Result.RegistryKeyCallShape,method,analysis/check/body,,unclassified,,,
analysis/check/body,registration_shape.go,Result.StaticStringValueSourceAtBoundary,method,analysis/check/body,,unclassified,,,
analysis/check/body,registration_shape.go,StaticStringAssignmentTarget,type,analysis/check/body,,unclassified,,,
analysis/check/body,reportable_function_results.go,Result.ReportableFunctionResults,method,analysis/check/body,,unclassified,,,
analysis/check/body,result_accessors.go,Result.BinderDeclaration,method,analysis/check/body,,unclassified,,,
analysis/check/body,result_accessors.go,Result.BinderOccurrences,method,analysis/check/body,,unclassified,,,
analysis/check/body,result_accessors.go,Result.BranchCondition,method,analysis/check/body,,unclassified,,,
analysis/check/body,result_accessors.go,Result.BranchConditionCheck,method,analysis/check/body,,unclassified,,,
analysis/check/body,result_accessors.go,Result.BranchPathEvidence,method,analysis/check/body,,unclassified,,,
analysis/check/body,result_accessors.go,Result.BranchPathRelations,method,analysis/check/body,,unclassified,,,
analysis/check/body,result_accessors.go,Result.BranchSufficientLiteralCases,method,analysis/check/body,,unclassified,,,
analysis/check/body,result_accessors.go,Result.CallCalleeValueAtBoundary,method,analysis/check/body,,unclassified,,,
analysis/check/body,result_accessors.go,Result.CallPointForExpr,method,analysis/check/body,,unclassified,,,
analysis/check/body,result_accessors.go,Result.CallSignatureAtPoint,method,analysis/check/body,,unclassified,,,
analysis/check/body,result_accessors.go,Result.CallSignatureNameAtPoint,method,analysis/check/body,,unclassified,,,
analysis/check/body,result_accessors.go,Result.CallSignatureTypeAtPoint,method,analysis/check/body,,unclassified,,,
analysis/check/body,result_accessors.go,Result.CallSite,method,analysis/check/body,,unclassified,,,
analysis/check/body,result_accessors.go,Result.CallSiteView,method,analysis/check/body,,unclassified,,,
analysis/check/body,result_accessors.go,Result.CallSiteViewSignatureType,method,analysis/check/body,,unclassified,,,
analysis/check/body,result_accessors.go,Result.ChannelSelects,method,analysis/check/body,,unclassified,,,
analysis/check/body,result_accessors.go,Result.CovariantExposures,method,analysis/check/body,,unclassified,,,
analysis/check/body,result_accessors.go,Result.DirectCaptures,method,analysis/check/body,,unclassified,,,
analysis/check/body,result_accessors.go,Result.DominatingPathRootDeclarationSource,method,analysis/check/body,,unclassified,,,
analysis/check/body,result_accessors.go,Result.DynamicIndexExpressionRef,method,analysis/check/body,,unclassified,,,
analysis/check/body,result_accessors.go,Result.DynamicIndexWrite,method,analysis/check/body,,unclassified,,,
analysis/check/body,result_accessors.go,Result.EdgeCanCompleteNormally,method,analysis/check/body,,unclassified,,,
analysis/check/body,result_accessors.go,Result.EntryState,method,analysis/check/body,,unclassified,,,
analysis/check/body,result_accessors.go,Result.ExitState,method,analysis/check/body,,unclassified,,,
analysis/check/body,result_accessors.go,Result.ExpressionCondition,method,analysis/check/body,,unclassified,,,
analysis/check/body,result_accessors.go,Result.ExpressionEvaluation,method,analysis/check/body,,unclassified,,,
analysis/check/body,result_accessors.go,Result.ExpressionFunction,method,analysis/check/body,,unclassified,,,
analysis/check/body,result_accessors.go,Result.ExpressionImpliedChecksOnEdge,method,analysis/check/body,,unclassified,,,
analysis/check/body,result_accessors.go,Result.ExpressionOperationRef,method,analysis/check/body,,unclassified,,,
analysis/check/body,result_accessors.go,Result.ExpressionPath,method,analysis/check/body,,unclassified,,,
analysis/check/body,result_accessors.go,Result.ExpressionPathRef,method,analysis/check/body,,unclassified,,,
analysis/check/body,result_accessors.go,Result.ExpressionRefPath,method,analysis/check/body,,unclassified,,,
analysis/check/body,result_accessors.go,Result.ExpressionSignatureAt,method,analysis/check/body,,unclassified,,,
analysis/check/body,result_accessors.go,Result.ExpressionSignatureNameAt,method,analysis/check/body,,unclassified,,,
analysis/check/body,result_accessors.go,Result.ExpressionValueRef,method,analysis/check/body,,unclassified,,,
analysis/check/body,result_accessors.go,Result.Function,method,analysis/check/body,,unclassified,,,
analysis/check/body,result_accessors.go,Result.FunctionBySymbol,method,analysis/check/body,,unclassified,,,
analysis/check/body,result_accessors.go,Result.FunctionDefinition,method,analysis/check/body,,unclassified,,,
analysis/check/body,result_accessors.go,Result.FunctionOrigin,method,analysis/check/body,,unclassified,,,
analysis/check/body,result_accessors.go,Result.FunctionParamSlots,method,analysis/check/body,,unclassified,,,
analysis/check/body,result_accessors.go,Result.FunctionResults,method,analysis/check/body,,unclassified,,,
analysis/check/body,result_accessors.go,Result.FunctionSymbol,method,analysis/check/body,,unclassified,,,
analysis/check/body,result_accessors.go,Result.FunctionTypeParams,method,analysis/check/body,,unclassified,,,
analysis/check/body,result_accessors.go,Result.GenericFor,method,analysis/check/body,,unclassified,,,
analysis/check/body,result_accessors.go,Result.GenericForSymbols,method,analysis/check/body,,unclassified,,,
analysis/check/body,result_accessors.go,Result.Graph,method,analysis/check/body,,unclassified,,,
analysis/check/body,result_accessors.go,Result.HasBodyOwnedParamObligations,method,analysis/check/body,,unclassified,,,
analysis/check/body,result_accessors.go,Result.HasCallSite,method,analysis/check/body,,unclassified,,,
analysis/check/body,result_accessors.go,Result.IdentResolvesToGlobal,method,analysis/check/body,,unclassified,,,
analysis/check/body,result_accessors.go,Result.InterfaceDef,method,analysis/check/body,,unclassified,,,
analysis/check/body,result_accessors.go,Result.IsCallContextResult,method,analysis/check/body,,unclassified,,,
analysis/check/body,result_accessors.go,Result.IsFunctionDefinitionTarget,method,analysis/check/body,,unclassified,,,
analysis/check/body,result_accessors.go,Result.IsImplicitGlobalUse,method,analysis/check/body,,unclassified,,,
analysis/check/body,result_accessors.go,Result.KeySpace,method,analysis/check/body,,unclassified,,,
analysis/check/body,result_accessors.go,Result.LocalAssignment,method,analysis/check/body,,unclassified,,,
analysis/check/body,result_accessors.go,Result.LocalFunctionUseClosures,method,analysis/check/body,,unclassified,,,
analysis/check/body,result_accessors.go,Result.LocalOrigin,method,analysis/check/body,,unclassified,,,
analysis/check/body,result_accessors.go,Result.LocalSymbols,method,analysis/check/body,,unclassified,,,
analysis/check/body,result_accessors.go,Result.LoweredLocalAssignment,method,analysis/check/body,,unclassified,,,
analysis/check/body,result_accessors.go,Result.MethodReceiverTypeDecl,method,analysis/check/body,,unclassified,,,
analysis/check/body,result_accessors.go,Result.ModuleTypes,method,analysis/check/body,,unclassified,,,
analysis/check/body,result_accessors.go,Result.NoNormalReturn,method,analysis/check/body,,unclassified,,,
analysis/check/body,result_accessors.go,Result.NumForSymbol,method,analysis/check/body,,unclassified,,,
analysis/check/body,result_accessors.go,Result.NumericFor,method,analysis/check/body,,unclassified,,,
analysis/check/body,result_accessors.go,Result.ObjectLiteralView,method,analysis/check/body,,unclassified,,,
analysis/check/body,result_accessors.go,Result.ObjectLiteralViewForSource,method,analysis/check/body,,unclassified,,,
analysis/check/body,result_accessors.go,Result.OrdinaryAssignment,method,analysis/check/body,,unclassified,,,
analysis/check/body,result_accessors.go,Result.PathAssignment,method,analysis/check/body,,unclassified,,,
analysis/check/body,result_accessors.go,Result.PathDescendantInvalidation,method,analysis/check/body,,unclassified,,,
analysis/check/body,result_accessors.go,Result.PathSignatureAt,method,analysis/check/body,,unclassified,,,
analysis/check/body,result_accessors.go,Result.PathSignatureNameAt,method,analysis/check/body,,unclassified,,,
analysis/check/body,result_accessors.go,Result.PathSignatureTypeAt,method,analysis/check/body,,unclassified,,,
analysis/check/body,result_accessors.go,Result.PointNormallyReachable,method,analysis/check/body,,unclassified,,,
analysis/check/body,result_accessors.go,Result.PointReachable,method,analysis/check/body,,unclassified,,,
analysis/check/body,result_accessors.go,Result.PrimitiveTypeRef,method,analysis/check/body,,unclassified,,,
analysis/check/body,result_accessors.go,Result.Registry,method,analysis/check/body,,unclassified,,,
analysis/check/body,result_accessors.go,Result.RequireAliasModulePath,method,analysis/check/body,,unclassified,,,
analysis/check/body,result_accessors.go,Result.ReturnFact,method,analysis/check/body,,unclassified,,,
analysis/check/body,result_accessors.go,Result.RootAssignment,method,analysis/check/body,,unclassified,,,
analysis/check/body,result_accessors.go,Result.SignatureManifests,method,analysis/check/body,,unclassified,,,
analysis/check/body,result_accessors.go,Result.SignatureType,method,analysis/check/body,,unclassified,,,
analysis/check/body,result_accessors.go,Result.SourceCall,method,analysis/check/body,,unclassified,,,
analysis/check/body,result_accessors.go,Result.StableLexicalBodyID,method,analysis/check/body,,unclassified,,,
analysis/check/body,result_accessors.go,Result.StateAt,method,analysis/check/body,,unclassified,,,
analysis/check/body,result_accessors.go,Result.SymbolHasWrite,method,analysis/check/body,,unclassified,,,
analysis/check/body,result_accessors.go,Result.SymbolKind,method,analysis/check/body,,unclassified,,,
analysis/check/body,result_accessors.go,Result.SymbolName,method,analysis/check/body,,unclassified,,,
analysis/check/body,result_accessors.go,Result.SymbolOfIdent,method,analysis/check/body,,unclassified,,,
analysis/check/body,result_accessors.go,Result.SymbolStaticType,method,analysis/check/body,,unclassified,,,
analysis/check/body,result_accessors.go,Result.SymbolTypeAnnotation,method,analysis/check/body,,unclassified,,,
analysis/check/body,result_accessors.go,Result.TypeDef,method,analysis/check/body,,unclassified,,,
analysis/check/body,result_accessors.go,Result.TypeDefParams,method,analysis/check/body,,unclassified,,,
analysis/check/body,result_accessors.go,Result.TypeDefinition,method,analysis/check/body,,unclassified,,,
analysis/check/body,result_accessors.go,Result.TypeRef,method,analysis/check/body,,unclassified,,,
analysis/check/body,result_accessors.go,Result.TypeResolver,method,analysis/check/body,,unclassified,,,
analysis/check/body,result_accessors.go,Result.TypeValueRef,method,analysis/check/body,,unclassified,,,
analysis/check/body,result_accessors.go,Result.TypeValues,method,analysis/check/body,,unclassified,,,
analysis/check/body,result_accessors.go,Result.VarargSymbol,method,analysis/check/body,,unclassified,,,
analysis/check/body,result_accessors.go,Result.WIRSymbolInfo,method,analysis/check/body,,unclassified,,,
analysis/check/body,result_accessors.go,WithBodyOwnedParamObligations,func,analysis/check/body,,unclassified,,,
analysis/check/body,result_accessors.go,WithCallContextResult,func,analysis/check/body,,unclassified,,,
analysis/check/body,result_accessors.go,WithFunctionResults,func,analysis/check/body,,unclassified,,,
analysis/check/body,result_parameter_readmodel.go,Result.ParameterValueSlots,method,analysis/check/body,,unclassified,,,
analysis/check/body,result_parameter_readmodel.go,Result.ReassignedParameterValueSlots,method,analysis/check/body,,unclassified,,,
analysis/check/body,result_release.go,Result.ReleaseTransient,method,analysis/check/body,,unclassified,,,
analysis/check/body,result_release.go,Result.ReleaseTransientTree,method,analysis/check/body,,unclassified,,,
analysis/check/body,result_return_readmodel.go,Result.ReturnPoints,method,analysis/check/body,,unclassified,,,
analysis/check/body,result_return_readmodel.go,Result.ReturnPresenceRelations,method,analysis/check/body,,unclassified,,,
analysis/check/body,result_return_readmodel.go,Result.ReturnValueSources,method,analysis/check/body,,unclassified,,,
analysis/check/body,result_shape_exhaustiveness.go,Result.ForEachResultShapeExhaustivenessProof,method,analysis/check/body,,unclassified,,,
analysis/check/body,result_shape_exhaustiveness.go,ResultShapeExhaustivenessProof,type,analysis/check/body,,unclassified,,,
analysis/check/body,result_version.go,BoundaryEnvironmentDigest,type,analysis/check/body,,unclassified,,,
analysis/check/body,result_version.go,Result.ResultVersion,method,analysis/check/body,,unclassified,,,
analysis/check/body,result_version.go,Static.BoundaryEnvironmentDigest,method,analysis/check/body,,unclassified,,,
analysis/check/body,result_version.go,Static.BoundaryEnvironmentDigestContext,method,analysis/check/body,,unclassified,,,
analysis/check/body,retained.go,RetainedPreparedSession,type,analysis/check/body,,unclassified,,,
analysis/check/body,retained.go,RetainedPreparedSession.BeginUpdate,method,analysis/check/body,,unclassified,,,
analysis/check/body,retained.go,RetainedPreparedSession.Release,method,analysis/check/body,,unclassified,,,
analysis/check/body,retained.go,RetainedPreparedSession.Retained,method,analysis/check/body,,unclassified,,,
analysis/check/body,retained.go,RetainedPreparedSession.StructurallyCompatible,method,analysis/check/body,,unclassified,,,
analysis/check/body,retained.go,RetainedPreparedUpdate,type,analysis/check/body,,unclassified,,,
analysis/check/body,retained.go,RetainedPreparedUpdate.Abort,method,analysis/check/body,,unclassified,,,
analysis/check/body,retained.go,RetainedPreparedUpdate.Commit,method,analysis/check/body,,unclassified,,,
analysis/check/body,retained.go,RetainedPreparedUpdate.Result,method,analysis/check/body,,unclassified,,,
analysis/check/body,retained.go,SolvePreparedRetained,func,analysis/check/body,,unclassified,,,
analysis/check/body,return_fact.go,ReturnFact,type,analysis/check/body,,unclassified,,,
analysis/check/body,return_type_values.go,Result.ReturnTypeValues,method,analysis/check/body,,unclassified,,,
analysis/check/body,return_value_occurrence.go,Result.ForEachReturnValueOccurrence,method,analysis/check/body,,unclassified,,,
analysis/check/body,return_value_occurrence.go,ReturnValueOccurrence,type,analysis/check/body,,unclassified,,,
analysis/check/body,run.go,Static.Solve,method,analysis/check/body,,unclassified,,,
analysis/check/body,runtime_type_guard.go,Result.DominatingRuntimeTypeGuardProves,method,analysis/check/body,,unclassified,,,
analysis/check/body,runtime_type_guard.go,RuntimeTypeGuardProves,func,analysis/check/body,,unclassified,,,
analysis/check/body,semantic_boundary.go,SourceSpan,type,analysis/check/body,,unclassified,,,
analysis/check/body,send_safety.go,Result.SendSafetyOccurrences,method,analysis/check/body,,unclassified,,,
analysis/check/body,send_safety.go,SendSafetyOccurrence,type,analysis/check/body,,unclassified,,,
analysis/check/body,send_safety.go,SendSafetyProvenImmutable,const,analysis/check/body,,unclassified,,,
analysis/check/body,send_safety.go,SendSafetyProvenIsolated,const,analysis/check/body,,unclassified,,,
analysis/check/body,send_safety.go,SendSafetyUnknown,const,analysis/check/body,,unclassified,,,
analysis/check/body,send_safety.go,SendSafetyVerdict,type,analysis/check/body,,unclassified,,,
analysis/check/body,signature_argument_type.go,Result.SignatureArgumentTypeAtBoundary,method,analysis/check/body,,unclassified,,,
analysis/check/body,source_call_index.go,SourceCallFact,type,analysis/check/body,,unclassified,,,
analysis/check/body,source_expression_index.go,ExpressionEvaluationFact,type,analysis/check/body,,unclassified,,,
analysis/check/body,stable_shape.go,Result.SourceHasStableShapeBeforeBoundary,method,analysis/check/body,,unclassified,,,
analysis/check/body,stable_shape.go,Result.StableShapeForPathAtBoundary,method,analysis/check/body,,unclassified,,,
analysis/check/body,stable_shape.go,Result.StableShapeForStaticMemberRead,method,analysis/check/body,,unclassified,,,
analysis/check/body,stable_shape.go,Result.StableShapeForValueAtBoundary,method,analysis/check/body,,unclassified,,,
analysis/check/body,stable_shape.go,Result.ValueHasStableShapeBeforeBoundary,method,analysis/check/body,,unclassified,,,
analysis/check/body,stable_shape.go,Result.ValueHasStructuralMutationAtBoundary,method,analysis/check/body,,unclassified,,,
analysis/check/body,stable_shape.go,StableShapeFact,type,analysis/check/body,,unclassified,,,
analysis/check/body,stable_shape.go,StableShapeField,type,analysis/check/body,,unclassified,,,
analysis/check/body,stable_shape.go,StableShapeTier,type,analysis/check/body,,unclassified,,,
analysis/check/body,stable_shape.go,StableShapeTier.String,method,analysis/check/body,,unclassified,,,
analysis/check/body,stable_shape.go,StableShapeTierPrefixStable,const,analysis/check/body,,unclassified,,,
analysis/check/body,stable_shape.go,StableShapeTierStable,const,analysis/check/body,,unclassified,,,
analysis/check/body,stable_shape.go,StableShapeTierStableAfterPoint,const,analysis/check/body,,unclassified,,,
analysis/check/body,stable_shape.go,StableShapeTierUnknown,const,analysis/check/body,,unclassified,,,
analysis/check/body,static_member_read.go,MissingMemberRead,type,analysis/check/body,,unclassified,,,
analysis/check/body,static_member_read.go,Result.ForEachMissingMemberRead,method,analysis/check/body,,unclassified,,,
analysis/check/body,static_member_read.go,Result.ForEachMissingMemberReadOccurrence,method,analysis/check/body,,unclassified,,,
analysis/check/body,static_member_read.go,Result.ForEachResultShapeReadOccurrence,method,analysis/check/body,,unclassified,,,
analysis/check/body,static_member_read.go,Result.ForEachStaticMemberReadOccurrence,method,analysis/check/body,,unclassified,,,
analysis/check/body,static_member_read.go,StaticMemberReadOccurrence,type,analysis/check/body,,unclassified,,,
analysis/check/body,static_member_read.go,StaticMemberReadSegment,func,analysis/check/body,,unclassified,,,
analysis/check/body,suspension.go,Result.PointMaySuspend,method,analysis/check/body,,unclassified,,,
analysis/check/body,suspension_lifetime.go,Result.AllocationSiteDiesBeforeSuspension,method,analysis/check/body,,unclassified,,,
analysis/check/body,symbol_usage.go,DeadAssignmentExitOccurrence,type,analysis/check/body,,unclassified,,,
analysis/check/body,symbol_usage.go,DeadAssignmentWriteOccurrence,type,analysis/check/body,,unclassified,,,
analysis/check/body,symbol_usage.go,LocalBindingOccurrence,type,analysis/check/body,,unclassified,,,
analysis/check/body,symbol_usage.go,Result.DeadAssignmentExitOccurrences,method,analysis/check/body,,unclassified,,,
analysis/check/body,symbol_usage.go,Result.DeadAssignmentWriteOccurrences,method,analysis/check/body,,unclassified,,,
analysis/check/body,symbol_usage.go,Result.LocalBindingOccurrences,method,analysis/check/body,,unclassified,,,
analysis/check/body,symbol_usage.go,Result.ReachableSymbolReads,method,analysis/check/body,,unclassified,,,
analysis/check/body,symbol_usage.go,StatementIdentity,type,analysis/check/body,,unclassified,,,
analysis/check/body,symbol_usage.go,SymbolReadSets,type,analysis/check/body,,unclassified,,,
analysis/check/body,symbol_usage.go,SymbolReadSets.Has,method,analysis/check/body,,unclassified,,,
analysis/check/body,table_dispatch_keys.go,Result.TableDispatchKeysAt,method,analysis/check/body,,unclassified,,,
analysis/check/body,type_projection.go,ClosedRecordLacksField,func,analysis/check/body,,unclassified,,,
analysis/check/body,type_projection.go,Result.TransparentComparableType,method,analysis/check/body,,unclassified,,,
analysis/check/body,type_projection.go,StaticTypeChild,type,analysis/check/body,,unclassified,,,
analysis/check/body,type_projection.go,StaticTypeChildren,func,analysis/check/body,,unclassified,,,
analysis/check/body,type_projection.go,TransparentExpectedType,func,analysis/check/body,,unclassified,,,
analysis/check/body,type_projection.go,TypeFamilyBase,func,analysis/check/body,,unclassified,,,
analysis/check/body,type_projection.go,TypeField,func,analysis/check/body,,unclassified,,,
analysis/check/body,type_projection.go,TypeFieldProvablyAbsent,func,analysis/check/body,,unclassified,,,
analysis/check/body,type_projection.go,TypeHasField,func,analysis/check/body,,unclassified,,,
analysis/check/body,type_projection.go,TypeIsClosedConcreteRecord,func,analysis/check/body,,unclassified,,,
analysis/check/body,type_projection.go,TypeIsGradual,func,analysis/check/body,,unclassified,,,
analysis/check/body,type_projection.go,TypeIsMultiArmUnion,func,analysis/check/body,,unclassified,,,
analysis/check/body,type_projection.go,TypeIsUnionReceiver,func,analysis/check/body,,unclassified,,,
analysis/check/body,type_projection.go,TypeMissingFieldReadsNil,func,analysis/check/body,,unclassified,,,
analysis/check/body,type_projection.go,TypeWithoutOptionalNil,func,analysis/check/body,,unclassified,,,
analysis/check/body,type_projection.go,UnionArmRejectsFieldRead,func,analysis/check/body,,unclassified,,,
analysis/check/body,typestate_requirement.go,Result.TypestateRequirementProofs,method,analysis/check/body,,unclassified,,,
analysis/check/body,typestate_requirement.go,TypestateRequirementProof,type,analysis/check/body,,unclassified,,,
analysis/check/body,typestate_requirement.go,TypestateRequirementRefuted,const,analysis/check/body,,unclassified,,,
analysis/check/body,typestate_requirement.go,TypestateRequirementStatus,type,analysis/check/body,,unclassified,,,
analysis/check/body,typestate_requirement.go,TypestateRequirementUnproven,const,analysis/check/body,,unclassified,,,
analysis/check/body,typestate_transition.go,Result.TypestateInvalidTransitionProofs,method,analysis/check/body,,unclassified,,,
analysis/check/body,typestate_transition.go,TypestateInvalidTransitionProof,type,analysis/check/body,,unclassified,,,
analysis/check/body,unresolved_type_reference.go,Result.ForEachUnresolvedTypeReferenceOccurrence,method,analysis/check/body,,unclassified,,,
analysis/check/body,unresolved_type_reference.go,UnresolvedTypeReferenceOccurrence,type,analysis/check/body,,unclassified,,,
analysis/check/body,unresolved_value_reference.go,Result.ForEachUnresolvedValueReferenceOccurrence,method,analysis/check/body,,unclassified,,,
analysis/check/body,unresolved_value_reference.go,UnresolvedValueReferenceOccurrence,type,analysis/check/body,,unclassified,,,
analysis/check/body,value_source_path.go,Result.ValueSourcePath,method,analysis/check/body,,unclassified,,,
analysis/check/body/internal/readexpr,array_index_proof.go,ArrayIndexElementsNonNil,func,analysis/check/body/internal/readexpr,,unclassified,,,
analysis/check/body/internal/readexpr,array_index_proof.go,ArrayIndexProof,type,analysis/check/body/internal/readexpr,,unclassified,,,
analysis/check/body/internal/readexpr,array_index_proof.go,ArrayIndexTerm,type,analysis/check/body/internal/readexpr,,unclassified,,,
analysis/check/body/internal/readexpr,array_index_proof.go,CheckedAffineInt64,func,analysis/check/body/internal/readexpr,,unclassified,,,
analysis/check/body/internal/readexpr,array_index_proof.go,ProveArrayIndexInBounds,func,analysis/check/body/internal/readexpr,,unclassified,,,
analysis/check/body/internal/readexpr,array_index_proof.go,SequenceKnownNonEmpty,func,analysis/check/body/internal/readexpr,,unclassified,,,
analysis/check/body/internal/readexpr,array_index_proof.go,SequenceLengthKnownAtLeast,func,analysis/check/body/internal/readexpr,,unclassified,,,
analysis/check/body/internal/readexpr,readexpr.go,Config,type,analysis/check/body/internal/readexpr,,unclassified,,,
analysis/check/body/internal/readexpr,readexpr.go,Context,type,analysis/check/body/internal/readexpr,,unclassified,,,
analysis/check/body/internal/readexpr,readexpr.go,DynamicIndexReadProvenPresent,func,analysis/check/body/internal/readexpr,,unclassified,,,
analysis/check/body/internal/readexpr,readexpr.go,Project,func,analysis/check/body/internal/readexpr,,unclassified,,,
analysis/check/body/internal/readexpr,readexpr.go,ProjectStaticMember,func,analysis/check/body/internal/readexpr,,unclassified,,,
analysis/check/body/internal/readexpr,readexpr.go,ProjectWithoutRootStaticMemberOverlay,func,analysis/check/body/internal/readexpr,,unclassified,,,
analysis/check/body/internal/readexpr,readexpr.go,Provider,func,analysis/check/body/internal/readexpr,,unclassified,,,
analysis/check/diagnostics,advice_proof_context.go,ProofContext.Advice,method,analysis/check/diagnostics,,unclassified,,,
analysis/check/diagnostics,assignment_proof_context.go,NewProofContext,func,analysis/check/diagnostics,,unclassified,,,
analysis/check/diagnostics,assignment_proof_context.go,ProofContext,type,analysis/check/diagnostics,,unclassified,,,
analysis/check/diagnostics,assignment_proof_context.go,ProofContext.AssignmentCallResult,method,analysis/check/diagnostics,,unclassified,,,
analysis/check/diagnostics,assignment_proof_context.go,ProofContext.AssignmentCallResultForItem,method,analysis/check/diagnostics,,unclassified,,,
analysis/check/diagnostics,assignment_proof_context.go,ProofContext.AssignmentDiagnostic,method,analysis/check/diagnostics,,unclassified,,,
analysis/check/diagnostics,assignment_proof_context.go,ProofContext.AssignmentProof,method,analysis/check/diagnostics,,unclassified,,,
analysis/check/diagnostics,assignment_proof_context.go,ProofContext.AssignmentStructure,method,analysis/check/diagnostics,,unclassified,,,
analysis/check/diagnostics,assignment_proof_context.go,ProofContext.OptionalAssignmentTarget,method,analysis/check/diagnostics,,unclassified,,,
analysis/check/diagnostics,assignment_proof_context.go,assignmentProofPresentation.AssignmentMessage,method,analysis/check/diagnostics,,unclassified,,,
analysis/check/diagnostics,assignment_proof_context.go,assignmentProofPresentation.Help,method,analysis/check/diagnostics,,unclassified,,,
analysis/check/diagnostics,assignment_proof_context.go,assignmentProofPresentation.MemberAssignmentMessage,method,analysis/check/diagnostics,,unclassified,,,
analysis/check/diagnostics,assignment_proof_context.go,assignmentProofPresentation.NeedsNilGuardHelp,method,analysis/check/diagnostics,,unclassified,,,
analysis/check/diagnostics,assignment_proof_context.go,assignmentProofPresentation.SourceEvidence,method,analysis/check/diagnostics,,unclassified,,,
analysis/check/diagnostics,call_argument_proof_context.go,ProofContext.DirectCallArgument,method,analysis/check/diagnostics,,unclassified,,,
analysis/check/diagnostics,call_arity_proof_context.go,ProofContext.DirectCallArity,method,analysis/check/diagnostics,,unclassified,,,
analysis/check/diagnostics,call_callee_proof_context.go,ProofContext.DirectCallCallee,method,analysis/check/diagnostics,,unclassified,,,
analysis/check/diagnostics,channel_lifecycle_proof_context.go,ProofContext.ChannelLifecycle,method,analysis/check/diagnostics,,unclassified,,,
analysis/check/diagnostics,channel_select_proof_context.go,ProofContext.ChannelSelect,method,analysis/check/diagnostics,,unclassified,,,
analysis/check/diagnostics,condition_proof_context.go,ProofContext.RedundantCondition,method,analysis/check/diagnostics,,unclassified,,,
analysis/check/diagnostics,dead_assignment_proof_context.go,ProofContext.DeadAssignment,method,analysis/check/diagnostics,,unclassified,,,
analysis/check/diagnostics,diagnostics.go,CodeAdviceAlwaysTrueGuard,const,analysis/check/diagnostics,,unclassified,,,
analysis/check/diagnostics,diagnostics.go,CodeAdviceInvariantLoopRead,const,analysis/check/diagnostics,,unclassified,,,
analysis/check/diagnostics,diagnostics.go,CodeAdviceRedundantClaim,const,analysis/check/diagnostics,,unclassified,,,
analysis/check/diagnostics,diagnostics.go,CodeAdviceShapePolymorphic,const,analysis/check/diagnostics,,unclassified,,,
analysis/check/diagnostics,diagnostics.go,CodeAdviceSplitBirthDiscriminant,const,analysis/check/diagnostics,,unclassified,,,
analysis/check/diagnostics,diagnostics.go,CodeAssignmentType,const,analysis/check/diagnostics,,unclassified,,,
analysis/check/diagnostics,diagnostics.go,CodeChannelDoubleClose,const,analysis/check/diagnostics,,unclassified,,,
analysis/check/diagnostics,diagnostics.go,CodeChannelSelectExhaustive,const,analysis/check/diagnostics,,unclassified,,,
analysis/check/diagnostics,diagnostics.go,CodeChannelSendClosed,const,analysis/check/diagnostics,,unclassified,,,
analysis/check/diagnostics,diagnostics.go,CodeConcatOperand,const,analysis/check/diagnostics,,unclassified,,,
analysis/check/diagnostics,diagnostics.go,CodeDeadAssignment,const,analysis/check/diagnostics,,unclassified,,,
analysis/check/diagnostics,diagnostics.go,CodeDirectCallArgType,const,analysis/check/diagnostics,,unclassified,,,
analysis/check/diagnostics,diagnostics.go,CodeDirectCallNotCallable,const,analysis/check/diagnostics,,unclassified,,,
analysis/check/diagnostics,diagnostics.go,CodeDirectCallResultAssignment,const,analysis/check/diagnostics,,unclassified,,,
analysis/check/diagnostics,diagnostics.go,CodeDirectCallTooFewArgs,const,analysis/check/diagnostics,,unclassified,,,
analysis/check/diagnostics,diagnostics.go,CodeDirectCallTooManyArgs,const,analysis/check/diagnostics,,unclassified,,,
analysis/check/diagnostics,diagnostics.go,CodeDiscriminatedUnionExhaustive,const,analysis/check/diagnostics,,unclassified,,,
analysis/check/diagnostics,diagnostics.go,CodeFrozenTableMutation,const,analysis/check/diagnostics,,unclassified,,,
analysis/check/diagnostics,diagnostics.go,CodeMissingMember,const,analysis/check/diagnostics,,unclassified,,,
analysis/check/diagnostics,diagnostics.go,CodeNonNilAssertAlwaysNil,const,analysis/check/diagnostics,,unclassified,,,
analysis/check/diagnostics,diagnostics.go,CodeNotCallable,const,analysis/check/diagnostics,,unclassified,,,
analysis/check/diagnostics,diagnostics.go,CodeNumericForOperand,const,analysis/check/diagnostics,,unclassified,,,
analysis/check/diagnostics,diagnostics.go,CodeOptionalAssignmentTarget,const,analysis/check/diagnostics,,unclassified,,,
analysis/check/diagnostics,diagnostics.go,CodeOptionalMethodCall,const,analysis/check/diagnostics,,unclassified,,,
analysis/check/diagnostics,diagnostics.go,CodeRedundantCondition,const,analysis/check/diagnostics,,unclassified,,,
analysis/check/diagnostics,diagnostics.go,CodeResourceUnreleased,const,analysis/check/diagnostics,,unclassified,,,
analysis/check/diagnostics,diagnostics.go,CodeReturnContractType,const,analysis/check/diagnostics,,unclassified,,,
analysis/check/diagnostics,diagnostics.go,CodeSendIsolation,const,analysis/check/diagnostics,,unclassified,,,
analysis/check/diagnostics,diagnostics.go,CodeTypestateInvalidRequirement,const,analysis/check/diagnostics,,unclassified,,,
analysis/check/diagnostics,diagnostics.go,CodeTypestateInvalidTransition,const,analysis/check/diagnostics,,unclassified,,,
analysis/check/diagnostics,diagnostics.go,CodeTypestateUnprovenRequirement,const,analysis/check/diagnostics,,unclassified,,,
analysis/check/diagnostics,diagnostics.go,CodeUnresolvedTypeReference,const,analysis/check/diagnostics,,unclassified,,,
analysis/check/diagnostics,diagnostics.go,CodeUnresolvedValueReference,const,analysis/check/diagnostics,,unclassified,,,
analysis/check/diagnostics,diagnostics.go,CodeUnusedLocal,const,analysis/check/diagnostics,,unclassified,,,
analysis/check/diagnostics,diagnostics.go,Config,type,analysis/check/diagnostics,,unclassified,,,
analysis/check/diagnostics,diagnostics.go,Produce,func,analysis/check/diagnostics,,unclassified,,,
analysis/check/diagnostics,diagnostics.go,ProduceJudgments,func,analysis/check/diagnostics,,unclassified,,,
analysis/check/diagnostics,diagnostics.go,ProduceJudgmentsContext,func,analysis/check/diagnostics,,unclassified,,,
analysis/check/diagnostics,diagnostics.go,ProduceWithConfig,func,analysis/check/diagnostics,,unclassified,,,
analysis/check/diagnostics,display_call_messages.go,diagnosticDisplay.CallArgumentCountEvidence,method,analysis/check/diagnostics,,unclassified,,,
analysis/check/diagnostics,display_call_messages.go,diagnosticDisplay.CallArityHelp,method,analysis/check/diagnostics,,unclassified,,,
analysis/check/diagnostics,display_call_messages.go,diagnosticDisplay.CallArityMismatchMessage,method,analysis/check/diagnostics,,unclassified,,,
analysis/check/diagnostics,display_call_messages.go,diagnosticDisplay.CallParamObligationEvidence,method,analysis/check/diagnostics,,unclassified,,,
analysis/check/diagnostics,display_call_messages.go,diagnosticDisplay.CallParameterCountEvidence,method,analysis/check/diagnostics,,unclassified,,,
analysis/check/diagnostics,display_call_messages.go,diagnosticDisplay.CallParameterTypeEvidence,method,analysis/check/diagnostics,,unclassified,,,
analysis/check/diagnostics,display_call_messages.go,diagnosticDisplay.CallParameterTypeEvidenceDisplay,method,analysis/check/diagnostics,,unclassified,,,
analysis/check/diagnostics,display_call_messages.go,diagnosticDisplay.CallResultAssignmentHelp,method,analysis/check/diagnostics,,unclassified,,,
analysis/check/diagnostics,display_call_messages.go,diagnosticDisplay.CallResultDeclaredReturnEvidence,method,analysis/check/diagnostics,,unclassified,,,
analysis/check/diagnostics,display_call_messages.go,diagnosticDisplay.ConcatOperandHelp,method,analysis/check/diagnostics,,unclassified,,,
analysis/check/diagnostics,display_call_messages.go,diagnosticDisplay.ConcatOperandMessage,method,analysis/check/diagnostics,,unclassified,,,
analysis/check/diagnostics,display_call_messages.go,diagnosticDisplay.ConcatOperandTypeEvidence,method,analysis/check/diagnostics,,unclassified,,,
analysis/check/diagnostics,display_call_messages.go,diagnosticDisplay.DeadAssignmentExitEvidence,method,analysis/check/diagnostics,,unclassified,,,
analysis/check/diagnostics,display_call_messages.go,diagnosticDisplay.DeadAssignmentHelp,method,analysis/check/diagnostics,,unclassified,,,
analysis/check/diagnostics,display_call_messages.go,diagnosticDisplay.DeadAssignmentMessage,method,analysis/check/diagnostics,,unclassified,,,
analysis/check/diagnostics,display_call_messages.go,diagnosticDisplay.DeadAssignmentOverwriteEvidence,method,analysis/check/diagnostics,,unclassified,,,
analysis/check/diagnostics,display_call_messages.go,diagnosticDisplay.MemberCallParamObligationEvidence,method,analysis/check/diagnostics,,unclassified,,,
analysis/check/diagnostics,display_call_messages.go,diagnosticDisplay.MissingNonNilBeforeCallMessage,method,analysis/check/diagnostics,,unclassified,,,
analysis/check/diagnostics,display_call_messages.go,diagnosticDisplay.NonNilAssertAlwaysNilEvidence,method,analysis/check/diagnostics,,unclassified,,,
analysis/check/diagnostics,display_call_messages.go,diagnosticDisplay.NonNilAssertAlwaysNilHelp,method,analysis/check/diagnostics,,unclassified,,,
analysis/check/diagnostics,display_call_messages.go,diagnosticDisplay.NonNilAssertAlwaysNilMessage,method,analysis/check/diagnostics,,unclassified,,,
analysis/check/diagnostics,display_call_messages.go,diagnosticDisplay.NumericForOperandHelp,method,analysis/check/diagnostics,,unclassified,,,
analysis/check/diagnostics,display_call_messages.go,diagnosticDisplay.NumericForOperandMessage,method,analysis/check/diagnostics,,unclassified,,,
analysis/check/diagnostics,display_call_messages.go,diagnosticDisplay.NumericForOperandTypeEvidence,method,analysis/check/diagnostics,,unclassified,,,
analysis/check/diagnostics,display_call_messages.go,diagnosticDisplay.OptionalMethodCallHelp,method,analysis/check/diagnostics,,unclassified,,,
analysis/check/diagnostics,display_call_messages.go,diagnosticDisplay.OptionalMethodCallMessage,method,analysis/check/diagnostics,,unclassified,,,
analysis/check/diagnostics,display_call_messages.go,diagnosticDisplay.OptionalMethodMissingNilCheckEvidence,method,analysis/check/diagnostics,,unclassified,,,
analysis/check/diagnostics,display_call_messages.go,diagnosticDisplay.OptionalMethodReceiverEvidence,method,analysis/check/diagnostics,,unclassified,,,
analysis/check/diagnostics,display_call_messages.go,diagnosticDisplay.PossiblyNilCallTargetHelp,method,analysis/check/diagnostics,,unclassified,,,
analysis/check/diagnostics,display_call_messages.go,diagnosticDisplay.PossiblyNilCallTargetMessage,method,analysis/check/diagnostics,,unclassified,,,
analysis/check/diagnostics,display_call_messages.go,diagnosticDisplay.PossiblyNilCalleeTypeEvidence,method,analysis/check/diagnostics,,unclassified,,,
analysis/check/diagnostics,display_call_messages.go,diagnosticDisplay.ReturnExplicitBoundaryProofMessage,method,analysis/check/diagnostics,,unclassified,,,
analysis/check/diagnostics,display_call_messages.go,diagnosticDisplay.ReturnIndexedReadProofMessage,method,analysis/check/diagnostics,,unclassified,,,
analysis/check/diagnostics,display_call_messages.go,diagnosticDisplay.ReturnMissingProofMessage,method,analysis/check/diagnostics,,unclassified,,,
analysis/check/diagnostics,display_contract_messages.go,diagnosticDisplay.AnnotatedTypeEvidence,method,analysis/check/diagnostics,,unclassified,,,
analysis/check/diagnostics,display_contract_messages.go,diagnosticDisplay.ArgumentMethodTypeMismatchMessage,method,analysis/check/diagnostics,,unclassified,,,
analysis/check/diagnostics,display_contract_messages.go,diagnosticDisplay.ArgumentMissingRequiredMethodMessage,method,analysis/check/diagnostics,,unclassified,,,
analysis/check/diagnostics,display_contract_messages.go,diagnosticDisplay.ArgumentValidationProofHelp,method,analysis/check/diagnostics,,unclassified,,,
analysis/check/diagnostics,display_contract_messages.go,diagnosticDisplay.AssignmentHelp,method,analysis/check/diagnostics,,unclassified,,,
analysis/check/diagnostics,display_contract_messages.go,diagnosticDisplay.AssignmentMessage,method,analysis/check/diagnostics,,unclassified,,,
analysis/check/diagnostics,display_contract_messages.go,diagnosticDisplay.AssignmentMessageDisplay,method,analysis/check/diagnostics,,unclassified,,,
analysis/check/diagnostics,display_contract_messages.go,diagnosticDisplay.AssignmentTargetTypeEvidence,method,analysis/check/diagnostics,,unclassified,,,
analysis/check/diagnostics,display_contract_messages.go,diagnosticDisplay.DeclaredTypeEvidence,method,analysis/check/diagnostics,,unclassified,,,
analysis/check/diagnostics,display_contract_messages.go,diagnosticDisplay.DirectNotCallableHelp,method,analysis/check/diagnostics,,unclassified,,,
analysis/check/diagnostics,display_contract_messages.go,diagnosticDisplay.DirectNotCallableMessage,method,analysis/check/diagnostics,,unclassified,,,
analysis/check/diagnostics,display_contract_messages.go,diagnosticDisplay.ExplicitBoundaryProofMessage,method,analysis/check/diagnostics,,unclassified,,,
analysis/check/diagnostics,display_contract_messages.go,diagnosticDisplay.ExplicitBoundaryProofMessageForSubject,method,analysis/check/diagnostics,,unclassified,,,
analysis/check/diagnostics,display_contract_messages.go,diagnosticDisplay.IndexedReadExpectedProofMessage,method,analysis/check/diagnostics,,unclassified,,,
analysis/check/diagnostics,display_contract_messages.go,diagnosticDisplay.MemberAssignmentMessage,method,analysis/check/diagnostics,,unclassified,,,
analysis/check/diagnostics,display_contract_messages.go,diagnosticDisplay.MemberAssignmentMessageDisplay,method,analysis/check/diagnostics,,unclassified,,,
analysis/check/diagnostics,display_contract_messages.go,diagnosticDisplay.MemberNotCallableHelp,method,analysis/check/diagnostics,,unclassified,,,
analysis/check/diagnostics,display_contract_messages.go,diagnosticDisplay.MemberNotCallableMessage,method,analysis/check/diagnostics,,unclassified,,,
analysis/check/diagnostics,display_contract_messages.go,diagnosticDisplay.MemberReadReceiverEvidence,method,analysis/check/diagnostics,,unclassified,,,
analysis/check/diagnostics,display_contract_messages.go,diagnosticDisplay.MemberTypeAtCallEvidence,method,analysis/check/diagnostics,,unclassified,,,
analysis/check/diagnostics,display_contract_messages.go,diagnosticDisplay.MethodTypeMismatchEvidence,method,analysis/check/diagnostics,,unclassified,,,
analysis/check/diagnostics,display_contract_messages.go,diagnosticDisplay.MethodTypeMismatchMessage,method,analysis/check/diagnostics,,unclassified,,,
analysis/check/diagnostics,display_contract_messages.go,diagnosticDisplay.MissingBoundaryProofMessage,method,analysis/check/diagnostics,,unclassified,,,
analysis/check/diagnostics,display_contract_messages.go,diagnosticDisplay.MissingBoundaryProofMessageForSubject,method,analysis/check/diagnostics,,unclassified,,,
analysis/check/diagnostics,display_contract_messages.go,diagnosticDisplay.MissingExpectedProofMessage,method,analysis/check/diagnostics,,unclassified,,,
analysis/check/diagnostics,display_contract_messages.go,diagnosticDisplay.MissingIndexReadProofMessage,method,analysis/check/diagnostics,,unclassified,,,
analysis/check/diagnostics,display_contract_messages.go,diagnosticDisplay.MissingMemberHelp,method,analysis/check/diagnostics,,unclassified,,,
analysis/check/diagnostics,display_contract_messages.go,diagnosticDisplay.MissingMemberMessage,method,analysis/check/diagnostics,,unclassified,,,
analysis/check/diagnostics,display_contract_messages.go,diagnosticDisplay.MissingMemberMethodHint,method,analysis/check/diagnostics,,unclassified,,,
analysis/check/diagnostics,display_contract_messages.go,diagnosticDisplay.MissingNonNilGuardHereMessage,method,analysis/check/diagnostics,,unclassified,,,
analysis/check/diagnostics,display_contract_messages.go,diagnosticDisplay.MissingRequiredFieldEvidence,method,analysis/check/diagnostics,,unclassified,,,
analysis/check/diagnostics,display_contract_messages.go,diagnosticDisplay.MissingRequiredFieldHelp,method,analysis/check/diagnostics,,unclassified,,,
analysis/check/diagnostics,display_contract_messages.go,diagnosticDisplay.MissingRequiredFieldMessage,method,analysis/check/diagnostics,,unclassified,,,
analysis/check/diagnostics,display_contract_messages.go,diagnosticDisplay.MissingRequiredFieldPathEvidence,method,analysis/check/diagnostics,,unclassified,,,
analysis/check/diagnostics,display_contract_messages.go,diagnosticDisplay.MissingRequiredMethodEvidence,method,analysis/check/diagnostics,,unclassified,,,
analysis/check/diagnostics,display_contract_messages.go,diagnosticDisplay.MissingRequiredMethodHelp,method,analysis/check/diagnostics,,unclassified,,,
analysis/check/diagnostics,display_contract_messages.go,diagnosticDisplay.MissingRequiredMethodMessage,method,analysis/check/diagnostics,,unclassified,,,
analysis/check/diagnostics,display_contract_messages.go,diagnosticDisplay.MissingRequiredMethodTypeEvidence,method,analysis/check/diagnostics,,unclassified,,,
analysis/check/diagnostics,display_contract_messages.go,diagnosticDisplay.ObjectLiteralShapeEvidence,method,analysis/check/diagnostics,,unclassified,,,
analysis/check/diagnostics,display_contract_messages.go,diagnosticDisplay.OptionalAssignmentTargetContainerEvidence,method,analysis/check/diagnostics,,unclassified,,,
analysis/check/diagnostics,display_contract_messages.go,diagnosticDisplay.OptionalAssignmentTargetHelp,method,analysis/check/diagnostics,,unclassified,,,
analysis/check/diagnostics,display_contract_messages.go,diagnosticDisplay.OptionalAssignmentTargetMessage,method,analysis/check/diagnostics,,unclassified,,,
analysis/check/diagnostics,display_contract_messages.go,diagnosticDisplay.OptionalAssignmentTargetWriteEvidence,method,analysis/check/diagnostics,,unclassified,,,
analysis/check/diagnostics,display_contract_messages.go,diagnosticDisplay.OptionalReceiverReadEvidence,method,analysis/check/diagnostics,,unclassified,,,
analysis/check/diagnostics,display_contract_messages.go,diagnosticDisplay.ReassignedCallResultFieldEvidence,method,analysis/check/diagnostics,,unclassified,,,
analysis/check/diagnostics,display_contract_messages.go,diagnosticDisplay.ReceiverForMemberEvidence,method,analysis/check/diagnostics,,unclassified,,,
analysis/check/diagnostics,display_contract_messages.go,diagnosticDisplay.ReturnDeclaredTypeEvidence,method,analysis/check/diagnostics,,unclassified,,,
analysis/check/diagnostics,display_contract_messages.go,diagnosticDisplay.UnderSuppliedTargetEvidence,method,analysis/check/diagnostics,,unclassified,,,
analysis/check/diagnostics,display_contract_messages.go,diagnosticDisplay.UnderSuppliedTargetHelp,method,analysis/check/diagnostics,,unclassified,,,
analysis/check/diagnostics,display_contract_messages.go,diagnosticDisplay.UserAssertedAnyEvidence,method,analysis/check/diagnostics,,unclassified,,,
analysis/check/diagnostics,display_core_messages.go,diagnosticDisplay.AdviceAlwaysTrueGuardHelp,method,analysis/check/diagnostics,,unclassified,,,
analysis/check/diagnostics,display_core_messages.go,diagnosticDisplay.AdviceAlwaysTrueGuardMessage,method,analysis/check/diagnostics,,unclassified,,,
analysis/check/diagnostics,display_core_messages.go,diagnosticDisplay.AdviceInvariantLoopReadHelp,method,analysis/check/diagnostics,,unclassified,,,
analysis/check/diagnostics,display_core_messages.go,diagnosticDisplay.AdviceInvariantLoopReadMessage,method,analysis/check/diagnostics,,unclassified,,,
analysis/check/diagnostics,display_core_messages.go,diagnosticDisplay.AdviceRedundantClaimHelp,method,analysis/check/diagnostics,,unclassified,,,
analysis/check/diagnostics,display_core_messages.go,diagnosticDisplay.AdviceRedundantClaimMessage,method,analysis/check/diagnostics,,unclassified,,,
analysis/check/diagnostics,display_core_messages.go,diagnosticDisplay.AdviceShapePolymorphicHelp,method,analysis/check/diagnostics,,unclassified,,,
analysis/check/diagnostics,display_core_messages.go,diagnosticDisplay.AdviceShapePolymorphicMessage,method,analysis/check/diagnostics,,unclassified,,,
analysis/check/diagnostics,display_core_messages.go,diagnosticDisplay.AdviceSplitBirthDiscriminantHelp,method,analysis/check/diagnostics,,unclassified,,,
analysis/check/diagnostics,display_core_messages.go,diagnosticDisplay.AdviceSplitBirthDiscriminantMessage,method,analysis/check/diagnostics,,unclassified,,,
analysis/check/diagnostics,display_core_messages.go,diagnosticDisplay.AssignmentType,method,analysis/check/diagnostics,,unclassified,,,
analysis/check/diagnostics,display_core_messages.go,diagnosticDisplay.ChannelLifecycleClosedEvidence,method,analysis/check/diagnostics,,unclassified,,,
analysis/check/diagnostics,display_core_messages.go,diagnosticDisplay.ChannelLifecycleHelp,method,analysis/check/diagnostics,,unclassified,,,
analysis/check/diagnostics,display_core_messages.go,diagnosticDisplay.ChannelLifecycleMessage,method,analysis/check/diagnostics,,unclassified,,,
analysis/check/diagnostics,display_core_messages.go,diagnosticDisplay.ChannelSelectExhaustivenessHelp,method,analysis/check/diagnostics,,unclassified,,,
analysis/check/diagnostics,display_core_messages.go,diagnosticDisplay.ChannelSelectExhaustivenessMessage,method,analysis/check/diagnostics,,unclassified,,,
analysis/check/diagnostics,display_core_messages.go,diagnosticDisplay.ConditionCheckEvidence,method,analysis/check/diagnostics,,unclassified,,,
analysis/check/diagnostics,display_core_messages.go,diagnosticDisplay.ConditionPathProofEvidence,method,analysis/check/diagnostics,,unclassified,,,
analysis/check/diagnostics,display_core_messages.go,diagnosticDisplay.ConditionStabilityEvidence,method,analysis/check/diagnostics,,unclassified,,,
analysis/check/diagnostics,display_core_messages.go,diagnosticDisplay.DiscriminatedUnionExhaustivenessHelp,method,analysis/check/diagnostics,,unclassified,,,
analysis/check/diagnostics,display_core_messages.go,diagnosticDisplay.DiscriminatedUnionExhaustivenessMessage,method,analysis/check/diagnostics,,unclassified,,,
analysis/check/diagnostics,display_core_messages.go,diagnosticDisplay.DispatchTableExhaustivenessHelp,method,analysis/check/diagnostics,,unclassified,,,
analysis/check/diagnostics,display_core_messages.go,diagnosticDisplay.DispatchTableExhaustivenessMessage,method,analysis/check/diagnostics,,unclassified,,,
analysis/check/diagnostics,display_core_messages.go,diagnosticDisplay.FalsyConditionCheck,method,analysis/check/diagnostics,,unclassified,,,
analysis/check/diagnostics,display_core_messages.go,diagnosticDisplay.FrozenTableAssignmentHelp,method,analysis/check/diagnostics,,unclassified,,,
analysis/check/diagnostics,display_core_messages.go,diagnosticDisplay.FrozenTableCallHelp,method,analysis/check/diagnostics,,unclassified,,,
analysis/check/diagnostics,display_core_messages.go,diagnosticDisplay.FrozenTableCallMutationMessage,method,analysis/check/diagnostics,,unclassified,,,
analysis/check/diagnostics,display_core_messages.go,diagnosticDisplay.FrozenTableMutationMessage,method,analysis/check/diagnostics,,unclassified,,,
analysis/check/diagnostics,display_core_messages.go,diagnosticDisplay.NilConditionCheck,method,analysis/check/diagnostics,,unclassified,,,
analysis/check/diagnostics,display_core_messages.go,diagnosticDisplay.NonNilConditionCheck,method,analysis/check/diagnostics,,unclassified,,,
analysis/check/diagnostics,display_core_messages.go,diagnosticDisplay.OptionalExhaustivenessHelp,method,analysis/check/diagnostics,,unclassified,,,
analysis/check/diagnostics,display_core_messages.go,diagnosticDisplay.OptionalExhaustivenessMessage,method,analysis/check/diagnostics,,unclassified,,,
analysis/check/diagnostics,display_core_messages.go,diagnosticDisplay.RedundantConditionHelp,method,analysis/check/diagnostics,,unclassified,,,
analysis/check/diagnostics,display_core_messages.go,diagnosticDisplay.RedundantConditionMessage,method,analysis/check/diagnostics,,unclassified,,,
analysis/check/diagnostics,display_core_messages.go,diagnosticDisplay.RegistrationExhaustivenessHelp,method,analysis/check/diagnostics,,unclassified,,,
analysis/check/diagnostics,display_core_messages.go,diagnosticDisplay.RegistrationExhaustivenessMessage,method,analysis/check/diagnostics,,unclassified,,,
analysis/check/diagnostics,display_core_messages.go,diagnosticDisplay.ResultShapeExhaustivenessHelp,method,analysis/check/diagnostics,,unclassified,,,
analysis/check/diagnostics,display_core_messages.go,diagnosticDisplay.ResultShapeExhaustivenessMessage,method,analysis/check/diagnostics,,unclassified,,,
analysis/check/diagnostics,display_core_messages.go,diagnosticDisplay.SourceTypeEvidence,method,analysis/check/diagnostics,,unclassified,,,
analysis/check/diagnostics,display_core_messages.go,diagnosticDisplay.SourceTypeEvidenceDisplay,method,analysis/check/diagnostics,,unclassified,,,
analysis/check/diagnostics,display_core_messages.go,diagnosticDisplay.TruthyConditionCheck,method,analysis/check/diagnostics,,unclassified,,,
analysis/check/diagnostics,display_core_messages.go,diagnosticDisplay.Type,method,analysis/check/diagnostics,,unclassified,,,
analysis/check/diagnostics,display_core_messages.go,diagnosticDisplay.TypeObservation,method,analysis/check/diagnostics,,unclassified,,,
analysis/check/diagnostics,display_core_messages.go,diagnosticDisplay.TypeObservationDisplay,method,analysis/check/diagnostics,,unclassified,,,
analysis/check/diagnostics,display_core_messages.go,diagnosticDisplay.UnresolvedTypeEvidence,method,analysis/check/diagnostics,,unclassified,,,
analysis/check/diagnostics,display_core_messages.go,diagnosticDisplay.UnresolvedTypeHelp,method,analysis/check/diagnostics,,unclassified,,,
analysis/check/diagnostics,display_core_messages.go,diagnosticDisplay.UnresolvedTypeMessage,method,analysis/check/diagnostics,,unclassified,,,
analysis/check/diagnostics,display_core_messages.go,diagnosticDisplay.UnresolvedValueEvidence,method,analysis/check/diagnostics,,unclassified,,,
analysis/check/diagnostics,display_core_messages.go,diagnosticDisplay.UnresolvedValueHelp,method,analysis/check/diagnostics,,unclassified,,,
analysis/check/diagnostics,display_core_messages.go,diagnosticDisplay.UnresolvedValueMessage,method,analysis/check/diagnostics,,unclassified,,,
analysis/check/diagnostics,display_core_messages.go,diagnosticDisplay.UnusedLocalEvidence,method,analysis/check/diagnostics,,unclassified,,,
analysis/check/diagnostics,display_core_messages.go,diagnosticDisplay.UnusedLocalHelp,method,analysis/check/diagnostics,,unclassified,,,
analysis/check/diagnostics,display_core_messages.go,diagnosticDisplay.UnusedLocalMessage,method,analysis/check/diagnostics,,unclassified,,,
analysis/check/diagnostics,display_type_annotation.go,diagnosticDisplay.AnnotationOrType,method,analysis/check/diagnostics,,unclassified,,,
analysis/check/diagnostics,exhaustiveness_proof_context.go,ProofContext.DiscriminatedUnion,method,analysis/check/diagnostics,,unclassified,,,
analysis/check/diagnostics,exhaustiveness_proof_context.go,ProofContext.Optional,method,analysis/check/diagnostics,,unclassified,,,
analysis/check/diagnostics,exhaustiveness_proof_context.go,ProofContext.Registration,method,analysis/check/diagnostics,,unclassified,,,
analysis/check/diagnostics,exhaustiveness_proof_context.go,ProofContext.ResultShape,method,analysis/check/diagnostics,,unclassified,,,
analysis/check/diagnostics,exhaustiveness_proof_context.go,ProofContext.TableDispatch,method,analysis/check/diagnostics,,unclassified,,,
analysis/check/diagnostics,frozen_table_proof_context.go,ProofContext.FrozenTable,method,analysis/check/diagnostics,,unclassified,,,
analysis/check/diagnostics,judgment_adapter.go,EvidenceForJudgment,func,analysis/check/diagnostics,,unclassified,,,
analysis/check/diagnostics,judgment_adapter.go,RenderJudgments,func,analysis/check/diagnostics,,unclassified,,,
analysis/check/diagnostics,lifecycle_proof_context.go,ProofContext.Lifecycle,method,analysis/check/diagnostics,,unclassified,,,
analysis/check/diagnostics,lifecycle_report.go,lifecycleResourceReport.AcquireEvidence,method,analysis/check/diagnostics,,unclassified,,,
analysis/check/diagnostics,lifecycle_report.go,lifecycleResourceReport.EscapeEvidence,method,analysis/check/diagnostics,,unclassified,,,
analysis/check/diagnostics,lifecycle_report.go,lifecycleResourceReport.ExitObligationEvidence,method,analysis/check/diagnostics,,unclassified,,,
analysis/check/diagnostics,lifecycle_report.go,lifecycleResourceReport.Help,method,analysis/check/diagnostics,,unclassified,,,
analysis/check/diagnostics,lifecycle_report.go,lifecycleResourceReport.Message,method,analysis/check/diagnostics,,unclassified,,,
analysis/check/diagnostics,lifecycle_report.go,lifecycleResourceReport.TransitionEvidence,method,analysis/check/diagnostics,,unclassified,,,
analysis/check/diagnostics,member_concat_proof_context.go,ProofContext.ConcatOperand,method,analysis/check/diagnostics,,unclassified,,,
analysis/check/diagnostics,member_concat_proof_context.go,ProofContext.MemberRead,method,analysis/check/diagnostics,,unclassified,,,
analysis/check/diagnostics,numeric_for_proof_context.go,ProofContext.NumericFor,method,analysis/check/diagnostics,,unclassified,,,
analysis/check/diagnostics,return_proof_context.go,ProofContext.Return,method,analysis/check/diagnostics,,unclassified,,,
analysis/check/diagnostics,simple_judgment_proof_context.go,ProofContext.NonNilAssertion,method,analysis/check/diagnostics,,unclassified,,,
analysis/check/diagnostics,simple_judgment_proof_context.go,ProofContext.UnresolvedType,method,analysis/check/diagnostics,,unclassified,,,
analysis/check/diagnostics,simple_judgment_proof_context.go,ProofContext.UnresolvedValue,method,analysis/check/diagnostics,,unclassified,,,
analysis/check/diagnostics,simple_judgment_proof_context.go,ProofContext.UnusedLocal,method,analysis/check/diagnostics,,unclassified,,,
analysis/check/exportmanifest,export.go,FromProgramResult,func,analysis/check/exportmanifest,,unclassified,,,
analysis/check/fixpoint/program,capture_seeding.go,CapturePolicy,type,analysis/check/fixpoint/program,,unclassified,,,
analysis/check/fixpoint/program,context_index.go,contextIndex.CallContextKey,method,analysis/check/fixpoint/program,,unclassified,,,
analysis/check/fixpoint/program,context_index.go,contextIndex.CallRefCount,method,analysis/check/fixpoint/program,,unclassified,,,
analysis/check/fixpoint/program,context_index.go,contextIndex.CallSiteHistogram,method,analysis/check/fixpoint/program,,unclassified,,,
analysis/check/fixpoint/program,context_index.go,contextIndex.Entries,method,analysis/check/fixpoint/program,,unclassified,,,
analysis/check/fixpoint/program,context_index.go,contextIndex.Entry,method,analysis/check/fixpoint/program,,unclassified,,,
analysis/check/fixpoint/program,context_index.go,contextIndex.ForEach,method,analysis/check/fixpoint/program,,unclassified,,,
analysis/check/fixpoint/program,context_index.go,contextIndex.FunctionExpressionKey,method,analysis/check/fixpoint/program,,unclassified,,,
analysis/check/fixpoint/program,context_index.go,contextIndex.FunctionExpressionKeysForOwner,method,analysis/check/fixpoint/program,,unclassified,,,
analysis/check/fixpoint/program,context_index.go,contextIndex.HasFunctionExpression,method,analysis/check/fixpoint/program,,unclassified,,,
analysis/check/fixpoint/program,context_index.go,contextIndex.Len,method,analysis/check/fixpoint/program,,unclassified,,,
analysis/check/fixpoint/program,context_index.go,contextIndex.SemanticCallContextCount,method,analysis/check/fixpoint/program,,unclassified,,,
analysis/check/fixpoint/program,context_index.go,contextIndex.TransformEntries,method,analysis/check/fixpoint/program,,unclassified,,,
analysis/check/fixpoint/program,materialization_cache.go,materializedSummaryCache.EntriesOwnedNormalized,method,analysis/check/fixpoint/program,,unclassified,,,
analysis/check/fixpoint/program,materialization_cache.go,materializedSummaryCache.Read,method,analysis/check/fixpoint/program,,unclassified,,,
analysis/check/fixpoint/program,materialization_cache.go,materializedSummaryCache.ReadOwnedNormalized,method,analysis/check/fixpoint/program,,unclassified,,,
analysis/check/fixpoint/program,materialization_cache.go,materializedSummaryCache.SummaryUniverseIdentity,method,analysis/check/fixpoint/program,,unclassified,,,
analysis/check/fixpoint/program,materialization_cache.go,trackingSummaryReader.Read,method,analysis/check/fixpoint/program,,unclassified,,,
analysis/check/fixpoint/program,materialization_cache.go,trackingSummaryReader.ReadOwnedNormalized,method,analysis/check/fixpoint/program,,unclassified,,,
analysis/check/fixpoint/program,materialization_context_queue.go,materializationContextQueue.Next,method,analysis/check/fixpoint/program,,unclassified,,,
analysis/check/fixpoint/program,point_summary_dependencies.go,pointTrackingSummaryReader.Read,method,analysis/check/fixpoint/program,,unclassified,,,
analysis/check/fixpoint/program,point_summary_dependencies.go,pointTrackingSummaryReader.ReadOwnedNormalized,method,analysis/check/fixpoint/program,,unclassified,,,
analysis/check/fixpoint/program,program.go,Config,type,analysis/check/fixpoint/program,,unclassified,,,
analysis/check/fixpoint/program,program.go,Result,type,analysis/check/fixpoint/program,,unclassified,,,
analysis/check/fixpoint/program,program.go,Result.FunctionKey,method,analysis/check/fixpoint/program,,unclassified,,,
analysis/check/fixpoint/program,program.go,Result.PathKey,method,analysis/check/fixpoint/program,,unclassified,,,
analysis/check/fixpoint/program,program.go,Result.RootKey,method,analysis/check/fixpoint/program,,unclassified,,,
analysis/check/fixpoint/program,program.go,Result.RootResult,method,analysis/check/fixpoint/program,,unclassified,,,
analysis/check/fixpoint/program,program.go,Result.Snapshot,method,analysis/check/fixpoint/program,,unclassified,,,
analysis/check/fixpoint/program,program.go,Result.TargetKey,method,analysis/check/fixpoint/program,,unclassified,,,
analysis/check/fixpoint/program,program.go,RunBoundChunk,func,analysis/check/fixpoint/program,,unclassified,,,
analysis/check/fixpoint/program,program.go,RunBoundFunction,func,analysis/check/fixpoint/program,,unclassified,,,
analysis/check/fixpoint/program,program.go,RunChunk,func,analysis/check/fixpoint/program,,unclassified,,,
analysis/check/fixpoint/program,program.go,RunFunction,func,analysis/check/fixpoint/program,,unclassified,,,
analysis/check/fixpoint/program,program.go,Stats,type,analysis/check/fixpoint/program,,unclassified,,,
analysis/check/fixpoint/program,relation_catalog.go,relationConsumerPolicy.Active,method,analysis/check/fixpoint/program,,unclassified,,,
analysis/check/fixpoint/program,relation_catalog.go,relationConsumerPolicy.DependencyKey,method,analysis/check/fixpoint/program,,unclassified,,,
analysis/check/fixpoint/program,relation_catalog.go,relationConsumerPolicy.DirectCalls,method,analysis/check/fixpoint/program,,unclassified,,,
analysis/check/fixpoint/program,relation_catalog.go,relationConsumerPolicy.Owners,method,analysis/check/fixpoint/program,,unclassified,,,
analysis/check/fixpoint/program,relation_catalog.go,relationRunCatalog.ConsumerPolicy,method,analysis/check/fixpoint/program,,unclassified,,,
analysis/check/fixpoint/program,relation_catalog.go,relationRunCatalog.DirectCalls,method,analysis/check/fixpoint/program,,unclassified,,,
analysis/check/fixpoint/program,relation_catalog.go,relationRunCatalog.Entries,method,analysis/check/fixpoint/program,,unclassified,,,
analysis/check/fixpoint/program,relation_catalog.go,relationRunCatalog.Freeze,method,analysis/check/fixpoint/program,,unclassified,,,
analysis/check/fixpoint/program,relation_phase_collapse.go,strictRelationPublishedReader.Read,method,analysis/check/fixpoint/program,analysis/check/fixpoint/program,boundary-provider,boundary:strict-relation-publication,go-lua.summary.reader/v1,fixture:frozen-threads-relation-differential
analysis/check/fixpoint/program,relation_phase_collapse.go,strictRelationPublishedReader.ReadOwnedNormalized,method,analysis/check/fixpoint/program,analysis/check/fixpoint/program,boundary-provider,boundary:strict-relation-publication,go-lua.summary.reader/v1,fixture:frozen-threads-relation-differential
analysis/check/fixpoint/program,relation_snapshot.go,relationFreezeError.Error,method,analysis/check/fixpoint/program,,unclassified,,,
analysis/check/fixpoint/program,relation_snapshot.go,relationFreezeError.Unwrap,method,analysis/check/fixpoint/program,,unclassified,,,
analysis/check/fixpoint/program,relation_snapshot.go,relationRunSnapshot.ContextSummary,method,analysis/check/fixpoint/program,,unclassified,,,
analysis/check/fixpoint/program,relation_snapshot.go,relationRunSnapshot.DependencyKey,method,analysis/check/fixpoint/program,,unclassified,,,
analysis/check/fixpoint/program,relation_snapshot.go,relationRunSnapshot.DirectCalls,method,analysis/check/fixpoint/program,,unclassified,,,
analysis/check/fixpoint/program,relation_snapshot.go,relationRunSnapshot.Entries,method,analysis/check/fixpoint/program,,unclassified,,,
analysis/check/fixpoint/program,relation_snapshot.go,relationRunSnapshot.Identity,method,analysis/check/fixpoint/program,,unclassified,,,
analysis/check/fixpoint/program,relation_snapshot.go,relationRunSnapshot.Lookup,method,analysis/check/fixpoint/program,,unclassified,,,
analysis/check/fixpoint/program,relation_snapshot.go,relationRunSnapshot.PinnedSummaries,method,analysis/check/fixpoint/program,,unclassified,,,
analysis/check/fixpoint/program,retained_summary_application.go,retainedSummaryApplicationAttempt.Abort,method,analysis/check/fixpoint/program,,unclassified,,,
analysis/check/fixpoint/program,retained_summary_application.go,retainedSummaryApplicationAttempt.Decision,method,analysis/check/fixpoint/program,,unclassified,,,
analysis/check/fixpoint/program,retained_summary_application.go,retainedSummaryApplicationAttempt.Publish,method,analysis/check/fixpoint/program,,unclassified,,,
analysis/check/fixpoint/program,retained_summary_application.go,retainedSummaryApplicationOwner.Release,method,analysis/check/fixpoint/program,,unclassified,,,
analysis/check/fixpoint/program,retained_summary_application.go,retainedSummaryApplicationRun.Release,method,analysis/check/fixpoint/program,,unclassified,,,
analysis/check/fixpoint/program,stats.go,BodySolveAttribution,type,analysis/check/fixpoint/program,,unclassified,,,
analysis/check/fixpoint/program,stats.go,CompositionCost,type,analysis/check/fixpoint/program,,unclassified,,,
analysis/check/fixpoint/program,stats.go,SolvePhase,type,analysis/check/fixpoint/program,,unclassified,,,
analysis/check/fixpoint/program,stats.go,SolvePhaseMaterialize,const,analysis/check/fixpoint/program,,unclassified,,,
analysis/check/fixpoint/program,stats.go,SolvePhasePrepass,const,analysis/check/fixpoint/program,,unclassified,,,
analysis/check/fixpoint/program,stats.go,SolvePhaseSummary,const,analysis/check/fixpoint/program,,unclassified,,,
analysis/check/fixpoint/program,stats.go,Stats.BodySolveAttribution,method,analysis/check/fixpoint/program,,unclassified,,,
analysis/check/fixpoint/program,stats.go,Stats.CompositionCostCensus,method,analysis/check/fixpoint/program,,unclassified,,,
analysis/check/fixpoint/program,stats.go,Stats.CompositionCostCensusAllowing,method,analysis/check/fixpoint/program,,unclassified,,,
analysis/check/fixpoint/program,summary_solve_cache.go,NewSummarySolveCache,func,analysis/check/fixpoint/program,,unclassified,,,
analysis/check/fixpoint/program,summary_solve_cache.go,SummarySolveCache,type,analysis/check/fixpoint/program,,unclassified,,,
analysis/check/fixpoint/program/internal/callresult,prepared_transaction.go,NewPreparedSummaryTransaction,func,analysis/check/fixpoint/program/internal/callresult,,unclassified,,,
analysis/check/fixpoint/program/internal/callresult,prepared_transaction.go,PreparedSummaryTransaction,type,analysis/check/fixpoint/program/internal/callresult,,unclassified,,,
analysis/check/fixpoint/program/internal/callresult,prepared_transaction.go,PreparedSummaryTransaction.Apply,method,analysis/check/fixpoint/program/internal/callresult,,unclassified,,,
analysis/check/fixpoint/program/internal/callresult,prepared_transaction.go,PreparedSummaryTransaction.FunctionType,method,analysis/check/fixpoint/program/internal/callresult,,unclassified,,,
analysis/check/fixpoint/program/internal/callresult,protected_typestate.go,ProtectedCallTypestateOutcomeProvider,func,analysis/check/fixpoint/program/internal/callresult,,unclassified,,,
analysis/check/fixpoint/program/internal/callresult,provider.go,ByCalleeIdentity,func,analysis/check/fixpoint/program/internal/callresult,,unclassified,,,
analysis/check/fixpoint/program/internal/callresult,provider.go,CalleeValueFunc,type,analysis/check/fixpoint/program/internal/callresult,,unclassified,,,
analysis/check/fixpoint/program/internal/callresult,provider.go,KeyFunc,type,analysis/check/fixpoint/program/internal/callresult,,unclassified,,,
analysis/check/fixpoint/program/internal/callresult,provider.go,OutcomeProvider,func,analysis/check/fixpoint/program/internal/callresult,,unclassified,,,
analysis/check/fixpoint/program/internal/callresult,provider.go,ProviderConfig,type,analysis/check/fixpoint/program/internal/callresult,,unclassified,,,
analysis/check/fixpoint/program/internal/callresult,provider.go,ReceiverCallableFunc,type,analysis/check/fixpoint/program/internal/callresult,,unclassified,,,
analysis/check/fixpoint/program/internal/callresult,provider.go,ReturnPresenceRelationsForPathFunc,type,analysis/check/fixpoint/program/internal/callresult,,unclassified,,,
analysis/check/fixpoint/program/internal/callresult,specialization.go,SummaryArgumentTypeProvider,func,analysis/check/fixpoint/program/internal/callresult,,unclassified,,,
analysis/check/fixpoint/program/internal/callresult,specialization.go,UsableType,func,analysis/check/fixpoint/program/internal/callresult,,unclassified,,,
analysis/check/fixpoint/program/internal/callresult,summary_index.go,NewSummaryIndex,func,analysis/check/fixpoint/program/internal/callresult,,unclassified,,,
analysis/check/fixpoint/program/internal/callresult,summary_index.go,NewSummaryIndexBase,func,analysis/check/fixpoint/program/internal/callresult,,unclassified,,,
analysis/check/fixpoint/program/internal/callresult,summary_index.go,SummaryIndex,type,analysis/check/fixpoint/program/internal/callresult,,unclassified,,,
analysis/check/fixpoint/program/internal/callresult,summary_index.go,SummaryIndexBase,type,analysis/check/fixpoint/program/internal/callresult,,unclassified,,,
analysis/check/fixpoint/program/internal/callresult,summary_index.go,SummaryIndexBase.WithFunctionExpressionKeys,method,analysis/check/fixpoint/program/internal/callresult,,unclassified,,,
analysis/check/fixpoint/program/internal/callresult,summary_index.go,SummaryIndexBase.WithOwnerFunctionExpressionKeys,method,analysis/check/fixpoint/program/internal/callresult,,unclassified,,,
analysis/check/fixpoint/program/internal/callresult,summary_index.go,SummaryIndexBaseConfig,type,analysis/check/fixpoint/program/internal/callresult,,unclassified,,,
analysis/check/fixpoint/program/internal/callresult,summary_index.go,SummaryIndexConfig,type,analysis/check/fixpoint/program/internal/callresult,,unclassified,,,
analysis/check/fixpoint/program/internal/memberaccess,memberaccess.go,Callable,func,analysis/check/fixpoint/program/internal/memberaccess,,unclassified,,,
analysis/check/fixpoint/program/internal/memberaccess,memberaccess.go,Paths,func,analysis/check/fixpoint/program/internal/memberaccess,,unclassified,,,
analysis/check/fixpoint/program/internal/memberaccess,memberaccess.go,Valid,func,analysis/check/fixpoint/program/internal/memberaccess,,unclassified,,,
analysis/check/fixpoint/program/internal/projectsummary,boundary_path_projector.go,boundaryPathProjector.KeyspacePlaceholderPath,method,analysis/check/fixpoint/program/internal/projectsummary,,unclassified,,,
analysis/check/fixpoint/program/internal/projectsummary,boundary_path_projector.go,boundaryPathProjector.KeyspaceStatePath,method,analysis/check/fixpoint/program/internal/projectsummary,,unclassified,,,
analysis/check/fixpoint/program/internal/projectsummary,boundary_path_projector.go,boundaryPathProjector.Params,method,analysis/check/fixpoint/program/internal/projectsummary,,unclassified,,,
analysis/check/fixpoint/program/internal/projectsummary,boundary_path_projector.go,boundaryPathProjector.PlaceholderPath,method,analysis/check/fixpoint/program/internal/projectsummary,,unclassified,,,
analysis/check/fixpoint/program/internal/projectsummary,boundary_path_projector.go,boundaryPathProjector.ProjectLocalPath,method,analysis/check/fixpoint/program/internal/projectsummary,,unclassified,,,
analysis/check/fixpoint/program/internal/projectsummary,boundary_path_projector.go,boundaryPathProjector.ProjectLocalPaths,method,analysis/check/fixpoint/program/internal/projectsummary,,unclassified,,,
analysis/check/fixpoint/program/internal/projectsummary,boundary_path_projector.go,boundaryPathProjector.RelConstraintFact,method,analysis/check/fixpoint/program/internal/projectsummary,,unclassified,,,
analysis/check/fixpoint/program/internal/projectsummary,boundary_path_projector.go,boundaryPathProjector.StatePath,method,analysis/check/fixpoint/program/internal/projectsummary,,unclassified,,,
analysis/check/fixpoint/program/internal/projectsummary,project.go,FromResult,func,analysis/check/fixpoint/program/internal/projectsummary,,unclassified,,,
analysis/check/fixpoint/program/internal/projectsummary,project.go,FromResultContext,func,analysis/check/fixpoint/program/internal/projectsummary,,unclassified,,,
analysis/check/fixpoint/program/internal/projectsummary,project.go,ResultReader,type,analysis/check/fixpoint/program/internal/projectsummary,,unclassified,,,
analysis/check/fixpoint/program/internal/projectsummary,resolved_effect_summary.go,LowerResolvedEffects,func,analysis/check/fixpoint/program/internal/projectsummary,,unclassified,,,
analysis/check/fixpoint/program/internal/projectsummary,resolved_effect_summary.go,ResolvedEffectSummaryResolver,func,analysis/check/fixpoint/program/internal/projectsummary,,unclassified,,,
analysis/check/fixpoint/program/internal/projectsummary,return_slot_projection.go,returnSlotProjection.OK,method,analysis/check/fixpoint/program/internal/projectsummary,,unclassified,,,
analysis/check/fixpoint/program/internal/projectsummary,return_slot_projection.go,returnSlotProjection.Sources,method,analysis/check/fixpoint/program/internal/projectsummary,,unclassified,,,
analysis/check/fixpoint/program/internal/projectsummary,return_slot_projection.go,returnSlotProjection.Value,method,analysis/check/fixpoint/program/internal/projectsummary,,unclassified,,,
analysis/check/fixpoint/program/internal/projectsummary,return_slot_projection.go,returnSlotProjection.ValueWithDeclaredContract,method,analysis/check/fixpoint/program/internal/projectsummary,,unclassified,,,
analysis/check/fixpoint/program/internal/relationcall,catalog.go,Catalog,type,analysis/check/fixpoint/program/internal/relationcall,,unclassified,,,
analysis/check/fixpoint/program/internal/relationcall,catalog.go,Catalog.Lookup,method,analysis/check/fixpoint/program/internal/relationcall,,unclassified,,,
analysis/check/fixpoint/program/internal/relationcall,catalog.go,Catalog.PointCount,method,analysis/check/fixpoint/program/internal/relationcall,,unclassified,,,
analysis/check/fixpoint/program/internal/relationcall,catalog.go,NewCatalog,func,analysis/check/fixpoint/program/internal/relationcall,,unclassified,,,
analysis/check/fixpoint/program/internal/relationcall,catalog.go,Route,type,analysis/check/fixpoint/program/internal/relationcall,,unclassified,,,
analysis/check/fixpoint/program/internal/relationcall,provider.go,Bindings,type,analysis/check/fixpoint/program/internal/relationcall,,unclassified,,,
analysis/check/fixpoint/program/internal/relationcall,provider.go,Config,type,analysis/check/fixpoint/program/internal/relationcall,,unclassified,,,
analysis/check/fixpoint/program/internal/relationcall,provider.go,Exclusive,func,analysis/check/fixpoint/program/internal/relationcall,,unclassified,,,
analysis/check/fixpoint/program/internal/relationcall,provider.go,NewResolver,func,analysis/check/fixpoint/program/internal/relationcall,,unclassified,,,
analysis/check/fixpoint/program/internal/relationcall,provider.go,OutcomeProvider,func,analysis/check/fixpoint/program/internal/relationcall,,unclassified,,,
analysis/check/fixpoint/program/internal/relationcall,provider.go,Resolver,type,analysis/check/fixpoint/program/internal/relationcall,,unclassified,,,
analysis/check/fixpoint/program/internal/relationcall,provider.go,Specialization,type,analysis/check/fixpoint/program/internal/relationcall,,unclassified,,,
analysis/check/fixpoint/program/internal/relationcall,provider.go,Target,type,analysis/check/fixpoint/program/internal/relationcall,,unclassified,,,
analysis/check/fixpoint/program/internal/relationcall,provider.go,TargetFor,type,analysis/check/fixpoint/program/internal/relationcall,,unclassified,,,
analysis/check/fixpoint/program/internal/relationcall,provider.go,TryOutcome,func,analysis/check/fixpoint/program/internal/relationcall,,unclassified,,,
analysis/check/fixpoint/program/internal/relationcall,provider.go,TryOutcomeProvider,type,analysis/check/fixpoint/program/internal/relationcall,,unclassified,,,
analysis/check/fixpoint/program/poc/summaryadapter,adapter.go,Constant,func,analysis/check/fixpoint/program/poc/summaryadapter,,unclassified,,,
analysis/check/fixpoint/program/poc/summaryadapter,adapter.go,EffectDelta,type,analysis/check/fixpoint/program/poc/summaryadapter,,unclassified,,,
analysis/check/fixpoint/program/poc/summaryadapter,adapter.go,ErrConditionalObligation,var,analysis/check/fixpoint/program/poc/summaryadapter,,unclassified,,,
analysis/check/fixpoint/program/poc/summaryadapter,adapter.go,ErrInvalidPlan,var,analysis/check/fixpoint/program/poc/summaryadapter,,unclassified,,,
analysis/check/fixpoint/program/poc/summaryadapter,adapter.go,Guard,type,analysis/check/fixpoint/program/poc/summaryadapter,,unclassified,,,
analysis/check/fixpoint/program/poc/summaryadapter,adapter.go,GuardFalsy,const,analysis/check/fixpoint/program/poc/summaryadapter,,unclassified,,,
analysis/check/fixpoint/program/poc/summaryadapter,adapter.go,GuardKind,type,analysis/check/fixpoint/program/poc/summaryadapter,,unclassified,,,
analysis/check/fixpoint/program/poc/summaryadapter,adapter.go,GuardTruthy,const,analysis/check/fixpoint/program/poc/summaryadapter,,unclassified,,,
analysis/check/fixpoint/program/poc/summaryadapter,adapter.go,NewPlan,func,analysis/check/fixpoint/program/poc/summaryadapter,,unclassified,,,
analysis/check/fixpoint/program/poc/summaryadapter,adapter.go,Parameter,func,analysis/check/fixpoint/program/poc/summaryadapter,,unclassified,,,
analysis/check/fixpoint/program/poc/summaryadapter,adapter.go,PathInvalidation,type,analysis/check/fixpoint/program/poc/summaryadapter,,unclassified,,,
analysis/check/fixpoint/program/poc/summaryadapter,adapter.go,PathRefinement,type,analysis/check/fixpoint/program/poc/summaryadapter,,unclassified,,,
analysis/check/fixpoint/program/poc/summaryadapter,adapter.go,Plan,type,analysis/check/fixpoint/program/poc/summaryadapter,,unclassified,,,
analysis/check/fixpoint/program/poc/summaryadapter,adapter.go,Plan.Specialize,method,analysis/check/fixpoint/program/poc/summaryadapter,,unclassified,,,
analysis/check/fixpoint/program/poc/summaryadapter,adapter.go,Row,type,analysis/check/fixpoint/program/poc/summaryadapter,,unclassified,,,
analysis/check/fixpoint/program/poc/summaryadapter,adapter.go,Spec,type,analysis/check/fixpoint/program/poc/summaryadapter,,unclassified,,,
analysis/check/fixpoint/program/poc/summaryadapter,adapter.go,Value,type,analysis/check/fixpoint/program/poc/summaryadapter,,unclassified,,,
analysis/check/fixpoint/query,query.go,Body,type,analysis/check/fixpoint/query,,unclassified,,,
analysis/check/fixpoint/query,query.go,Config,type,analysis/check/fixpoint/query,,unclassified,,,
analysis/check/fixpoint/query,query.go,Context,type,analysis/check/fixpoint/query,,unclassified,,,
analysis/check/fixpoint/query,query.go,Driver,type,analysis/check/fixpoint/query,,unclassified,,,
analysis/check/fixpoint/query,query.go,Driver.Run,method,analysis/check/fixpoint/query,,unclassified,,,
analysis/check/fixpoint/query,query.go,ErrDuplicateFunction,var,analysis/check/fixpoint/query,,unclassified,,,
analysis/check/fixpoint/query,query.go,ErrDuplicatePinned,var,analysis/check/fixpoint/query,,unclassified,,,
analysis/check/fixpoint/query,query.go,ErrNilBody,var,analysis/check/fixpoint/query,,unclassified,,,
analysis/check/fixpoint/query,query.go,ErrPinnedFunctionConflict,var,analysis/check/fixpoint/query,,unclassified,,,
analysis/check/fixpoint/query,query.go,ErrRegistryRequired,var,analysis/check/fixpoint/query,,unclassified,,,
analysis/check/fixpoint/query,query.go,Function,type,analysis/check/fixpoint/query,,unclassified,,,
analysis/check/fixpoint/query,query.go,New,func,analysis/check/fixpoint/query,,unclassified,,,
analysis/check/fixpoint/query,query.go,Run,func,analysis/check/fixpoint/query,,unclassified,,,
analysis/check/fixpoint/query,query.go,Stats,type,analysis/check/fixpoint/query,,unclassified,,,
analysis/check/fixpoint/query,query.go,activeReader.Read,method,analysis/check/fixpoint/query,,unclassified,,,
analysis/check/fixpoint/ref,ref.go,FromSymbol,func,analysis/check/fixpoint/ref,,unclassified,,,
analysis/check/fixpoint/ref,ref.go,FuncRef,type,analysis/check/fixpoint/ref,,unclassified,,,
analysis/check/fixpoint/ref,ref.go,FuncRef.IsZero,method,analysis/check/fixpoint/ref,,unclassified,,,
analysis/check/fixpoint/ref,ref.go,FuncRef.Less,method,analysis/check/fixpoint/ref,,unclassified,,,
analysis/check/fixpoint/ref,ref.go,FuncRef.String,method,analysis/check/fixpoint/ref,,unclassified,,,
analysis/check/fixpoint/ref,ref.go,Kind,type,analysis/check/fixpoint/ref,,unclassified,,,
analysis/check/fixpoint/ref,ref.go,KindCFG,const,analysis/check/fixpoint/ref,,unclassified,,,
analysis/check/fixpoint/ref,ref.go,KindRoot,const,analysis/check/fixpoint/ref,,unclassified,,,
analysis/check/fixpoint/ref,ref.go,KindSymbol,const,analysis/check/fixpoint/ref,,unclassified,,,
analysis/check/fixpoint/ref,ref.go,KindZero,const,analysis/check/fixpoint/ref,,unclassified,,,
analysis/check/fixpoint/ref,ref.go,Root,func,analysis/check/fixpoint/ref,,unclassified,,,
analysis/check/fixpoint/summary,digest.go,NormalizedPayloadDigest,func,analysis/check/fixpoint/summary,,unclassified,,,
analysis/check/fixpoint/summary,fact_descriptors.go,PresentFactKinds,func,analysis/check/fixpoint/summary,,unclassified,,,
analysis/check/fixpoint/summary,fact_descriptors.go,SummaryFactDescriptors,func,analysis/check/fixpoint/summary,,unclassified,,,
analysis/check/fixpoint/summary,fact_descriptors.go,SummarySlotOps,type,analysis/check/fixpoint/summary,,unclassified,,,
analysis/check/fixpoint/summary,fact_descriptors.go,SummarySlotOps.Slot,method,analysis/check/fixpoint/summary,,unclassified,,,
analysis/check/fixpoint/summary,normal_return_facts.go,CloneNormalReturnFacts,func,analysis/check/fixpoint/summary,,unclassified,,,
analysis/check/fixpoint/summary,num_floor_facts.go,numFloorFactLane.Clone,method,analysis/check/fixpoint/summary,,unclassified,,,
analysis/check/fixpoint/summary,num_floor_facts.go,numFloorFactLane.Equal,method,analysis/check/fixpoint/summary,,unclassified,,,
analysis/check/fixpoint/summary,num_floor_facts.go,numFloorFactLane.Join,method,analysis/check/fixpoint/summary,,unclassified,,,
analysis/check/fixpoint/summary,num_floor_facts.go,numFloorFactLane.LessOrEq,method,analysis/check/fixpoint/summary,,unclassified,,,
analysis/check/fixpoint/summary,num_floor_facts.go,numFloorFactLane.Normalize,method,analysis/check/fixpoint/summary,,unclassified,,,
analysis/check/fixpoint/summary,num_floor_facts.go,numFloorFactLane.NormalizeOwned,method,analysis/check/fixpoint/summary,,unclassified,,,
analysis/check/fixpoint/summary,num_floor_facts.go,numFloorFactLane.Widen,method,analysis/check/fixpoint/summary,,unclassified,,,
analysis/check/fixpoint/summary,param_condition.go,ParamCondition,type,analysis/check/fixpoint/summary,,unclassified,,,
analysis/check/fixpoint/summary,param_condition.go,ParamCondition.IsUseful,method,analysis/check/fixpoint/summary,,unclassified,,,
analysis/check/fixpoint/summary,param_condition.go,ParamConditionBottom,const,analysis/check/fixpoint/summary,,unclassified,,,
analysis/check/fixpoint/summary,param_condition.go,ParamConditionFalsy,const,analysis/check/fixpoint/summary,,unclassified,,,
analysis/check/fixpoint/summary,param_condition.go,ParamConditionTop,const,analysis/check/fixpoint/summary,,unclassified,,,
analysis/check/fixpoint/summary,param_condition.go,ParamConditionTruthy,const,analysis/check/fixpoint/summary,,unclassified,,,
analysis/check/fixpoint/summary,param_equality.go,ParamEquality,type,analysis/check/fixpoint/summary,,unclassified,,,
analysis/check/fixpoint/summary,param_obligation.go,CapturedPathObligation,type,analysis/check/fixpoint/summary,,unclassified,,,
analysis/check/fixpoint/summary,param_obligation.go,ParamMemberCallObligation,type,analysis/check/fixpoint/summary,,unclassified,,,
analysis/check/fixpoint/summary,param_obligation.go,ParamMemberReturnSlot,type,analysis/check/fixpoint/summary,,unclassified,,,
analysis/check/fixpoint/summary,param_obligation.go,ParamSinkExposure,type,analysis/check/fixpoint/summary,,unclassified,,,
analysis/check/fixpoint/summary,param_obligation.go,ReturnParamPathAlias,type,analysis/check/fixpoint/summary,,unclassified,,,
analysis/check/fixpoint/summary,rel_constraint_facts.go,relConstraintFactLane.Clone,method,analysis/check/fixpoint/summary,,unclassified,,,
analysis/check/fixpoint/summary,rel_constraint_facts.go,relConstraintFactLane.Equal,method,analysis/check/fixpoint/summary,,unclassified,,,
analysis/check/fixpoint/summary,rel_constraint_facts.go,relConstraintFactLane.Join,method,analysis/check/fixpoint/summary,,unclassified,,,
analysis/check/fixpoint/summary,rel_constraint_facts.go,relConstraintFactLane.LessOrEq,method,analysis/check/fixpoint/summary,,unclassified,,,
analysis/check/fixpoint/summary,rel_constraint_facts.go,relConstraintFactLane.Normalize,method,analysis/check/fixpoint/summary,,unclassified,,,
analysis/check/fixpoint/summary,rel_constraint_facts.go,relConstraintFactLane.NormalizeOwned,method,analysis/check/fixpoint/summary,,unclassified,,,
analysis/check/fixpoint/summary,rel_constraint_facts.go,relConstraintFactLane.Widen,method,analysis/check/fixpoint/summary,,unclassified,,,
analysis/check/fixpoint/summary,return_condition.go,ReturnConditionParamRefinement,type,analysis/check/fixpoint/summary,,unclassified,,,
analysis/check/fixpoint/summary,return_condition_slot.go,ReturnConditionSlotRefinement,type,analysis/check/fixpoint/summary,,unclassified,,,
analysis/check/fixpoint/summary,return_flow.go,ReturnFlow,type,analysis/check/fixpoint/summary,,unclassified,,,
analysis/check/fixpoint/summary,return_flow.go,ReturnFlowInvalid,const,analysis/check/fixpoint/summary,,unclassified,,,
analysis/check/fixpoint/summary,return_flow.go,ReturnFlowKind,type,analysis/check/fixpoint/summary,,unclassified,,,
analysis/check/fixpoint/summary,return_flow.go,ReturnFlowParam,const,analysis/check/fixpoint/summary,,unclassified,,,
analysis/check/fixpoint/summary,return_flow.go,ReturnFlowParamMember,const,analysis/check/fixpoint/summary,,unclassified,,,
analysis/check/fixpoint/summary,return_flow.go,returnFlowFactLane.Equal,method,analysis/check/fixpoint/summary,,unclassified,,,
analysis/check/fixpoint/summary,return_flow.go,returnFlowFactLane.Join,method,analysis/check/fixpoint/summary,,unclassified,,,
analysis/check/fixpoint/summary,return_flow.go,returnFlowFactLane.LessOrEq,method,analysis/check/fixpoint/summary,,unclassified,,,
analysis/check/fixpoint/summary,return_flow.go,returnFlowFactLane.Normalize,method,analysis/check/fixpoint/summary,,unclassified,,,
analysis/check/fixpoint/summary,return_flow.go,returnFlowFactLane.NormalizeOwned,method,analysis/check/fixpoint/summary,,unclassified,,,
analysis/check/fixpoint/summary,return_flow.go,returnFlowFactLane.Widen,method,analysis/check/fixpoint/summary,,unclassified,,,
analysis/check/fixpoint/summary,return_param_literal_case.go,ReturnParamLiteralCase,type,analysis/check/fixpoint/summary,,unclassified,,,
analysis/check/fixpoint/summary,return_presence_relation.go,ReturnPresenceRelation,type,analysis/check/fixpoint/summary,,unclassified,,,
analysis/check/fixpoint/summary,schema_version.go,BoundaryLaneSchemaVersion,const,analysis/check/fixpoint/summary,,unclassified,,,
analysis/check/fixpoint/summary,snapshot.go,EntrySummary,type,analysis/check/fixpoint/summary,,unclassified,,,
analysis/check/fixpoint/summary,snapshot.go,NewSnapshot,func,analysis/check/fixpoint/summary,,unclassified,,,
analysis/check/fixpoint/summary,snapshot.go,NewSnapshotOwnedNormalized,func,analysis/check/fixpoint/summary,,unclassified,,,
analysis/check/fixpoint/summary,snapshot.go,NewUniverseIdentity,func,analysis/check/fixpoint/summary,,unclassified,,,
analysis/check/fixpoint/summary,snapshot.go,OwnedNormalizedReader,type,analysis/check/fixpoint/summary,,unclassified,,,
analysis/check/fixpoint/summary,snapshot.go,Reader,type,analysis/check/fixpoint/summary,,unclassified,,,
analysis/check/fixpoint/summary,snapshot.go,Snapshot,type,analysis/check/fixpoint/summary,,unclassified,,,
analysis/check/fixpoint/summary,snapshot.go,Snapshot.Entries,method,analysis/check/fixpoint/summary,,unclassified,,,
analysis/check/fixpoint/summary,snapshot.go,Snapshot.EntriesOwnedNormalized,method,analysis/check/fixpoint/summary,,unclassified,,,
analysis/check/fixpoint/summary,snapshot.go,Snapshot.Read,method,analysis/check/fixpoint/summary,,unclassified,,,
analysis/check/fixpoint/summary,snapshot.go,Snapshot.ReadOwnedNormalized,method,analysis/check/fixpoint/summary,,unclassified,,,
analysis/check/fixpoint/summary,snapshot.go,Snapshot.SummaryUniverseIdentity,method,analysis/check/fixpoint/summary,,unclassified,,,
analysis/check/fixpoint/summary,snapshot.go,UniverseIdentity,type,analysis/check/fixpoint/summary,,unclassified,,,
analysis/check/fixpoint/summary,snapshot.go,UniverseIdentityReader,type,analysis/check/fixpoint/summary,,unclassified,,,
analysis/check/fixpoint/summary,summary.go,CallerFreshHeapPlacements,func,analysis/check/fixpoint/summary,,unclassified,,,
analysis/check/fixpoint/summary,summary.go,FreshHeapAllocation,type,analysis/check/fixpoint/summary,,unclassified,,,
analysis/check/fixpoint/summary,summary.go,FreshHeapAllocation.CallerPlacement,method,analysis/check/fixpoint/summary,,unclassified,,,
analysis/check/fixpoint/summary,summary.go,Summary,type,analysis/check/fixpoint/summary,,unclassified,,,
analysis/check/fixpoint/summary,summary.go,Summary.Clone,method,analysis/check/fixpoint/summary,,unclassified,,,
analysis/check/fixpoint/summary,summary.go,Summary.RekeyHeapTableObjects,method,analysis/check/fixpoint/summary,,unclassified,,,
analysis/check/fixpoint/summary,summary_key.go,DefaultSummaryKey,func,analysis/check/fixpoint/summary,,unclassified,,,
analysis/check/fixpoint/summary,summary_key.go,Digest,type,analysis/check/fixpoint/summary,,unclassified,,,
analysis/check/fixpoint/summary,summary_key.go,EntryKey,type,analysis/check/fixpoint/summary,,unclassified,,,
analysis/check/fixpoint/summary,summary_key.go,SummaryKey,type,analysis/check/fixpoint/summary,,unclassified,,,
analysis/check/fixpoint/summary,summary_key.go,SummaryKey.Less,method,analysis/check/fixpoint/summary,,unclassified,,,
analysis/check/fixpoint/summary,summary_lattice.go,Equal,func,analysis/check/fixpoint/summary,,unclassified,,,
analysis/check/fixpoint/summary,summary_lattice.go,EqualNormalized,func,analysis/check/fixpoint/summary,,unclassified,,,
analysis/check/fixpoint/summary,summary_lattice.go,Join,func,analysis/check/fixpoint/summary,,unclassified,,,
analysis/check/fixpoint/summary,summary_lattice.go,JoinReturnValue,func,analysis/check/fixpoint/summary,,unclassified,,,
analysis/check/fixpoint/summary,summary_lattice.go,LessOrEq,func,analysis/check/fixpoint/summary,,unclassified,,,
analysis/check/fixpoint/summary,summary_lattice.go,Normalize,func,analysis/check/fixpoint/summary,,unclassified,,,
analysis/check/fixpoint/summary,summary_lattice.go,NormalizeOwned,func,analysis/check/fixpoint/summary,,unclassified,,,
analysis/check/fixpoint/summary,summary_lattice.go,NormalizedDomain,func,analysis/check/fixpoint/summary,,unclassified,,,
analysis/check/fixpoint/summary,summary_lattice.go,Widen,func,analysis/check/fixpoint/summary,,unclassified,,,
analysis/check/fixpoint/summary,summary_slots.go,UsefulNormalReturnParam,func,analysis/check/fixpoint/summary,,unclassified,,,
analysis/check/fixpoint/summary,summary_slots.go,UsefulParamObligation,func,analysis/check/fixpoint/summary,,unclassified,,,
analysis/check/fixpoint/transformer,allocation_terms.go,AllocationTemplateTerm,type,analysis/check/fixpoint/transformer,,unclassified,,,
analysis/check/fixpoint/transformer,allocation_terms.go,Arena.AllocationResultValue,method,analysis/check/fixpoint/transformer,,unclassified,,,
analysis/check/fixpoint/transformer,allocation_terms.go,Arena.AllocationTemplate,method,analysis/check/fixpoint/transformer,,unclassified,,,
analysis/check/fixpoint/transformer,branch_guard.go,BranchValueTerm,type,analysis/check/fixpoint/transformer,,unclassified,,,
analysis/check/fixpoint/transformer,branch_guard.go,LowerBranchConditionGuards,func,analysis/check/fixpoint/transformer,,unclassified,,,
analysis/check/fixpoint/transformer,branch_guard.go,LowerBranchGuards,func,analysis/check/fixpoint/transformer,,unclassified,,,
analysis/check/fixpoint/transformer,branch_proof_term.go,BranchProofTerm,type,analysis/check/fixpoint/transformer,,unclassified,,,
analysis/check/fixpoint/transformer,branch_refinement.go,BranchPathValueTerm,type,analysis/check/fixpoint/transformer,,unclassified,,,
analysis/check/fixpoint/transformer,branch_refinement.go,BranchRefinementKernelExact,func,analysis/check/fixpoint/transformer,,unclassified,,,
analysis/check/fixpoint/transformer,branch_refinement.go,LowerBranchRefinements,func,analysis/check/fixpoint/transformer,,unclassified,,,
analysis/check/fixpoint/transformer,branch_refinement.go,SymbolicBranchRefinement,type,analysis/check/fixpoint/transformer,,unclassified,,,
analysis/check/fixpoint/transformer,branch_refinement.go,SymbolicBranchRefinement.TargetPathRef,method,analysis/check/fixpoint/transformer,,unclassified,,,
analysis/check/fixpoint/transformer,branch_refinement.go,SymbolicBranchRefinement.Value,method,analysis/check/fixpoint/transformer,,unclassified,,,
analysis/check/fixpoint/transformer,capability.go,Capability,type,analysis/check/fixpoint/transformer,,unclassified,,,
analysis/check/fixpoint/transformer,capability.go,CapabilitySupported,const,analysis/check/fixpoint/transformer,,unclassified,,,
analysis/check/fixpoint/transformer,capability.go,CapabilityUnaffected,const,analysis/check/fixpoint/transformer,,unclassified,,,
analysis/check/fixpoint/transformer,capability.go,CapabilityUnsupported,const,analysis/check/fixpoint/transformer,,unclassified,,,
analysis/check/fixpoint/transformer,capability.go,DefaultOutputCapabilityRegistry,func,analysis/check/fixpoint/transformer,,unclassified,,,
analysis/check/fixpoint/transformer,capability.go,DefaultSemanticCapabilityRegistry,func,analysis/check/fixpoint/transformer,,unclassified,,,
analysis/check/fixpoint/transformer,capability.go,NewOutputCapabilityRegistry,func,analysis/check/fixpoint/transformer,,unclassified,,,
analysis/check/fixpoint/transformer,capability.go,NewSemanticCapabilityRegistry,func,analysis/check/fixpoint/transformer,,unclassified,,,
analysis/check/fixpoint/transformer,capability.go,OutputCapabilityRegistry,type,analysis/check/fixpoint/transformer,,unclassified,,,
analysis/check/fixpoint/transformer,capability.go,OutputCapabilityRegistry.Capability,method,analysis/check/fixpoint/transformer,,unclassified,,,
analysis/check/fixpoint/transformer,capability.go,OutputCapabilityRegistry.Complete,method,analysis/check/fixpoint/transformer,,unclassified,,,
analysis/check/fixpoint/transformer,capability.go,OutputCapabilityRegistry.Lanes,method,analysis/check/fixpoint/transformer,,unclassified,,,
analysis/check/fixpoint/transformer,capability.go,OutputCapabilityRegistry.Set,method,analysis/check/fixpoint/transformer,,unclassified,,,
analysis/check/fixpoint/transformer,capability.go,OutputCapabilityRegistry.SetSummary,method,analysis/check/fixpoint/transformer,,unclassified,,,
analysis/check/fixpoint/transformer,capability.go,OutputCapabilityRegistry.SummaryCapability,method,analysis/check/fixpoint/transformer,,unclassified,,,
analysis/check/fixpoint/transformer,capability.go,OutputCapabilityRegistry.SummaryKinds,method,analysis/check/fixpoint/transformer,,unclassified,,,
analysis/check/fixpoint/transformer,capability.go,OutputCapabilityRegistry.Unsupported,method,analysis/check/fixpoint/transformer,,unclassified,,,
analysis/check/fixpoint/transformer,capability.go,OutputCapabilityRegistry.UnsupportedSummary,method,analysis/check/fixpoint/transformer,,unclassified,,,
analysis/check/fixpoint/transformer,capability.go,OutputCellResult,const,analysis/check/fixpoint/transformer,,unclassified,,,
analysis/check/fixpoint/transformer,capability.go,OutputEffect,const,analysis/check/fixpoint/transformer,,unclassified,,,
analysis/check/fixpoint/transformer,capability.go,OutputKind,type,analysis/check/fixpoint/transformer,,unclassified,,,
analysis/check/fixpoint/transformer,capability.go,OutputObligation,const,analysis/check/fixpoint/transformer,,unclassified,,,
analysis/check/fixpoint/transformer,capability.go,OutputReturn,const,analysis/check/fixpoint/transformer,,unclassified,,,
analysis/check/fixpoint/transformer,capability.go,SemanticCapabilityRegistry,type,analysis/check/fixpoint/transformer,,unclassified,,,
analysis/check/fixpoint/transformer,capability.go,SemanticCapabilityRegistry.Complete,method,analysis/check/fixpoint/transformer,,unclassified,,,
analysis/check/fixpoint/transformer,capability.go,SemanticCapabilityRegistry.Extension,method,analysis/check/fixpoint/transformer,,unclassified,,,
analysis/check/fixpoint/transformer,capability.go,SemanticCapabilityRegistry.Fact,method,analysis/check/fixpoint/transformer,,unclassified,,,
analysis/check/fixpoint/transformer,capability.go,SemanticCapabilityRegistry.SetExtension,method,analysis/check/fixpoint/transformer,,unclassified,,,
analysis/check/fixpoint/transformer,capability.go,SemanticCapabilityRegistry.SetFact,method,analysis/check/fixpoint/transformer,,unclassified,,,
analysis/check/fixpoint/transformer,capability.go,SemanticCapabilityRegistry.UnsupportedExtension,method,analysis/check/fixpoint/transformer,,unclassified,,,
analysis/check/fixpoint/transformer,capability.go,SemanticCapabilityRegistry.UnsupportedFact,method,analysis/check/fixpoint/transformer,,unclassified,,,
analysis/check/fixpoint/transformer,certificate.go,CertifyPlan,func,analysis/check/fixpoint/transformer,,unclassified,,,
analysis/check/fixpoint/transformer,certificate.go,SemanticCertificate,type,analysis/check/fixpoint/transformer,,unclassified,,,
analysis/check/fixpoint/transformer,cfg_rows.go,SolveAcyclicCFGRows,func,analysis/check/fixpoint/transformer,,unclassified,,,
analysis/check/fixpoint/transformer,cfg_rows.go,SymbolicCFGBranch,type,analysis/check/fixpoint/transformer,,unclassified,,,
analysis/check/fixpoint/transformer,cfg_rows.go,SymbolicCFGOptions,type,analysis/check/fixpoint/transformer,,unclassified,,,
analysis/check/fixpoint/transformer,cfg_rows.go,SymbolicCFGRow,type,analysis/check/fixpoint/transformer,,unclassified,,,
analysis/check/fixpoint/transformer,cfg_rows.go,SymbolicCFGTransfer,type,analysis/check/fixpoint/transformer,,unclassified,,,
analysis/check/fixpoint/transformer,cfg_rows_expand.go,SolveAcyclicCFGExpandedRows,func,analysis/check/fixpoint/transformer,,unclassified,,,
analysis/check/fixpoint/transformer,cfg_rows_expand.go,SymbolicCFGExpandTransfer,type,analysis/check/fixpoint/transformer,,unclassified,,,
analysis/check/fixpoint/transformer,cfg_wto_exact.go,SolveExactWTOCFGExpandedRows,func,analysis/check/fixpoint/transformer,,unclassified,,,
analysis/check/fixpoint/transformer,cfg_wto_exact.go,SymbolicExactWTOOptions,type,analysis/check/fixpoint/transformer,,unclassified,,,
analysis/check/fixpoint/transformer,compiler.go,NewPlanCompiler,func,analysis/check/fixpoint/transformer,,unclassified,,,
analysis/check/fixpoint/transformer,compiler.go,PlanCompiler,type,analysis/check/fixpoint/transformer,,unclassified,,,
analysis/check/fixpoint/transformer,compiler.go,branchEdgePlanHandler.Kind,method,analysis/check/fixpoint/transformer,,unclassified,,,
analysis/check/fixpoint/transformer,compiler.go,branchEdgePlanHandler.Lower,method,analysis/check/fixpoint/transformer,,unclassified,,,
analysis/check/fixpoint/transformer,compiler.go,branchEdgePlanHandler.Preflight,method,analysis/check/fixpoint/transformer,,unclassified,,,
analysis/check/fixpoint/transformer,compiler.go,expressionConditionPlanHandler.Kind,method,analysis/check/fixpoint/transformer,,unclassified,,,
analysis/check/fixpoint/transformer,compiler.go,expressionConditionPlanHandler.Lower,method,analysis/check/fixpoint/transformer,,unclassified,,,
analysis/check/fixpoint/transformer,compiler.go,expressionConditionPlanHandler.Preflight,method,analysis/check/fixpoint/transformer,,unclassified,,,
analysis/check/fixpoint/transformer,compiler.go,expressionOperationPlanHandler.Kind,method,analysis/check/fixpoint/transformer,,unclassified,,,
analysis/check/fixpoint/transformer,compiler.go,expressionOperationPlanHandler.Lower,method,analysis/check/fixpoint/transformer,,unclassified,,,
analysis/check/fixpoint/transformer,compiler.go,expressionOperationPlanHandler.Preflight,method,analysis/check/fixpoint/transformer,,unclassified,,,
analysis/check/fixpoint/transformer,compiler.go,expressionValuePlanHandler.Kind,method,analysis/check/fixpoint/transformer,,unclassified,,,
analysis/check/fixpoint/transformer,compiler.go,expressionValuePlanHandler.Lower,method,analysis/check/fixpoint/transformer,,unclassified,,,
analysis/check/fixpoint/transformer,compiler.go,expressionValuePlanHandler.Preflight,method,analysis/check/fixpoint/transformer,,unclassified,,,
analysis/check/fixpoint/transformer,compiler.go,genericForPlanHandler.Kind,method,analysis/check/fixpoint/transformer,,unclassified,,,
analysis/check/fixpoint/transformer,compiler.go,genericForPlanHandler.Lower,method,analysis/check/fixpoint/transformer,,unclassified,,,
analysis/check/fixpoint/transformer,compiler.go,genericForPlanHandler.Preflight,method,analysis/check/fixpoint/transformer,,unclassified,,,
analysis/check/fixpoint/transformer,compiler.go,returnPlanHandler.Kind,method,analysis/check/fixpoint/transformer,,unclassified,,,
analysis/check/fixpoint/transformer,compiler.go,returnPlanHandler.Lower,method,analysis/check/fixpoint/transformer,,unclassified,,,
analysis/check/fixpoint/transformer,compiler.go,returnPlanHandler.Preflight,method,analysis/check/fixpoint/transformer,,unclassified,,,
analysis/check/fixpoint/transformer,compiler.go,rootAssignmentPlanHandler.Kind,method,analysis/check/fixpoint/transformer,,unclassified,,,
analysis/check/fixpoint/transformer,compiler.go,rootAssignmentPlanHandler.Lower,method,analysis/check/fixpoint/transformer,,unclassified,,,
analysis/check/fixpoint/transformer,compiler.go,rootAssignmentPlanHandler.Preflight,method,analysis/check/fixpoint/transformer,,unclassified,,,
analysis/check/fixpoint/transformer,compiler.go,signatureCallPlanHandler.Kind,method,analysis/check/fixpoint/transformer,,unclassified,,,
analysis/check/fixpoint/transformer,compiler.go,signatureCallPlanHandler.Lower,method,analysis/check/fixpoint/transformer,,unclassified,,,
analysis/check/fixpoint/transformer,compiler.go,signatureCallPlanHandler.Preflight,method,analysis/check/fixpoint/transformer,,unclassified,,,
analysis/check/fixpoint/transformer,compiler_census.go,PlanCompiler.EligibilityCensus,method,analysis/check/fixpoint/transformer,,unclassified,,,
analysis/check/fixpoint/transformer,compiler_census.go,PlanEligibilityEntry,type,analysis/check/fixpoint/transformer,,unclassified,,,
analysis/check/fixpoint/transformer,compiler_dynamic_index.go,dynamicIndexDependencyPlanHandler.Kind,method,analysis/check/fixpoint/transformer,,unclassified,,,
analysis/check/fixpoint/transformer,compiler_dynamic_index.go,dynamicIndexDependencyPlanHandler.Lower,method,analysis/check/fixpoint/transformer,,unclassified,,,
analysis/check/fixpoint/transformer,compiler_dynamic_index.go,dynamicIndexDependencyPlanHandler.Preflight,method,analysis/check/fixpoint/transformer,,unclassified,,,
analysis/check/fixpoint/transformer,compiler_dynamic_index.go,dynamicIndexPlanHandler.Kind,method,analysis/check/fixpoint/transformer,,unclassified,,,
analysis/check/fixpoint/transformer,compiler_dynamic_index.go,dynamicIndexPlanHandler.Lower,method,analysis/check/fixpoint/transformer,,unclassified,,,
analysis/check/fixpoint/transformer,compiler_dynamic_index.go,dynamicIndexPlanHandler.Preflight,method,analysis/check/fixpoint/transformer,,unclassified,,,
analysis/check/fixpoint/transformer,compiler_prepare.go,PlanCompiler.Compile,method,analysis/check/fixpoint/transformer,,unclassified,,,
analysis/check/fixpoint/transformer,compiler_prepare.go,PlanCompiler.Prepare,method,analysis/check/fixpoint/transformer,,unclassified,,,
analysis/check/fixpoint/transformer,compiler_prepare.go,PreparedPlanCompiler,type,analysis/check/fixpoint/transformer,,unclassified,,,
analysis/check/fixpoint/transformer,compiler_prepare.go,PreparedPlanCompiler.DirectCompositionEligible,method,analysis/check/fixpoint/transformer,,unclassified,,,
analysis/check/fixpoint/transformer,compiler_prepare.go,PreparedPlanCompiler.DirectEquation,method,analysis/check/fixpoint/transformer,,unclassified,,,
analysis/check/fixpoint/transformer,compiler_prepare.go,PreparedPlanCompiler.EffectFree,method,analysis/check/fixpoint/transformer,,unclassified,,,
analysis/check/fixpoint/transformer,compiler_prepare.go,PreparedPlanCompiler.Equation,method,analysis/check/fixpoint/transformer,,unclassified,,,
analysis/check/fixpoint/transformer,compiler_prepare.go,PreparedPlanCompiler.Evaluate,method,analysis/check/fixpoint/transformer,,unclassified,,,
analysis/check/fixpoint/transformer,compiler_prepare.go,PreparedPlanCompiler.EvaluateDirect,method,analysis/check/fixpoint/transformer,,unclassified,,,
analysis/check/fixpoint/transformer,direct_call_catalog.go,DirectCallCatalog,type,analysis/check/fixpoint/transformer,,unclassified,,,
analysis/check/fixpoint/transformer,direct_call_catalog.go,DirectCallCatalog.Cells,method,analysis/check/fixpoint/transformer,,unclassified,,,
analysis/check/fixpoint/transformer,direct_call_catalog.go,DirectCallCatalog.Lookup,method,analysis/check/fixpoint/transformer,,unclassified,,,
analysis/check/fixpoint/transformer,direct_call_catalog.go,DirectCallCatalog.PointCount,method,analysis/check/fixpoint/transformer,,unclassified,,,
analysis/check/fixpoint/transformer,direct_call_catalog.go,DirectCallTarget,type,analysis/check/fixpoint/transformer,,unclassified,,,
analysis/check/fixpoint/transformer,direct_call_catalog.go,NewDirectCallCatalog,func,analysis/check/fixpoint/transformer,,unclassified,,,
analysis/check/fixpoint/transformer,direct_call_compose.go,ComposeDirectCallRows,func,analysis/check/fixpoint/transformer,,unclassified,,,
analysis/check/fixpoint/transformer,direct_call_compose.go,DirectCallBindings,type,analysis/check/fixpoint/transformer,,unclassified,,,
analysis/check/fixpoint/transformer,effect_catalog.go,DefaultEffectCatalog,func,analysis/check/fixpoint/transformer,,unclassified,,,
analysis/check/fixpoint/transformer,effect_catalog.go,EffectAdmission,type,analysis/check/fixpoint/transformer,,unclassified,,,
analysis/check/fixpoint/transformer,effect_catalog.go,EffectCatalog,type,analysis/check/fixpoint/transformer,,unclassified,,,
analysis/check/fixpoint/transformer,effect_catalog.go,EffectCatalog.AdmitPoint,method,analysis/check/fixpoint/transformer,,unclassified,,,
analysis/check/fixpoint/transformer,effect_catalog.go,EffectCatalog.Descriptor,method,analysis/check/fixpoint/transformer,,unclassified,,,
analysis/check/fixpoint/transformer,effect_catalog.go,EffectCatalog.Lanes,method,analysis/check/fixpoint/transformer,,unclassified,,,
analysis/check/fixpoint/transformer,effect_catalog.go,EffectDescriptor,type,analysis/check/fixpoint/transformer,,unclassified,,,
analysis/check/fixpoint/transformer,effect_catalog.go,EffectDescriptor.BoundaryKinds,method,analysis/check/fixpoint/transformer,,unclassified,,,
analysis/check/fixpoint/transformer,effect_catalog.go,EffectDescriptor.Kind,method,analysis/check/fixpoint/transformer,,unclassified,,,
analysis/check/fixpoint/transformer,effect_catalog.go,EffectDescriptor.LaneUse,method,analysis/check/fixpoint/transformer,,unclassified,,,
analysis/check/fixpoint/transformer,effect_catalog.go,EffectDescriptor.Sources,method,analysis/check/fixpoint/transformer,,unclassified,,,
analysis/check/fixpoint/transformer,effect_catalog.go,LaneUse,type,analysis/check/fixpoint/transformer,,unclassified,,,
analysis/check/fixpoint/transformer,effect_catalog.go,LaneUseInvalid,const,analysis/check/fixpoint/transformer,,unclassified,,,
analysis/check/fixpoint/transformer,effect_catalog.go,LaneUseRead,const,analysis/check/fixpoint/transformer,,unclassified,,,
analysis/check/fixpoint/transformer,effect_catalog.go,LaneUseReadWrite,const,analysis/check/fixpoint/transformer,,unclassified,,,
analysis/check/fixpoint/transformer,effect_catalog.go,LaneUseUnaffected,const,analysis/check/fixpoint/transformer,,unclassified,,,
analysis/check/fixpoint/transformer,effect_catalog.go,LaneUseUnsupported,const,analysis/check/fixpoint/transformer,,unclassified,,,
analysis/check/fixpoint/transformer,effect_catalog.go,LaneUseWrite,const,analysis/check/fixpoint/transformer,,unclassified,,,
analysis/check/fixpoint/transformer,effect_catalog.go,NewEffectCatalog,func,analysis/check/fixpoint/transformer,,unclassified,,,
analysis/check/fixpoint/transformer,effect_catalog.go,NewEffectDescriptor,func,analysis/check/fixpoint/transformer,,unclassified,,,
analysis/check/fixpoint/transformer,effect_rebase.go,EffectRebaseOutput,type,analysis/check/fixpoint/transformer,,unclassified,,,
analysis/check/fixpoint/transformer,effect_rebase.go,RebaseEffectDAGs,func,analysis/check/fixpoint/transformer,,unclassified,,,
analysis/check/fixpoint/transformer,effect_specialize.go,EffectContribution,type,analysis/check/fixpoint/transformer,,unclassified,,,
analysis/check/fixpoint/transformer,effect_specialize.go,EffectResolution,type,analysis/check/fixpoint/transformer,,unclassified,,,
analysis/check/fixpoint/transformer,effect_specialize.go,EffectSummaryResolver,type,analysis/check/fixpoint/transformer,,unclassified,,,
analysis/check/fixpoint/transformer,effect_specialize.go,ResolvedAllocationTemplate,type,analysis/check/fixpoint/transformer,,unclassified,,,
analysis/check/fixpoint/transformer,effect_specialize.go,ResolvedEffect,type,analysis/check/fixpoint/transformer,,unclassified,,,
analysis/check/fixpoint/transformer,effect_specialize.go,ResolvedEffectTarget,type,analysis/check/fixpoint/transformer,,unclassified,,,
analysis/check/fixpoint/transformer,effect_specialize.go,ResolvedEffectTarget.Allocation,method,analysis/check/fixpoint/transformer,,unclassified,,,
analysis/check/fixpoint/transformer,effect_specialize.go,ResolvedEffectTarget.Path,method,analysis/check/fixpoint/transformer,,unclassified,,,
analysis/check/fixpoint/transformer,effect_specialize.go,ResolvedIndexMutation,type,analysis/check/fixpoint/transformer,,unclassified,,,
analysis/check/fixpoint/transformer,effect_specialize.go,ResolvedPathInvalidation,type,analysis/check/fixpoint/transformer,,unclassified,,,
analysis/check/fixpoint/transformer,effect_specialize.go,ResolvedPreciseDynamicTarget,type,analysis/check/fixpoint/transformer,,unclassified,,,
analysis/check/fixpoint/transformer,effect_terms.go,AllocationEffectTarget,func,analysis/check/fixpoint/transformer,,unclassified,,,
analysis/check/fixpoint/transformer,effect_terms.go,EffectAllocationTemplate,const,analysis/check/fixpoint/transformer,,unclassified,,,
analysis/check/fixpoint/transformer,effect_terms.go,EffectArena,type,analysis/check/fixpoint/transformer,,unclassified,,,
analysis/check/fixpoint/transformer,effect_terms.go,EffectArena.AllocationTemplate,method,analysis/check/fixpoint/transformer,,unclassified,,,
analysis/check/fixpoint/transformer,effect_terms.go,EffectArena.IndexMutation,method,analysis/check/fixpoint/transformer,,unclassified,,,
analysis/check/fixpoint/transformer,effect_terms.go,EffectArena.InvalidatePath,method,analysis/check/fixpoint/transformer,,unclassified,,,
analysis/check/fixpoint/transformer,effect_terms.go,EffectArena.Kind,method,analysis/check/fixpoint/transformer,,unclassified,,,
analysis/check/fixpoint/transformer,effect_terms.go,EffectArena.Terms,method,analysis/check/fixpoint/transformer,,unclassified,,,
analysis/check/fixpoint/transformer,effect_terms.go,EffectArena.Valid,method,analysis/check/fixpoint/transformer,,unclassified,,,
analysis/check/fixpoint/transformer,effect_terms.go,EffectIndexMutation,const,analysis/check/fixpoint/transformer,,unclassified,,,
analysis/check/fixpoint/transformer,effect_terms.go,EffectInvalid,const,analysis/check/fixpoint/transformer,,unclassified,,,
analysis/check/fixpoint/transformer,effect_terms.go,EffectInvalidatePath,const,analysis/check/fixpoint/transformer,,unclassified,,,
analysis/check/fixpoint/transformer,effect_terms.go,EffectKind,type,analysis/check/fixpoint/transformer,,unclassified,,,
analysis/check/fixpoint/transformer,effect_terms.go,EffectSite,type,analysis/check/fixpoint/transformer,,unclassified,,,
analysis/check/fixpoint/transformer,effect_terms.go,EffectTargetTerm,type,analysis/check/fixpoint/transformer,,unclassified,,,
analysis/check/fixpoint/transformer,effect_terms.go,EffectTerm,type,analysis/check/fixpoint/transformer,,unclassified,,,
analysis/check/fixpoint/transformer,effect_terms.go,IndexMutationConfig,type,analysis/check/fixpoint/transformer,,unclassified,,,
analysis/check/fixpoint/transformer,effect_terms.go,InvalidatePathConfig,type,analysis/check/fixpoint/transformer,,unclassified,,,
analysis/check/fixpoint/transformer,effect_terms.go,InvalidationScope,type,analysis/check/fixpoint/transformer,,unclassified,,,
analysis/check/fixpoint/transformer,effect_terms.go,InvalidationScopeDescendants,const,analysis/check/fixpoint/transformer,,unclassified,,,
analysis/check/fixpoint/transformer,effect_terms.go,InvalidationScopeInvalid,const,analysis/check/fixpoint/transformer,,unclassified,,,
analysis/check/fixpoint/transformer,effect_terms.go,InvalidationScopeSubtree,const,analysis/check/fixpoint/transformer,,unclassified,,,
analysis/check/fixpoint/transformer,effect_terms.go,NewEffectArena,func,analysis/check/fixpoint/transformer,,unclassified,,,
analysis/check/fixpoint/transformer,effect_terms.go,PathEffectTarget,func,analysis/check/fixpoint/transformer,,unclassified,,,
analysis/check/fixpoint/transformer,effect_terms.go,PreciseDynamicTarget,type,analysis/check/fixpoint/transformer,,unclassified,,,
analysis/check/fixpoint/transformer,expression_terms.go,Arena.ScalarBinaryValue,method,analysis/check/fixpoint/transformer,,unclassified,,,
analysis/check/fixpoint/transformer,global_boundary.go,DeriveGlobalContentID,func,analysis/check/fixpoint/transformer,,unclassified,,,
analysis/check/fixpoint/transformer,global_boundary.go,GlobalBoundary,type,analysis/check/fixpoint/transformer,,unclassified,,,
analysis/check/fixpoint/transformer,global_boundary.go,GlobalBoundary.CanonicalBytes,method,analysis/check/fixpoint/transformer,,unclassified,,,
analysis/check/fixpoint/transformer,global_boundary.go,GlobalBoundary.Completeness,method,analysis/check/fixpoint/transformer,,unclassified,,,
analysis/check/fixpoint/transformer,global_boundary.go,GlobalBoundary.ContentID,method,analysis/check/fixpoint/transformer,,unclassified,,,
analysis/check/fixpoint/transformer,global_boundary.go,GlobalBoundary.Dependencies,method,analysis/check/fixpoint/transformer,,unclassified,,,
analysis/check/fixpoint/transformer,global_boundary.go,GlobalBoundary.RootIndex,method,analysis/check/fixpoint/transformer,,unclassified,,,
analysis/check/fixpoint/transformer,global_boundary.go,GlobalBoundary.Roots,method,analysis/check/fixpoint/transformer,,unclassified,,,
analysis/check/fixpoint/transformer,global_boundary.go,GlobalBoundaryBindings,type,analysis/check/fixpoint/transformer,,unclassified,,,
analysis/check/fixpoint/transformer,global_boundary.go,GlobalBoundaryBindings.Paths,method,analysis/check/fixpoint/transformer,,unclassified,,,
analysis/check/fixpoint/transformer,global_boundary.go,GlobalBoundaryBindings.Values,method,analysis/check/fixpoint/transformer,,unclassified,,,
analysis/check/fixpoint/transformer,global_boundary.go,GlobalBoundaryComplete,const,analysis/check/fixpoint/transformer,,unclassified,,,
analysis/check/fixpoint/transformer,global_boundary.go,GlobalBoundaryCompleteness,type,analysis/check/fixpoint/transformer,,unclassified,,,
analysis/check/fixpoint/transformer,global_boundary.go,GlobalBoundaryIncomplete,const,analysis/check/fixpoint/transformer,,unclassified,,,
analysis/check/fixpoint/transformer,global_boundary.go,GlobalBoundarySchema,const,analysis/check/fixpoint/transformer,,unclassified,,,
analysis/check/fixpoint/transformer,global_boundary.go,GlobalBoundaryUnknown,const,analysis/check/fixpoint/transformer,,unclassified,,,
analysis/check/fixpoint/transformer,global_boundary.go,GlobalContentID,type,analysis/check/fixpoint/transformer,,unclassified,,,
analysis/check/fixpoint/transformer,global_boundary.go,GlobalRootBinding,type,analysis/check/fixpoint/transformer,,unclassified,,,
analysis/check/fixpoint/transformer,global_boundary.go,GlobalRootClass,type,analysis/check/fixpoint/transformer,,unclassified,,,
analysis/check/fixpoint/transformer,global_boundary.go,GlobalRootDescriptor,type,analysis/check/fixpoint/transformer,,unclassified,,,
analysis/check/fixpoint/transformer,global_boundary.go,GlobalRootImmutableStdlib,const,analysis/check/fixpoint/transformer,,unclassified,,,
analysis/check/fixpoint/transformer,global_boundary.go,GlobalRootImportedAlias,const,analysis/check/fixpoint/transformer,,unclassified,,,
analysis/check/fixpoint/transformer,global_boundary.go,GlobalRootMutableUnknown,const,analysis/check/fixpoint/transformer,,unclassified,,,
analysis/check/fixpoint/transformer,global_boundary.go,GlobalRootRuntimeModule,const,analysis/check/fixpoint/transformer,,unclassified,,,
analysis/check/fixpoint/transformer,global_boundary.go,InstantiateGlobalBoundary,func,analysis/check/fixpoint/transformer,,unclassified,,,
analysis/check/fixpoint/transformer,global_boundary.go,SealGlobalBoundary,func,analysis/check/fixpoint/transformer,,unclassified,,,
analysis/check/fixpoint/transformer,lua_type_term.go,Arena.LuaTypeNameValue,method,analysis/check/fixpoint/transformer,,unclassified,,,
analysis/check/fixpoint/transformer,observation.go,Observation,type,analysis/check/fixpoint/transformer,,unclassified,,,
analysis/check/fixpoint/transformer,observation.go,ObservationAssignment,const,analysis/check/fixpoint/transformer,,unclassified,,,
analysis/check/fixpoint/transformer,observation.go,ObservationCallArgument,const,analysis/check/fixpoint/transformer,,unclassified,,,
analysis/check/fixpoint/transformer,observation.go,ObservationCallResult,const,analysis/check/fixpoint/transformer,,unclassified,,,
analysis/check/fixpoint/transformer,observation.go,ObservationInvalid,const,analysis/check/fixpoint/transformer,,unclassified,,,
analysis/check/fixpoint/transformer,observation.go,ObservationKind,type,analysis/check/fixpoint/transformer,,unclassified,,,
analysis/check/fixpoint/transformer,observation.go,ObservationProjection,type,analysis/check/fixpoint/transformer,,unclassified,,,
analysis/check/fixpoint/transformer,observation.go,ObservationProjection.Items,method,analysis/check/fixpoint/transformer,,unclassified,,,
analysis/check/fixpoint/transformer,observation.go,ObservationTerm,type,analysis/check/fixpoint/transformer,,unclassified,,,
analysis/check/fixpoint/transformer,path_refinement_term.go,PathRefinementTerm,type,analysis/check/fixpoint/transformer,,unclassified,,,
analysis/check/fixpoint/transformer,path_value.go,Arena.LowerBoundaryDynamicReadValue,method,analysis/check/fixpoint/transformer,,unclassified,,,
analysis/check/fixpoint/transformer,path_value.go,Arena.LowerBoundaryPathValue,method,analysis/check/fixpoint/transformer,,unclassified,,,
analysis/check/fixpoint/transformer,path_value.go,BoundaryPathBinding,type,analysis/check/fixpoint/transformer,,unclassified,,,
analysis/check/fixpoint/transformer,prepared_equation.go,NewPreparedEquation,func,analysis/check/fixpoint/transformer,,unclassified,,,
analysis/check/fixpoint/transformer,prepared_equation.go,PreparedEquation,type,analysis/check/fixpoint/transformer,,unclassified,,,
analysis/check/fixpoint/transformer,prepared_equation.go,PreparedEquation.Builder,method,analysis/check/fixpoint/transformer,,unclassified,,,
analysis/check/fixpoint/transformer,prepared_equation.go,PreparedEquation.Cell,method,analysis/check/fixpoint/transformer,,unclassified,,,
analysis/check/fixpoint/transformer,prepared_equation.go,PreparedEquationEvaluator,type,analysis/check/fixpoint/transformer,,unclassified,,,
analysis/check/fixpoint/transformer,rebase.go,NewTermRootBindings,func,analysis/check/fixpoint/transformer,,unclassified,,,
analysis/check/fixpoint/transformer,rebase.go,RebaseTermDAGs,func,analysis/check/fixpoint/transformer,,unclassified,,,
analysis/check/fixpoint/transformer,rebase.go,TermRebaseInput,type,analysis/check/fixpoint/transformer,,unclassified,,,
analysis/check/fixpoint/transformer,rebase.go,TermRebaseOutput,type,analysis/check/fixpoint/transformer,,unclassified,,,
analysis/check/fixpoint/transformer,rebase.go,TermRootBindings,type,analysis/check/fixpoint/transformer,,unclassified,,,
analysis/check/fixpoint/transformer,relation.go,Builder,type,analysis/check/fixpoint/transformer,,unclassified,,,
analysis/check/fixpoint/transformer,relation.go,Builder.Arena,method,analysis/check/fixpoint/transformer,,unclassified,,,
analysis/check/fixpoint/transformer,relation.go,Builder.Build,method,analysis/check/fixpoint/transformer,,unclassified,,,
analysis/check/fixpoint/transformer,relation.go,Builder.EffectArena,method,analysis/check/fixpoint/transformer,,unclassified,,,
analysis/check/fixpoint/transformer,relation.go,DescriptorKind,type,analysis/check/fixpoint/transformer,,unclassified,,,
analysis/check/fixpoint/transformer,relation.go,DescriptorObligation,const,analysis/check/fixpoint/transformer,,unclassified,,,
analysis/check/fixpoint/transformer,relation.go,DescriptorReturn,const,analysis/check/fixpoint/transformer,,unclassified,,,
analysis/check/fixpoint/transformer,relation.go,EqualRelation,func,analysis/check/fixpoint/transformer,,unclassified,,,
analysis/check/fixpoint/transformer,relation.go,JoinRelation,func,analysis/check/fixpoint/transformer,,unclassified,,,
analysis/check/fixpoint/transformer,relation.go,LessOrEqRelation,func,analysis/check/fixpoint/transformer,,unclassified,,,
analysis/check/fixpoint/transformer,relation.go,NewBuilder,func,analysis/check/fixpoint/transformer,,unclassified,,,
analysis/check/fixpoint/transformer,relation.go,NewBuilderWithDescriptors,func,analysis/check/fixpoint/transformer,,unclassified,,,
analysis/check/fixpoint/transformer,relation.go,Operation,type,analysis/check/fixpoint/transformer,,unclassified,,,
analysis/check/fixpoint/transformer,relation.go,Relation,type,analysis/check/fixpoint/transformer,,unclassified,,,
analysis/check/fixpoint/transformer,relation.go,Relation.ContextualReason,method,analysis/check/fixpoint/transformer,,unclassified,,,
analysis/check/fixpoint/transformer,relation.go,Relation.ObservationCoverageComplete,method,analysis/check/fixpoint/transformer,,unclassified,,,
analysis/check/fixpoint/transformer,relation.go,Relation.Rows,method,analysis/check/fixpoint/transformer,,unclassified,,,
analysis/check/fixpoint/transformer,relation.go,Relation.Shape,method,analysis/check/fixpoint/transformer,,unclassified,,,
analysis/check/fixpoint/transformer,relation.go,Relation.Widened,method,analysis/check/fixpoint/transformer,,unclassified,,,
analysis/check/fixpoint/transformer,relation.go,Row,type,analysis/check/fixpoint/transformer,,unclassified,,,
analysis/check/fixpoint/transformer,relation.go,WidenRelation,func,analysis/check/fixpoint/transformer,,unclassified,,,
analysis/check/fixpoint/transformer,relation_freeze.go,FreezeAcyclicRelation,func,analysis/check/fixpoint/transformer,,unclassified,,,
analysis/check/fixpoint/transformer,relation_scc.go,RelationCell,type,analysis/check/fixpoint/transformer,,unclassified,,,
analysis/check/fixpoint/transformer,relation_scc.go,RelationEquation,type,analysis/check/fixpoint/transformer,,unclassified,,,
analysis/check/fixpoint/transformer,relation_scc.go,RelationSnapshot,type,analysis/check/fixpoint/transformer,,unclassified,,,
analysis/check/fixpoint/transformer,relation_scc.go,RelationSnapshot.Entries,method,analysis/check/fixpoint/transformer,,unclassified,,,
analysis/check/fixpoint/transformer,relation_scc.go,RelationSnapshot.Lookup,method,analysis/check/fixpoint/transformer,,unclassified,,,
analysis/check/fixpoint/transformer,relation_scc.go,RelationSnapshotEntry,type,analysis/check/fixpoint/transformer,,unclassified,,,
analysis/check/fixpoint/transformer,relation_scc.go,RelationSolveOptions,type,analysis/check/fixpoint/transformer,,unclassified,,,
analysis/check/fixpoint/transformer,relation_scc.go,RelationView,type,analysis/check/fixpoint/transformer,,unclassified,,,
analysis/check/fixpoint/transformer,relation_scc.go,RelationView.Lookup,method,analysis/check/fixpoint/transformer,,unclassified,,,
analysis/check/fixpoint/transformer,relation_scc.go,SolveRelationCells,func,analysis/check/fixpoint/transformer,,unclassified,,,
analysis/check/fixpoint/transformer,root.go,BindingCursor,type,analysis/check/fixpoint/transformer,,unclassified,,,
analysis/check/fixpoint/transformer,root.go,BindingCursor.Path,method,analysis/check/fixpoint/transformer,,unclassified,,,
analysis/check/fixpoint/transformer,root.go,BindingCursor.Value,method,analysis/check/fixpoint/transformer,,unclassified,,,
analysis/check/fixpoint/transformer,root.go,NewBindingCursor,func,analysis/check/fixpoint/transformer,,unclassified,,,
analysis/check/fixpoint/transformer,root.go,Root,type,analysis/check/fixpoint/transformer,,unclassified,,,
analysis/check/fixpoint/transformer,root.go,RootCapture,const,analysis/check/fixpoint/transformer,,unclassified,,,
analysis/check/fixpoint/transformer,root.go,RootGlobal,const,analysis/check/fixpoint/transformer,,unclassified,,,
analysis/check/fixpoint/transformer,root.go,RootHeapTemplate,const,analysis/check/fixpoint/transformer,,unclassified,,,
analysis/check/fixpoint/transformer,root.go,RootKind,type,analysis/check/fixpoint/transformer,,unclassified,,,
analysis/check/fixpoint/transformer,root.go,RootParam,const,analysis/check/fixpoint/transformer,,unclassified,,,
analysis/check/fixpoint/transformer,root.go,RootResult,const,analysis/check/fixpoint/transformer,,unclassified,,,
analysis/check/fixpoint/transformer,root.go,Shape,type,analysis/check/fixpoint/transformer,,unclassified,,,
analysis/check/fixpoint/transformer,root.go,Shape.ValueCount,method,analysis/check/fixpoint/transformer,,unclassified,,,
analysis/check/fixpoint/transformer,specialize.go,DefaultDescriptorRegistry,func,analysis/check/fixpoint/transformer,,unclassified,,,
analysis/check/fixpoint/transformer,specialize.go,DescriptorHandler,type,analysis/check/fixpoint/transformer,,unclassified,,,
analysis/check/fixpoint/transformer,specialize.go,DescriptorRegistry,type,analysis/check/fixpoint/transformer,,unclassified,,,
analysis/check/fixpoint/transformer,specialize.go,NewDescriptorRegistry,func,analysis/check/fixpoint/transformer,,unclassified,,,
analysis/check/fixpoint/transformer,specialize.go,Relation.Specialize,method,analysis/check/fixpoint/transformer,,unclassified,,,
analysis/check/fixpoint/transformer,specialize.go,Relation.SpecializeDetailed,method,analysis/check/fixpoint/transformer,,unclassified,,,
analysis/check/fixpoint/transformer,specialize.go,Relation.SpecializeWithContext,method,analysis/check/fixpoint/transformer,,unclassified,,,
analysis/check/fixpoint/transformer,specialize.go,Relation.SpecializeWithEffects,method,analysis/check/fixpoint/transformer,,unclassified,,,
analysis/check/fixpoint/transformer,specialize.go,SpecializationResult,type,analysis/check/fixpoint/transformer,,unclassified,,,
analysis/check/fixpoint/transformer,specialize.go,obligationHandler.Apply,method,analysis/check/fixpoint/transformer,,unclassified,,,
analysis/check/fixpoint/transformer,specialize.go,obligationHandler.ConditionalAllowed,method,analysis/check/fixpoint/transformer,,unclassified,,,
analysis/check/fixpoint/transformer,specialize.go,obligationHandler.Kind,method,analysis/check/fixpoint/transformer,,unclassified,,,
analysis/check/fixpoint/transformer,specialize.go,returnHandler.Apply,method,analysis/check/fixpoint/transformer,,unclassified,,,
analysis/check/fixpoint/transformer,specialize.go,returnHandler.ConditionalAllowed,method,analysis/check/fixpoint/transformer,,unclassified,,,
analysis/check/fixpoint/transformer,specialize.go,returnHandler.Kind,method,analysis/check/fixpoint/transformer,,unclassified,,,
analysis/check/fixpoint/transformer,terms.go,Arena,type,analysis/check/fixpoint/transformer,,unclassified,,,
analysis/check/fixpoint/transformer,terms.go,Arena.And,method,analysis/check/fixpoint/transformer,,unclassified,,,
analysis/check/fixpoint/transformer,terms.go,Arena.CellResultValue,method,analysis/check/fixpoint/transformer,,unclassified,,,
analysis/check/fixpoint/transformer,terms.go,Arena.Constant,method,analysis/check/fixpoint/transformer,,unclassified,,,
analysis/check/fixpoint/transformer,terms.go,Arena.DynamicReadTableValue,method,analysis/check/fixpoint/transformer,,unclassified,,,
analysis/check/fixpoint/transformer,terms.go,Arena.DynamicReadTableValueOr,method,analysis/check/fixpoint/transformer,,unclassified,,,
analysis/check/fixpoint/transformer,terms.go,Arena.DynamicReadValue,method,analysis/check/fixpoint/transformer,,unclassified,,,
analysis/check/fixpoint/transformer,terms.go,Arena.False,method,analysis/check/fixpoint/transformer,,unclassified,,,
analysis/check/fixpoint/transformer,terms.go,Arena.Falsy,method,analysis/check/fixpoint/transformer,,unclassified,,,
analysis/check/fixpoint/transformer,terms.go,Arena.IteratorProjectionValue,method,analysis/check/fixpoint/transformer,,unclassified,,,
analysis/check/fixpoint/transformer,terms.go,Arena.IteratorProjectionValueWithContract,method,analysis/check/fixpoint/transformer,,unclassified,,,
analysis/check/fixpoint/transformer,terms.go,Arena.JoinValue,method,analysis/check/fixpoint/transformer,,unclassified,,,
analysis/check/fixpoint/transformer,terms.go,Arena.Or,method,analysis/check/fixpoint/transformer,,unclassified,,,
analysis/check/fixpoint/transformer,terms.go,Arena.Path,method,analysis/check/fixpoint/transformer,,unclassified,,,
analysis/check/fixpoint/transformer,terms.go,Arena.RefineValue,method,analysis/check/fixpoint/transformer,,unclassified,,,
analysis/check/fixpoint/transformer,terms.go,Arena.Root,method,analysis/check/fixpoint/transformer,,unclassified,,,
analysis/check/fixpoint/transformer,terms.go,Arena.StaticIndexValue,method,analysis/check/fixpoint/transformer,,unclassified,,,
analysis/check/fixpoint/transformer,terms.go,Arena.StringConcatValue,method,analysis/check/fixpoint/transformer,,unclassified,,,
analysis/check/fixpoint/transformer,terms.go,Arena.True,method,analysis/check/fixpoint/transformer,,unclassified,,,
analysis/check/fixpoint/transformer,terms.go,Arena.Truthy,method,analysis/check/fixpoint/transformer,,unclassified,,,
analysis/check/fixpoint/transformer,terms.go,Arena.ValueDependsOn,method,analysis/check/fixpoint/transformer,,unclassified,,,
analysis/check/fixpoint/transformer,terms.go,CellRef,type,analysis/check/fixpoint/transformer,,unclassified,,,
analysis/check/fixpoint/transformer,terms.go,CellResultResolver,type,analysis/check/fixpoint/transformer,,unclassified,,,
analysis/check/fixpoint/transformer,terms.go,DynamicReadResolver,type,analysis/check/fixpoint/transformer,,unclassified,,,
analysis/check/fixpoint/transformer,terms.go,Guard,type,analysis/check/fixpoint/transformer,,unclassified,,,
analysis/check/fixpoint/transformer,terms.go,IteratorProjectionResolver,type,analysis/check/fixpoint/transformer,,unclassified,,,
analysis/check/fixpoint/transformer,terms.go,NewArena,func,analysis/check/fixpoint/transformer,,unclassified,,,
analysis/check/fixpoint/transformer,terms.go,PathTerm,type,analysis/check/fixpoint/transformer,,unclassified,,,
analysis/check/fixpoint/transformer,terms.go,SpecializationContext,type,analysis/check/fixpoint/transformer,,unclassified,,,
analysis/check/fixpoint/transformer,terms.go,ValueTerm,type,analysis/check/fixpoint/transformer,,unclassified,,,
analysis/check/internal/readmodel,advice.go,Reader.ForEachAlwaysTrueGuard,method,analysis/check/internal/readmodel,,unclassified,,,
analysis/check/internal/readmodel,advice.go,Reader.ForEachInvariantLoopRead,method,analysis/check/internal/readmodel,,unclassified,,,
analysis/check/internal/readmodel,advice.go,Reader.ForEachRedundantClaim,method,analysis/check/internal/readmodel,,unclassified,,,
analysis/check/internal/readmodel,advice_shape_polymorphic.go,Reader.ForEachShapePolymorphic,method,analysis/check/internal/readmodel,,unclassified,,,
analysis/check/internal/readmodel,advice_split_birth_discriminant.go,Reader.ForEachSplitBirthDiscriminant,method,analysis/check/internal/readmodel,,unclassified,,,
analysis/check/internal/readmodel,allocation_site.go,Reader.ForEachAllocationSite,method,analysis/check/internal/readmodel,,unclassified,,,
analysis/check/internal/readmodel,assignment.go,Reader.ForEachAssignment,method,analysis/check/internal/readmodel,,unclassified,,,
analysis/check/internal/readmodel,assignment.go,Reader.ForEachOptionalAssignmentTarget,method,analysis/check/internal/readmodel,,unclassified,,,
analysis/check/internal/readmodel,assignment_call_result.go,Reader.CallResultSourceType,method,analysis/check/internal/readmodel,,unclassified,,,
analysis/check/internal/readmodel,call.go,Reader.CallCalleeReportAt,method,analysis/check/internal/readmodel,,unclassified,,,
analysis/check/internal/readmodel,call.go,Reader.ForEachCall,method,analysis/check/internal/readmodel,,unclassified,,,
analysis/check/internal/readmodel,call_contract.go,CallContractSourceFunctionValue,const,analysis/check/internal/readmodel,,unclassified,,,
analysis/check/internal/readmodel,call_contract.go,CallContractSourceImportedSignature,const,analysis/check/internal/readmodel,,unclassified,,,
analysis/check/internal/readmodel,call_contract.go,CallContractSourceLocalFunction,const,analysis/check/internal/readmodel,,unclassified,,,
analysis/check/internal/readmodel,call_contract.go,CallContractSourceMemberFunction,const,analysis/check/internal/readmodel,,unclassified,,,
analysis/check/internal/readmodel,channel_lifecycle.go,Reader.ForEachChannelLifecycleMisuse,method,analysis/check/internal/readmodel,,unclassified,,,
analysis/check/internal/readmodel,channel_select_exhaustiveness.go,Reader.ForEachChannelSelectExhaustiveness,method,analysis/check/internal/readmodel,,unclassified,,,
analysis/check/internal/readmodel,closure_capture.go,Reader.ForEachClosureCapture,method,analysis/check/internal/readmodel,,unclassified,,,
analysis/check/internal/readmodel,dead_assignment.go,Reader.ForEachDeadAssignment,method,analysis/check/internal/readmodel,,unclassified,,,
analysis/check/internal/readmodel,discriminated_union.go,DiscriminatedUnionExhaustiveness,type,analysis/check/internal/readmodel,,unclassified,,,
analysis/check/internal/readmodel,discriminated_union.go,Reader.ForEachDiscriminatedUnionExhaustiveness,method,analysis/check/internal/readmodel,,unclassified,,,
analysis/check/internal/readmodel,expression_type.go,Reader.ExpressionEvaluationType,method,analysis/check/internal/readmodel,,unclassified,,,
analysis/check/internal/readmodel,frozen_table_mutation.go,Reader.ForEachFrozenTableMutation,method,analysis/check/internal/readmodel,,unclassified,,,
analysis/check/internal/readmodel,hoistable_load.go,Reader.ForEachHoistableLoad,method,analysis/check/internal/readmodel,,unclassified,,,
analysis/check/internal/readmodel,lifecycle_obligation.go,Reader.ForEachLifecycleObligation,method,analysis/check/internal/readmodel,,unclassified,,,
analysis/check/internal/readmodel,member_read.go,Reader.ForEachMissingMemberRead,method,analysis/check/internal/readmodel,,unclassified,,,
analysis/check/internal/readmodel,name_resolution.go,Reader.ForEachUnresolvedTypeReference,method,analysis/check/internal/readmodel,,unclassified,,,
analysis/check/internal/readmodel,name_resolution.go,Reader.ForEachUnresolvedValueReference,method,analysis/check/internal/readmodel,,unclassified,,,
analysis/check/internal/readmodel,name_resolution.go,Reader.ForEachUnusedLocal,method,analysis/check/internal/readmodel,,unclassified,,,
analysis/check/internal/readmodel,operand_diagnostics.go,Reader.ForEachConcatOperand,method,analysis/check/internal/readmodel,,unclassified,,,
analysis/check/internal/readmodel,operand_diagnostics.go,Reader.ForEachNonNilAssertion,method,analysis/check/internal/readmodel,,unclassified,,,
analysis/check/internal/readmodel,operand_diagnostics.go,Reader.ForEachNumericForOperand,method,analysis/check/internal/readmodel,,unclassified,,,
analysis/check/internal/readmodel,optional_exhaustiveness.go,OptionalExhaustiveness,type,analysis/check/internal/readmodel,,unclassified,,,
analysis/check/internal/readmodel,optional_exhaustiveness.go,Reader.ForEachOptionalExhaustiveness,method,analysis/check/internal/readmodel,,unclassified,,,
analysis/check/internal/readmodel,readmodel.go,AllocationSite,type,analysis/check/internal/readmodel,,unclassified,,,
analysis/check/internal/readmodel,readmodel.go,AlwaysTrueGuard,type,analysis/check/internal/readmodel,,unclassified,,,
analysis/check/internal/readmodel,readmodel.go,Assignment,type,analysis/check/internal/readmodel,,unclassified,,,
analysis/check/internal/readmodel,readmodel.go,CallArgument,type,analysis/check/internal/readmodel,,unclassified,,,
analysis/check/internal/readmodel,readmodel.go,CallArgumentCheck,type,analysis/check/internal/readmodel,,unclassified,,,
analysis/check/internal/readmodel,readmodel.go,CallArgumentMismatch,type,analysis/check/internal/readmodel,,unclassified,,,
analysis/check/internal/readmodel,readmodel.go,CallArgumentMismatchMayBeNil,const,analysis/check/internal/readmodel,,unclassified,,,
analysis/check/internal/readmodel,readmodel.go,CallArgumentObligation,type,analysis/check/internal/readmodel,,unclassified,,,
analysis/check/internal/readmodel,readmodel.go,CallArgumentReport,type,analysis/check/internal/readmodel,,unclassified,,,
analysis/check/internal/readmodel,readmodel.go,CallArityReport,type,analysis/check/internal/readmodel,,unclassified,,,
analysis/check/internal/readmodel,readmodel.go,CallCalleeReport,type,analysis/check/internal/readmodel,,unclassified,,,
analysis/check/internal/readmodel,readmodel.go,CallContractSource,type,analysis/check/internal/readmodel,,unclassified,,,
analysis/check/internal/readmodel,readmodel.go,CallGenericInferenceConflict,type,analysis/check/internal/readmodel,,unclassified,,,
analysis/check/internal/readmodel,readmodel.go,CallGenericInferenceContribution,type,analysis/check/internal/readmodel,,unclassified,,,
analysis/check/internal/readmodel,readmodel.go,CallSite,type,analysis/check/internal/readmodel,,unclassified,,,
analysis/check/internal/readmodel,readmodel.go,ChannelLifecycleMisuse,type,analysis/check/internal/readmodel,,unclassified,,,
analysis/check/internal/readmodel,readmodel.go,ChannelSelectExhaustiveness,type,analysis/check/internal/readmodel,,unclassified,,,
analysis/check/internal/readmodel,readmodel.go,ClosureCapture,type,analysis/check/internal/readmodel,,unclassified,,,
analysis/check/internal/readmodel,readmodel.go,ConcatOperand,type,analysis/check/internal/readmodel,,unclassified,,,
analysis/check/internal/readmodel,readmodel.go,DeadAssignment,type,analysis/check/internal/readmodel,,unclassified,,,
analysis/check/internal/readmodel,readmodel.go,DeadAssignmentExit,type,analysis/check/internal/readmodel,,unclassified,,,
analysis/check/internal/readmodel,readmodel.go,DeadAssignmentOverwrite,type,analysis/check/internal/readmodel,,unclassified,,,
analysis/check/internal/readmodel,readmodel.go,DominatingBranchProof,type,analysis/check/internal/readmodel,,unclassified,,,
analysis/check/internal/readmodel,readmodel.go,FrozenTableMutation,type,analysis/check/internal/readmodel,,unclassified,,,
analysis/check/internal/readmodel,readmodel.go,HoistableLoad,type,analysis/check/internal/readmodel,,unclassified,,,
analysis/check/internal/readmodel,readmodel.go,InvariantLoopRead,type,analysis/check/internal/readmodel,,unclassified,,,
analysis/check/internal/readmodel,readmodel.go,LifecycleObligation,type,analysis/check/internal/readmodel,,unclassified,,,
analysis/check/internal/readmodel,readmodel.go,MissingMemberRead,type,analysis/check/internal/readmodel,,unclassified,,,
analysis/check/internal/readmodel,readmodel.go,New,func,analysis/check/internal/readmodel,,unclassified,,,
analysis/check/internal/readmodel,readmodel.go,NewWithParents,func,analysis/check/internal/readmodel,,unclassified,,,
analysis/check/internal/readmodel,readmodel.go,NonNilAssertion,type,analysis/check/internal/readmodel,,unclassified,,,
analysis/check/internal/readmodel,readmodel.go,NumericForOperand,type,analysis/check/internal/readmodel,,unclassified,,,
analysis/check/internal/readmodel,readmodel.go,OptionalAssignmentTarget,type,analysis/check/internal/readmodel,,unclassified,,,
analysis/check/internal/readmodel,readmodel.go,Reader,type,analysis/check/internal/readmodel,,unclassified,,,
analysis/check/internal/readmodel,readmodel.go,RedundantClaim,type,analysis/check/internal/readmodel,,unclassified,,,
analysis/check/internal/readmodel,readmodel.go,RedundantConditionBranch,type,analysis/check/internal/readmodel,,unclassified,,,
analysis/check/internal/readmodel,readmodel.go,ResultShapeExhaustiveness,type,analysis/check/internal/readmodel,,unclassified,,,
analysis/check/internal/readmodel,readmodel.go,Return,type,analysis/check/internal/readmodel,,unclassified,,,
analysis/check/internal/readmodel,readmodel.go,SendSafety,type,analysis/check/internal/readmodel,,unclassified,,,
analysis/check/internal/readmodel,readmodel.go,SendSafetyProvenImmutable,const,analysis/check/internal/readmodel,,unclassified,,,
analysis/check/internal/readmodel,readmodel.go,SendSafetyProvenIsolated,const,analysis/check/internal/readmodel,,unclassified,,,
analysis/check/internal/readmodel,readmodel.go,SendSafetySchemaVersion,const,analysis/check/internal/readmodel,,unclassified,,,
analysis/check/internal/readmodel,readmodel.go,SendSafetyUnknown,const,analysis/check/internal/readmodel,,unclassified,,,
analysis/check/internal/readmodel,readmodel.go,SendSafetyVerdict,type,analysis/check/internal/readmodel,,unclassified,,,
analysis/check/internal/readmodel,readmodel.go,ShapeConditionalField,type,analysis/check/internal/readmodel,,unclassified,,,
analysis/check/internal/readmodel,readmodel.go,ShapePolymorphic,type,analysis/check/internal/readmodel,,unclassified,,,
analysis/check/internal/readmodel,readmodel.go,SourceSpan,type,analysis/check/internal/readmodel,,unclassified,,,
analysis/check/internal/readmodel,readmodel.go,SplitBirthDiscriminant,type,analysis/check/internal/readmodel,,unclassified,,,
analysis/check/internal/readmodel,readmodel.go,SplitBirthPayloadWrite,type,analysis/check/internal/readmodel,,unclassified,,,
analysis/check/internal/readmodel,readmodel.go,TypestateInvalidTransition,type,analysis/check/internal/readmodel,,unclassified,,,
analysis/check/internal/readmodel,readmodel.go,TypestateRequirement,type,analysis/check/internal/readmodel,,unclassified,,,
analysis/check/internal/readmodel,readmodel.go,UnresolvedTypeReference,type,analysis/check/internal/readmodel,,unclassified,,,
analysis/check/internal/readmodel,readmodel.go,UnresolvedValueReference,type,analysis/check/internal/readmodel,,unclassified,,,
analysis/check/internal/readmodel,readmodel.go,UnusedLocal,type,analysis/check/internal/readmodel,,unclassified,,,
analysis/check/internal/readmodel,redundant_condition.go,Reader.DominatingBranchCheckForPath,method,analysis/check/internal/readmodel,,unclassified,,,
analysis/check/internal/readmodel,redundant_condition.go,Reader.DominatingTruthyBranchForPath,method,analysis/check/internal/readmodel,,unclassified,,,
analysis/check/internal/readmodel,redundant_condition.go,Reader.ForEachRedundantConditionBranch,method,analysis/check/internal/readmodel,,unclassified,,,
analysis/check/internal/readmodel,registration_exhaustiveness.go,Reader.ForEachRegistrationExhaustiveness,method,analysis/check/internal/readmodel,,unclassified,,,
analysis/check/internal/readmodel,registration_exhaustiveness.go,RegistrationExhaustiveness,type,analysis/check/internal/readmodel,,unclassified,,,
analysis/check/internal/readmodel,result_shape_exhaustiveness.go,Reader.ForEachResultShapeExhaustiveness,method,analysis/check/internal/readmodel,,unclassified,,,
analysis/check/internal/readmodel,return_contract.go,Reader.ForEachReturn,method,analysis/check/internal/readmodel,,unclassified,,,
analysis/check/internal/readmodel,table_dispatch_exhaustiveness.go,Reader.ForEachTableDispatchExhaustiveness,method,analysis/check/internal/readmodel,,unclassified,,,
analysis/check/internal/readmodel,table_dispatch_exhaustiveness.go,TableDispatchExhaustiveness,type,analysis/check/internal/readmodel,,unclassified,,,
analysis/check/internal/readmodel,typestate_requirement.go,Reader.ForEachTypestateRequirement,method,analysis/check/internal/readmodel,,unclassified,,,
analysis/check/internal/readmodel,typestate_transition.go,Reader.ForEachTypestateInvalidTransition,method,analysis/check/internal/readmodel,,unclassified,,,
analysis/check/internal/readmodel,value_projection.go,Reader.FullVariantOriginType,method,analysis/check/internal/readmodel,,unclassified,,,
analysis/check/internal/readmodel,value_projection.go,Reader.IsSubtype,method,analysis/check/internal/readmodel,,unclassified,,,
analysis/check/internal/readmodel,value_projection.go,Reader.NarrowDeclaredByOrigin,method,analysis/check/internal/readmodel,,unclassified,,,
analysis/check/internal/readmodel,value_projection.go,Reader.RefineDeclaredType,method,analysis/check/internal/readmodel,,unclassified,,,
analysis/check/internal/readmodel,value_projection.go,Reader.RuntimeKindReducedType,method,analysis/check/internal/readmodel,,unclassified,,,
analysis/check/internal/readmodel,value_projection.go,Reader.SourceType,method,analysis/check/internal/readmodel,,unclassified,,,
analysis/check/internal/readmodel,value_projection.go,Reader.SourceValue,method,analysis/check/internal/readmodel,,unclassified,,,
analysis/check/internal/readmodel,value_projection.go,Reader.ValueAdmissible,method,analysis/check/internal/readmodel,,unclassified,,,
analysis/check/internal/readmodel,value_projection.go,Reader.ValueHasExactIdentity,method,analysis/check/internal/readmodel,,unclassified,,,
analysis/check/internal/readmodel,value_projection.go,Reader.ValueHasExplicitTopOrigin,method,analysis/check/internal/readmodel,,unclassified,,,
analysis/check/internal/readmodel,value_projection.go,Reader.ValueHasLocalExclusiveExactIdentity,method,analysis/check/internal/readmodel,,unclassified,,,
analysis/check/internal/readmodel,value_projection.go,Reader.ValueHasReadableConcreteWitness,method,analysis/check/internal/readmodel,,unclassified,,,
analysis/check/internal/readmodel,value_projection.go,Reader.ValueHasRuntimeValidationProof,method,analysis/check/internal/readmodel,,unclassified,,,
analysis/check/internal/readmodel,value_projection.go,Reader.ValueHasStackLocalExactIdentity,method,analysis/check/internal/readmodel,,unclassified,,,
analysis/check/internal/readmodel,value_projection.go,Reader.ValueHasUntrustedTopOrigin,method,analysis/check/internal/readmodel,,unclassified,,,
analysis/check/internal/readmodel,value_projection.go,Reader.ValueHash,method,analysis/check/internal/readmodel,,unclassified,,,
analysis/check/internal/readmodel,value_projection.go,Reader.ValueProofAdmissible,method,analysis/check/internal/readmodel,,unclassified,,,
analysis/check/internal/readmodel,value_projection.go,Reader.ValueStructuralType,method,analysis/check/internal/readmodel,,unclassified,,,
analysis/check/internal/readmodel,value_projection.go,Reader.ValueType,method,analysis/check/internal/readmodel,,unclassified,,,
analysis/check/internal/readmodel,value_projection.go,Reader.ValueTypeWithPresence,method,analysis/check/internal/readmodel,,unclassified,,,
analysis/check/internal/readmodel,value_projection.go,Reader.ValueWitnessProvenMismatch,method,analysis/check/internal/readmodel,,unclassified,,,
analysis/check/internal/readmodel,value_projection.go,Reader.VariantOriginType,method,analysis/check/internal/readmodel,,unclassified,,,
analysis/check/judgment,assignment_proof.go,AssignmentProofReason,type,analysis/check/judgment,,unclassified,,,
analysis/check/judgment,assignment_proof.go,AssignmentProofReasonBoundaryValidation,const,analysis/check/judgment,,unclassified,,,
analysis/check/judgment,assignment_proof.go,AssignmentProofReasonIndexedRead,const,analysis/check/judgment,,unclassified,,,
analysis/check/judgment,assignment_proof.go,AssignmentProofReasonUnspecified,const,analysis/check/judgment,,unclassified,,,
analysis/check/judgment,assignment_proof.go,AssignmentProofSummary,type,analysis/check/judgment,,unclassified,,,
analysis/check/judgment,assignment_proof.go,AssignmentProofSummary.BoundaryProofMissing,method,analysis/check/judgment,,unclassified,,,
analysis/check/judgment,assignment_proof.go,AssignmentProofSummary.Reason,method,analysis/check/judgment,,unclassified,,,
analysis/check/judgment,assignment_proof.go,Judgment.AssignmentCallInvalidationEvidence,method,analysis/check/judgment,,unclassified,,,
analysis/check/judgment,assignment_proof.go,Judgment.AssignmentCallResultDetail,method,analysis/check/judgment,,unclassified,,,
analysis/check/judgment,assignment_proof.go,Judgment.AssignmentCallResultReturnSpan,method,analysis/check/judgment,,unclassified,,,
analysis/check/judgment,assignment_proof.go,Judgment.AssignmentHasCallInvalidationEvidence,method,analysis/check/judgment,,unclassified,,,
analysis/check/judgment,assignment_proof.go,Judgment.AssignmentHasDynamicTargetEvidence,method,analysis/check/judgment,,unclassified,,,
analysis/check/judgment,assignment_proof.go,Judgment.AssignmentMethodTypeMismatch,method,analysis/check/judgment,,unclassified,,,
analysis/check/judgment,assignment_proof.go,Judgment.AssignmentMissingProofIndexedRead,method,analysis/check/judgment,,unclassified,,,
analysis/check/judgment,assignment_proof.go,Judgment.AssignmentMissingProofMayBeNil,method,analysis/check/judgment,,unclassified,,,
analysis/check/judgment,assignment_proof.go,Judgment.AssignmentMissingRequiredField,method,analysis/check/judgment,,unclassified,,,
analysis/check/judgment,assignment_proof.go,Judgment.AssignmentMissingRequiredMethod,method,analysis/check/judgment,,unclassified,,,
analysis/check/judgment,assignment_proof.go,Judgment.AssignmentNilableAccessEvidence,method,analysis/check/judgment,,unclassified,,,
analysis/check/judgment,assignment_proof.go,Judgment.AssignmentParentActualEvidence,method,analysis/check/judgment,,unclassified,,,
analysis/check/judgment,assignment_proof.go,Judgment.AssignmentParentExpectedEvidence,method,analysis/check/judgment,,unclassified,,,
analysis/check/judgment,assignment_proof.go,Judgment.AssignmentProof,method,analysis/check/judgment,,unclassified,,,
analysis/check/judgment,assignment_proof.go,Judgment.AssignmentSourceContributionEvidence,method,analysis/check/judgment,,unclassified,,,
analysis/check/judgment,assignment_proof.go,Judgment.AssignmentUnderSuppliedCallResultDetail,method,analysis/check/judgment,,unclassified,,,
analysis/check/judgment,assignment_proof.go,Judgment.AssignmentUserAssertedAnyEvidence,method,analysis/check/judgment,,unclassified,,,
analysis/check/judgment,call_argument_proof.go,CallArgumentProofSummary,type,analysis/check/judgment,,unclassified,,,
analysis/check/judgment,call_argument_proof.go,CallArgumentProofSummary.Renderable,method,analysis/check/judgment,,unclassified,,,
analysis/check/judgment,call_argument_proof.go,Judgment.CallArgumentProof,method,analysis/check/judgment,,unclassified,,,
analysis/check/judgment,call_arity_proof.go,CallArityProofSummary,type,analysis/check/judgment,,unclassified,,,
analysis/check/judgment,call_arity_proof.go,Judgment.CallArityProof,method,analysis/check/judgment,,unclassified,,,
analysis/check/judgment,call_callee_proof.go,CallCalleeProofSummary,type,analysis/check/judgment,,unclassified,,,
analysis/check/judgment,call_callee_proof.go,Judgment.CallCalleeProof,method,analysis/check/judgment,,unclassified,,,
analysis/check/judgment,judgment.go,AdviceClaimSiteEvidenceDetail,func,analysis/check/judgment,,unclassified,,,
analysis/check/judgment,judgment.go,AdviceDiscriminantUseEvidenceDetail,func,analysis/check/judgment,,unclassified,,,
analysis/check/judgment,judgment.go,AdviceGuardValueEvidenceDetail,func,analysis/check/judgment,,unclassified,,,
analysis/check/judgment,judgment.go,AdviceLoopInvariantEvidenceDetail,func,analysis/check/judgment,,unclassified,,,
analysis/check/judgment,judgment.go,AdvicePayloadWriteEvidenceDetail,func,analysis/check/judgment,,unclassified,,,
analysis/check/judgment,judgment.go,AdviceProvenTypeEvidenceDetail,func,analysis/check/judgment,,unclassified,,,
analysis/check/judgment,judgment.go,AdviceReceiverNonNilEvidenceDetail,func,analysis/check/judgment,,unclassified,,,
analysis/check/judgment,judgment.go,AdviceShapeConditionalFieldEvidenceDetail,func,analysis/check/judgment,,unclassified,,,
analysis/check/judgment,judgment.go,AdviceShapeStableRefusedEvidenceDetail,func,analysis/check/judgment,,unclassified,,,
analysis/check/judgment,judgment.go,AdviceShapeUnionFieldEvidenceDetail,func,analysis/check/judgment,,unclassified,,,
analysis/check/judgment,judgment.go,AdviceShapeUseEvidenceDetail,func,analysis/check/judgment,,unclassified,,,
analysis/check/judgment,judgment.go,AdviceTableBirthEvidenceDetail,func,analysis/check/judgment,,unclassified,,,
analysis/check/judgment,judgment.go,AdviceTagWriteEvidenceDetail,func,analysis/check/judgment,,unclassified,,,
analysis/check/judgment,judgment.go,ArityTooFewEvidenceDetail,func,analysis/check/judgment,,unclassified,,,
analysis/check/judgment,judgment.go,ArityTooManyEvidenceDetail,func,analysis/check/judgment,,unclassified,,,
analysis/check/judgment,judgment.go,AssignmentCallInvalidationEvidenceDetail,func,analysis/check/judgment,,unclassified,,,
analysis/check/judgment,judgment.go,AssignmentParentActualEvidenceDetail,func,analysis/check/judgment,,unclassified,,,
analysis/check/judgment,judgment.go,AssignmentParentExpectedEvidenceDetail,func,analysis/check/judgment,,unclassified,,,
analysis/check/judgment,judgment.go,AssignmentSourceContributionEvidenceDetail,func,analysis/check/judgment,,unclassified,,,
analysis/check/judgment,judgment.go,CallParamObligationEvidenceDetail,func,analysis/check/judgment,,unclassified,,,
analysis/check/judgment,judgment.go,CallResultAssignmentEvidenceDetail,func,analysis/check/judgment,,unclassified,,,
analysis/check/judgment,judgment.go,CalleeMayBeNilEvidenceDetail,func,analysis/check/judgment,,unclassified,,,
analysis/check/judgment,judgment.go,CalleeNotCallableEvidenceDetail,func,analysis/check/judgment,,unclassified,,,
analysis/check/judgment,judgment.go,Code,type,analysis/check/judgment,,unclassified,,,
analysis/check/judgment,judgment.go,CodeAdviceAlwaysTrueGuard,const,analysis/check/judgment,,unclassified,,,
analysis/check/judgment,judgment.go,CodeAdviceInvariantLoopRead,const,analysis/check/judgment,,unclassified,,,
analysis/check/judgment,judgment.go,CodeAdviceRedundantClaim,const,analysis/check/judgment,,unclassified,,,
analysis/check/judgment,judgment.go,CodeAdviceShapePolymorphic,const,analysis/check/judgment,,unclassified,,,
analysis/check/judgment,judgment.go,CodeAdviceSplitBirthDiscriminant,const,analysis/check/judgment,,unclassified,,,
analysis/check/judgment,judgment.go,CodeAssignment,const,analysis/check/judgment,,unclassified,,,
analysis/check/judgment,judgment.go,CodeAssignmentTarget,const,analysis/check/judgment,,unclassified,,,
analysis/check/judgment,judgment.go,CodeCallArgType,const,analysis/check/judgment,,unclassified,,,
analysis/check/judgment,judgment.go,CodeCallArity,const,analysis/check/judgment,,unclassified,,,
analysis/check/judgment,judgment.go,CodeCallCallee,const,analysis/check/judgment,,unclassified,,,
analysis/check/judgment,judgment.go,CodeChannelDoubleClose,const,analysis/check/judgment,,unclassified,,,
analysis/check/judgment,judgment.go,CodeChannelSelect,const,analysis/check/judgment,,unclassified,,,
analysis/check/judgment,judgment.go,CodeChannelSendClosed,const,analysis/check/judgment,,unclassified,,,
analysis/check/judgment,judgment.go,CodeConcatOperand,const,analysis/check/judgment,,unclassified,,,
analysis/check/judgment,judgment.go,CodeDeadAssignment,const,analysis/check/judgment,,unclassified,,,
analysis/check/judgment,judgment.go,CodeDiscriminatedUnion,const,analysis/check/judgment,,unclassified,,,
analysis/check/judgment,judgment.go,CodeFrozenTable,const,analysis/check/judgment,,unclassified,,,
analysis/check/judgment,judgment.go,CodeLifecycle,const,analysis/check/judgment,,unclassified,,,
analysis/check/judgment,judgment.go,CodeMemberRead,const,analysis/check/judgment,,unclassified,,,
analysis/check/judgment,judgment.go,CodeNonNilAssertion,const,analysis/check/judgment,,unclassified,,,
analysis/check/judgment,judgment.go,CodeNumericForOperand,const,analysis/check/judgment,,unclassified,,,
analysis/check/judgment,judgment.go,CodeOptional,const,analysis/check/judgment,,unclassified,,,
analysis/check/judgment,judgment.go,CodeRedundantCondition,const,analysis/check/judgment,,unclassified,,,
analysis/check/judgment,judgment.go,CodeRegistration,const,analysis/check/judgment,,unclassified,,,
analysis/check/judgment,judgment.go,CodeResultShape,const,analysis/check/judgment,,unclassified,,,
analysis/check/judgment,judgment.go,CodeReturn,const,analysis/check/judgment,,unclassified,,,
analysis/check/judgment,judgment.go,CodeSendIsolation,const,analysis/check/judgment,,unclassified,,,
analysis/check/judgment,judgment.go,CodeTableDispatch,const,analysis/check/judgment,,unclassified,,,
analysis/check/judgment,judgment.go,CodeTypestateInvalidRequirement,const,analysis/check/judgment,,unclassified,,,
analysis/check/judgment,judgment.go,CodeTypestateInvalidTransition,const,analysis/check/judgment,,unclassified,,,
analysis/check/judgment,judgment.go,CodeTypestateUnprovenRequirement,const,analysis/check/judgment,,unclassified,,,
analysis/check/judgment,judgment.go,CodeUnresolvedType,const,analysis/check/judgment,,unclassified,,,
analysis/check/judgment,judgment.go,CodeUnresolvedValue,const,analysis/check/judgment,,unclassified,,,
analysis/check/judgment,judgment.go,CodeUnusedLocal,const,analysis/check/judgment,,unclassified,,,
analysis/check/judgment,judgment.go,DiscriminatedUnionHandledEvidenceDetail,func,analysis/check/judgment,,unclassified,,,
analysis/check/judgment,judgment.go,DiscriminatedUnionMissingEvidenceDetail,func,analysis/check/judgment,,unclassified,,,
analysis/check/judgment,judgment.go,DiscriminatedUnionNoDefaultEvidenceDetail,func,analysis/check/judgment,,unclassified,,,
analysis/check/judgment,judgment.go,DiscriminatedUnionPossibleEvidenceDetail,func,analysis/check/judgment,,unclassified,,,
analysis/check/judgment,judgment.go,DiscriminatedUnionTargetEvidenceDetail,func,analysis/check/judgment,,unclassified,,,
analysis/check/judgment,judgment.go,DynamicAssignmentTargetEvidenceDetail,func,analysis/check/judgment,,unclassified,,,
analysis/check/judgment,judgment.go,Evidence,type,analysis/check/judgment,,unclassified,,,
analysis/check/judgment,judgment.go,EvidenceAbstractFact,const,analysis/check/judgment,,unclassified,,,
analysis/check/judgment,judgment.go,EvidenceCause,type,analysis/check/judgment,,unclassified,,,
analysis/check/judgment,judgment.go,EvidenceCause.IsZero,method,analysis/check/judgment,,unclassified,,,
analysis/check/judgment,judgment.go,EvidenceCauseBirth,const,analysis/check/judgment,,unclassified,,,
analysis/check/judgment,judgment.go,EvidenceCauseClaim,const,analysis/check/judgment,,unclassified,,,
analysis/check/judgment,judgment.go,EvidenceCauseFlowAssign,const,analysis/check/judgment,,unclassified,,,
analysis/check/judgment,judgment.go,EvidenceCauseFlowCall,const,analysis/check/judgment,,unclassified,,,
analysis/check/judgment,judgment.go,EvidenceCauseGuard,const,analysis/check/judgment,,unclassified,,,
analysis/check/judgment,judgment.go,EvidenceCauseKind,type,analysis/check/judgment,,unclassified,,,
analysis/check/judgment,judgment.go,EvidenceCauseKind.String,method,analysis/check/judgment,,unclassified,,,
analysis/check/judgment,judgment.go,EvidenceCauseMissingProof,const,analysis/check/judgment,,unclassified,,,
analysis/check/judgment,judgment.go,EvidenceCauseParams,type,analysis/check/judgment,,unclassified,,,
analysis/check/judgment,judgment.go,EvidenceCauseUnknown,const,analysis/check/judgment,,unclassified,,,
analysis/check/judgment,judgment.go,EvidenceCauseWiden,const,analysis/check/judgment,,unclassified,,,
analysis/check/judgment,judgment.go,EvidenceChain,type,analysis/check/judgment,,unclassified,,,
analysis/check/judgment,judgment.go,EvidenceChain.First,method,analysis/check/judgment,,unclassified,,,
analysis/check/judgment,judgment.go,EvidenceChain.FirstDetail,method,analysis/check/judgment,,unclassified,,,
analysis/check/judgment,judgment.go,EvidenceChain.FirstKindDetail,method,analysis/check/judgment,,unclassified,,,
analysis/check/judgment,judgment.go,EvidenceChain.Has,method,analysis/check/judgment,,unclassified,,,
analysis/check/judgment,judgment.go,EvidenceChain.HasAnyKindDetail,method,analysis/check/judgment,,unclassified,,,
analysis/check/judgment,judgment.go,EvidenceChain.HasDetail,method,analysis/check/judgment,,unclassified,,,
analysis/check/judgment,judgment.go,EvidenceChain.HasKindDetail,method,analysis/check/judgment,,unclassified,,,
analysis/check/judgment,judgment.go,EvidenceChain.KindDetails,method,analysis/check/judgment,,unclassified,,,
analysis/check/judgment,judgment.go,EvidenceChain.OfKind,method,analysis/check/judgment,,unclassified,,,
analysis/check/judgment,judgment.go,EvidenceChain.TrustFor,method,analysis/check/judgment,,unclassified,,,
analysis/check/judgment,judgment.go,EvidenceDetail,type,analysis/check/judgment,,unclassified,,,
analysis/check/judgment,judgment.go,EvidenceDetail.WithCause,method,analysis/check/judgment,,unclassified,,,
analysis/check/judgment,judgment.go,EvidenceDetail.WithCauseOrigin,method,analysis/check/judgment,,unclassified,,,
analysis/check/judgment,judgment.go,EvidenceDetailAdviceClaimSite,const,analysis/check/judgment,,unclassified,,,
analysis/check/judgment,judgment.go,EvidenceDetailAdviceDiscriminantUse,const,analysis/check/judgment,,unclassified,,,
analysis/check/judgment,judgment.go,EvidenceDetailAdviceGuardValue,const,analysis/check/judgment,,unclassified,,,
analysis/check/judgment,judgment.go,EvidenceDetailAdviceLoopInvariant,const,analysis/check/judgment,,unclassified,,,
analysis/check/judgment,judgment.go,EvidenceDetailAdvicePayloadWrite,const,analysis/check/judgment,,unclassified,,,
analysis/check/judgment,judgment.go,EvidenceDetailAdviceProvenType,const,analysis/check/judgment,,unclassified,,,
analysis/check/judgment,judgment.go,EvidenceDetailAdviceReceiverNonNil,const,analysis/check/judgment,,unclassified,,,
analysis/check/judgment,judgment.go,EvidenceDetailAdviceShapeConditionalField,const,analysis/check/judgment,,unclassified,,,
analysis/check/judgment,judgment.go,EvidenceDetailAdviceShapeStableRefused,const,analysis/check/judgment,,unclassified,,,
analysis/check/judgment,judgment.go,EvidenceDetailAdviceShapeUnionField,const,analysis/check/judgment,,unclassified,,,
analysis/check/judgment,judgment.go,EvidenceDetailAdviceShapeUse,const,analysis/check/judgment,,unclassified,,,
analysis/check/judgment,judgment.go,EvidenceDetailAdviceTableBirth,const,analysis/check/judgment,,unclassified,,,
analysis/check/judgment,judgment.go,EvidenceDetailAdviceTagWrite,const,analysis/check/judgment,,unclassified,,,
analysis/check/judgment,judgment.go,EvidenceDetailArityTooFew,const,analysis/check/judgment,,unclassified,,,
analysis/check/judgment,judgment.go,EvidenceDetailArityTooMany,const,analysis/check/judgment,,unclassified,,,
analysis/check/judgment,judgment.go,EvidenceDetailAssignmentCallInvalidation,const,analysis/check/judgment,,unclassified,,,
analysis/check/judgment,judgment.go,EvidenceDetailAssignmentParentActual,const,analysis/check/judgment,,unclassified,,,
analysis/check/judgment,judgment.go,EvidenceDetailAssignmentParentExpected,const,analysis/check/judgment,,unclassified,,,
analysis/check/judgment,judgment.go,EvidenceDetailAssignmentSourceContribution,const,analysis/check/judgment,,unclassified,,,
analysis/check/judgment,judgment.go,EvidenceDetailCallParamObligation,const,analysis/check/judgment,,unclassified,,,
analysis/check/judgment,judgment.go,EvidenceDetailCallResultAssignment,const,analysis/check/judgment,,unclassified,,,
analysis/check/judgment,judgment.go,EvidenceDetailCalleeMayBeNil,const,analysis/check/judgment,,unclassified,,,
analysis/check/judgment,judgment.go,EvidenceDetailCalleeNotCallable,const,analysis/check/judgment,,unclassified,,,
analysis/check/judgment,judgment.go,EvidenceDetailChannelClosed,const,analysis/check/judgment,,unclassified,,,
analysis/check/judgment,judgment.go,EvidenceDetailChannelSelectHandled,const,analysis/check/judgment,,unclassified,,,
analysis/check/judgment,judgment.go,EvidenceDetailChannelSelectMissing,const,analysis/check/judgment,,unclassified,,,
analysis/check/judgment,judgment.go,EvidenceDetailChannelSelectNoDefault,const,analysis/check/judgment,,unclassified,,,
analysis/check/judgment,judgment.go,EvidenceDetailChannelSelectResult,const,analysis/check/judgment,,unclassified,,,
analysis/check/judgment,judgment.go,EvidenceDetailConcatOperand,const,analysis/check/judgment,,unclassified,,,
analysis/check/judgment,judgment.go,EvidenceDetailDeadAssignmentExit,const,analysis/check/judgment,,unclassified,,,
analysis/check/judgment,judgment.go,EvidenceDetailDeadAssignmentOverwrite,const,analysis/check/judgment,,unclassified,,,
analysis/check/judgment,judgment.go,EvidenceDetailDiscriminatedUnionHandled,const,analysis/check/judgment,,unclassified,,,
analysis/check/judgment,judgment.go,EvidenceDetailDiscriminatedUnionMissing,const,analysis/check/judgment,,unclassified,,,
analysis/check/judgment,judgment.go,EvidenceDetailDiscriminatedUnionNoDefault,const,analysis/check/judgment,,unclassified,,,
analysis/check/judgment,judgment.go,EvidenceDetailDiscriminatedUnionPossible,const,analysis/check/judgment,,unclassified,,,
analysis/check/judgment,judgment.go,EvidenceDetailDiscriminatedUnionTarget,const,analysis/check/judgment,,unclassified,,,
analysis/check/judgment,judgment.go,EvidenceDetailDynamicAssignmentTarget,const,analysis/check/judgment,,unclassified,,,
analysis/check/judgment,judgment.go,EvidenceDetailFrozenTableAssignment,const,analysis/check/judgment,,unclassified,,,
analysis/check/judgment,judgment.go,EvidenceDetailFrozenTableCall,const,analysis/check/judgment,,unclassified,,,
analysis/check/judgment,judgment.go,EvidenceDetailGenericConflict,const,analysis/check/judgment,,unclassified,,,
analysis/check/judgment,judgment.go,EvidenceDetailIndexedReadMissingProof,const,analysis/check/judgment,,unclassified,,,
analysis/check/judgment,judgment.go,EvidenceDetailKind,type,analysis/check/judgment,,unclassified,,,
analysis/check/judgment,judgment.go,EvidenceDetailLifecycleAcquire,const,analysis/check/judgment,,unclassified,,,
analysis/check/judgment,judgment.go,EvidenceDetailLifecycleEscape,const,analysis/check/judgment,,unclassified,,,
analysis/check/judgment,judgment.go,EvidenceDetailLifecycleMissingProof,const,analysis/check/judgment,,unclassified,,,
analysis/check/judgment,judgment.go,EvidenceDetailLifecycleTransition,const,analysis/check/judgment,,unclassified,,,
analysis/check/judgment,judgment.go,EvidenceDetailMayBeNil,const,analysis/check/judgment,,unclassified,,,
analysis/check/judgment,judgment.go,EvidenceDetailMemberMissing,const,analysis/check/judgment,,unclassified,,,
analysis/check/judgment,judgment.go,EvidenceDetailMethodTypeMismatch,const,analysis/check/judgment,,unclassified,,,
analysis/check/judgment,judgment.go,EvidenceDetailMissingRequiredField,const,analysis/check/judgment,,unclassified,,,
analysis/check/judgment,judgment.go,EvidenceDetailMissingRequiredMethod,const,analysis/check/judgment,,unclassified,,,
analysis/check/judgment,judgment.go,EvidenceDetailNone,const,analysis/check/judgment,,unclassified,,,
analysis/check/judgment,judgment.go,EvidenceDetailOptionalConsumed,const,analysis/check/judgment,,unclassified,,,
analysis/check/judgment,judgment.go,EvidenceDetailOptionalMissing,const,analysis/check/judgment,,unclassified,,,
analysis/check/judgment,judgment.go,EvidenceDetailOptionalNoDefault,const,analysis/check/judgment,,unclassified,,,
analysis/check/judgment,judgment.go,EvidenceDetailOptionalPossible,const,analysis/check/judgment,,unclassified,,,
analysis/check/judgment,judgment.go,EvidenceDetailOptionalTarget,const,analysis/check/judgment,,unclassified,,,
analysis/check/judgment,judgment.go,EvidenceDetailRedundantConditionCheck,const,analysis/check/judgment,,unclassified,,,
analysis/check/judgment,judgment.go,EvidenceDetailRedundantConditionProof,const,analysis/check/judgment,,unclassified,,,
analysis/check/judgment,judgment.go,EvidenceDetailRedundantConditionStability,const,analysis/check/judgment,,unclassified,,,
analysis/check/judgment,judgment.go,EvidenceDetailRegistrationDispatch,const,analysis/check/judgment,,unclassified,,,
analysis/check/judgment,judgment.go,EvidenceDetailRegistrationMissing,const,analysis/check/judgment,,unclassified,,,
analysis/check/judgment,judgment.go,EvidenceDetailRegistrationPossible,const,analysis/check/judgment,,unclassified,,,
analysis/check/judgment,judgment.go,EvidenceDetailRegistrationRegistered,const,analysis/check/judgment,,unclassified,,,
analysis/check/judgment,judgment.go,EvidenceDetailResultShapeFieldCase,const,analysis/check/judgment,,unclassified,,,
analysis/check/judgment,judgment.go,EvidenceDetailResultShapeMissingProof,const,analysis/check/judgment,,unclassified,,,
analysis/check/judgment,judgment.go,EvidenceDetailResultShapeUnion,const,analysis/check/judgment,,unclassified,,,
analysis/check/judgment,judgment.go,EvidenceDetailSendSafetyBlocker,const,analysis/check/judgment,,unclassified,,,
analysis/check/judgment,judgment.go,EvidenceDetailSendSafetyFact,const,analysis/check/judgment,,unclassified,,,
analysis/check/judgment,judgment.go,EvidenceDetailSendSafetyProof,const,analysis/check/judgment,,unclassified,,,
analysis/check/judgment,judgment.go,EvidenceDetailTableDispatchKeys,const,analysis/check/judgment,,unclassified,,,
analysis/check/judgment,judgment.go,EvidenceDetailTableDispatchLookup,const,analysis/check/judgment,,unclassified,,,
analysis/check/judgment,judgment.go,EvidenceDetailTableDispatchMissing,const,analysis/check/judgment,,unclassified,,,
analysis/check/judgment,judgment.go,EvidenceDetailTableDispatchPossible,const,analysis/check/judgment,,unclassified,,,
analysis/check/judgment,judgment.go,EvidenceDetailTypestateInvalidTransition,const,analysis/check/judgment,,unclassified,,,
analysis/check/judgment,judgment.go,EvidenceDetailUserAssertedAny,const,analysis/check/judgment,,unclassified,,,
analysis/check/judgment,judgment.go,EvidenceKind,type,analysis/check/judgment,,unclassified,,,
analysis/check/judgment,judgment.go,EvidenceMissingProof,const,analysis/check/judgment,,unclassified,,,
analysis/check/judgment,judgment.go,EvidencePrecisionBoundary,const,analysis/check/judgment,,unclassified,,,
analysis/check/judgment,judgment.go,EvidenceTrust,type,analysis/check/judgment,,unclassified,,,
analysis/check/judgment,judgment.go,EvidenceTrustClaimed,const,analysis/check/judgment,,unclassified,,,
analysis/check/judgment,judgment.go,EvidenceTrustProven,const,analysis/check/judgment,,unclassified,,,
analysis/check/judgment,judgment.go,EvidenceTrustRefuted,const,analysis/check/judgment,,unclassified,,,
analysis/check/judgment,judgment.go,EvidenceTrustUnknown,const,analysis/check/judgment,,unclassified,,,
analysis/check/judgment,judgment.go,EvidenceUnknown,const,analysis/check/judgment,,unclassified,,,
analysis/check/judgment,judgment.go,EvidenceUserAssertion,const,analysis/check/judgment,,unclassified,,,
analysis/check/judgment,judgment.go,GenericConflictEvidenceDetail,func,analysis/check/judgment,,unclassified,,,
analysis/check/judgment,judgment.go,IndexedReadMissingProofEvidenceDetail,func,analysis/check/judgment,,unclassified,,,
analysis/check/judgment,judgment.go,JoinEvidenceChains,func,analysis/check/judgment,,unclassified,,,
analysis/check/judgment,judgment.go,Judgment,type,analysis/check/judgment,,unclassified,,,
analysis/check/judgment,judgment.go,Judgment.EvidenceKindDetails,method,analysis/check/judgment,,unclassified,,,
analysis/check/judgment,judgment.go,Judgment.EvidenceOfKind,method,analysis/check/judgment,,unclassified,,,
analysis/check/judgment,judgment.go,Judgment.EvidenceTrustFor,method,analysis/check/judgment,,unclassified,,,
analysis/check/judgment,judgment.go,Judgment.FirstEvidence,method,analysis/check/judgment,,unclassified,,,
analysis/check/judgment,judgment.go,Judgment.FirstEvidenceDetail,method,analysis/check/judgment,,unclassified,,,
analysis/check/judgment,judgment.go,Judgment.FirstEvidenceKindDetail,method,analysis/check/judgment,,unclassified,,,
analysis/check/judgment,judgment.go,Judgment.HasAnyEvidenceKindDetail,method,analysis/check/judgment,,unclassified,,,
analysis/check/judgment,judgment.go,Judgment.HasEvidence,method,analysis/check/judgment,,unclassified,,,
analysis/check/judgment,judgment.go,Judgment.HasEvidenceDetail,method,analysis/check/judgment,,unclassified,,,
analysis/check/judgment,judgment.go,Judgment.HasEvidenceKindDetail,method,analysis/check/judgment,,unclassified,,,
analysis/check/judgment,judgment.go,MayBeNilEvidenceDetail,func,analysis/check/judgment,,unclassified,,,
analysis/check/judgment,judgment.go,MemberCalleeMayBeNilEvidenceDetail,func,analysis/check/judgment,,unclassified,,,
analysis/check/judgment,judgment.go,MemberCalleeNotCallableEvidenceDetail,func,analysis/check/judgment,,unclassified,,,
analysis/check/judgment,judgment.go,MemberMissingEvidenceDetail,func,analysis/check/judgment,,unclassified,,,
analysis/check/judgment,judgment.go,MethodTypeMismatchEvidenceDetail,func,analysis/check/judgment,,unclassified,,,
analysis/check/judgment,judgment.go,MissingRequiredFieldEvidenceDetail,func,analysis/check/judgment,,unclassified,,,
analysis/check/judgment,judgment.go,MissingRequiredFieldTypeEvidenceDetail,func,analysis/check/judgment,,unclassified,,,
analysis/check/judgment,judgment.go,MissingRequiredMethodTypeEvidenceDetail,func,analysis/check/judgment,,unclassified,,,
analysis/check/judgment,judgment.go,NewSubjectRef,func,analysis/check/judgment,,unclassified,,,
analysis/check/judgment,judgment.go,OptionalConsumedEvidenceDetail,func,analysis/check/judgment,,unclassified,,,
analysis/check/judgment,judgment.go,OptionalMissingEvidenceDetail,func,analysis/check/judgment,,unclassified,,,
analysis/check/judgment,judgment.go,OptionalNoDefaultEvidenceDetail,func,analysis/check/judgment,,unclassified,,,
analysis/check/judgment,judgment.go,OptionalPossibleEvidenceDetail,func,analysis/check/judgment,,unclassified,,,
analysis/check/judgment,judgment.go,OptionalTargetEvidenceDetail,func,analysis/check/judgment,,unclassified,,,
analysis/check/judgment,judgment.go,OriginFrozenTableMutation,const,analysis/check/judgment,,unclassified,,,
analysis/check/judgment,judgment.go,OriginFrozenTableProof,const,analysis/check/judgment,,unclassified,,,
analysis/check/judgment,judgment.go,OriginRef,type,analysis/check/judgment,,unclassified,,,
analysis/check/judgment,judgment.go,OriginSendImmutableProof,const,analysis/check/judgment,,unclassified,,,
analysis/check/judgment,judgment.go,OriginSendIsolationProof,const,analysis/check/judgment,,unclassified,,,
analysis/check/judgment,judgment.go,OriginSendSafety,const,analysis/check/judgment,,unclassified,,,
analysis/check/judgment,judgment.go,RedundantConditionCheckEvidenceDetail,func,analysis/check/judgment,,unclassified,,,
analysis/check/judgment,judgment.go,RedundantConditionProofEvidenceDetail,func,analysis/check/judgment,,unclassified,,,
analysis/check/judgment,judgment.go,RedundantConditionStabilityEvidenceDetail,func,analysis/check/judgment,,unclassified,,,
analysis/check/judgment,judgment.go,RegistrationDispatchEvidenceDetail,func,analysis/check/judgment,,unclassified,,,
analysis/check/judgment,judgment.go,RegistrationMissingEvidenceDetail,func,analysis/check/judgment,,unclassified,,,
analysis/check/judgment,judgment.go,RegistrationPossibleEvidenceDetail,func,analysis/check/judgment,,unclassified,,,
analysis/check/judgment,judgment.go,RegistrationRegisteredEvidenceDetail,func,analysis/check/judgment,,unclassified,,,
analysis/check/judgment,judgment.go,ResultShapeFieldCaseEvidenceDetail,func,analysis/check/judgment,,unclassified,,,
analysis/check/judgment,judgment.go,ResultShapeMissingProofEvidenceDetail,func,analysis/check/judgment,,unclassified,,,
analysis/check/judgment,judgment.go,ResultShapeUnionEvidenceDetail,func,analysis/check/judgment,,unclassified,,,
analysis/check/judgment,judgment.go,SpanRef,type,analysis/check/judgment,,unclassified,,,
analysis/check/judgment,judgment.go,SpanRef.DisplayFile,method,analysis/check/judgment,,unclassified,,,
analysis/check/judgment,judgment.go,SubjectAnchor,type,analysis/check/judgment,,unclassified,,,
analysis/check/judgment,judgment.go,SubjectAnchor.IsZero,method,analysis/check/judgment,,unclassified,,,
analysis/check/judgment,judgment.go,SubjectAnchor.StableKey,method,analysis/check/judgment,,unclassified,,,
analysis/check/judgment,judgment.go,SubjectCallArgument,const,analysis/check/judgment,,unclassified,,,
analysis/check/judgment,judgment.go,SubjectCallExpression,const,analysis/check/judgment,,unclassified,,,
analysis/check/judgment,judgment.go,SubjectExpression,const,analysis/check/judgment,,unclassified,,,
analysis/check/judgment,judgment.go,SubjectKind,type,analysis/check/judgment,,unclassified,,,
analysis/check/judgment,judgment.go,SubjectPath,const,analysis/check/judgment,,unclassified,,,
analysis/check/judgment,judgment.go,SubjectRef,type,analysis/check/judgment,,unclassified,,,
analysis/check/judgment,judgment.go,SubjectRef.StableKey,method,analysis/check/judgment,,unclassified,,,
analysis/check/judgment,judgment.go,SubjectRef.WithAnchor,method,analysis/check/judgment,,unclassified,,,
analysis/check/judgment,judgment.go,SubjectRef.WithLabel,method,analysis/check/judgment,,unclassified,,,
analysis/check/judgment,judgment.go,SubjectReturnValue,const,analysis/check/judgment,,unclassified,,,
analysis/check/judgment,judgment.go,SubjectUnknown,const,analysis/check/judgment,,unclassified,,,
analysis/check/judgment,judgment.go,TableDispatchKeysEvidenceDetail,func,analysis/check/judgment,,unclassified,,,
analysis/check/judgment,judgment.go,TableDispatchLookupEvidenceDetail,func,analysis/check/judgment,,unclassified,,,
analysis/check/judgment,judgment.go,TableDispatchMissingEvidenceDetail,func,analysis/check/judgment,,unclassified,,,
analysis/check/judgment,judgment.go,TableDispatchPossibleEvidenceDetail,func,analysis/check/judgment,,unclassified,,,
analysis/check/judgment,judgment.go,TypeRef,type,analysis/check/judgment,,unclassified,,,
analysis/check/judgment,judgment.go,UnderSuppliedCallResultAssignmentEvidenceDetail,func,analysis/check/judgment,,unclassified,,,
analysis/check/judgment,judgment.go,UserAssertedAnyEvidenceDetail,func,analysis/check/judgment,,unclassified,,,
analysis/check/judgment,judgment.go,ValueRef,type,analysis/check/judgment,,unclassified,,,
analysis/check/judgment,judgment.go,Verdict,type,analysis/check/judgment,,unclassified,,,
analysis/check/judgment,judgment.go,VerdictProven,const,analysis/check/judgment,,unclassified,,,
analysis/check/judgment,judgment.go,VerdictRefuted,const,analysis/check/judgment,,unclassified,,,
analysis/check/judgment,judgment.go,VerdictUnknown,const,analysis/check/judgment,,unclassified,,,
analysis/check/judgment,lifecycle_proof.go,Judgment.LifecycleProof,method,analysis/check/judgment,,unclassified,,,
analysis/check/judgment,lifecycle_proof.go,LifecycleProofSummary,type,analysis/check/judgment,,unclassified,,,
analysis/check/judgment,member_concat_proof.go,ConcatOperandProofSummary,type,analysis/check/judgment,,unclassified,,,
analysis/check/judgment,member_concat_proof.go,Judgment.ConcatOperandProof,method,analysis/check/judgment,,unclassified,,,
analysis/check/judgment,member_concat_proof.go,Judgment.MemberReadProof,method,analysis/check/judgment,,unclassified,,,
analysis/check/judgment,member_concat_proof.go,MemberReadProofSummary,type,analysis/check/judgment,,unclassified,,,
analysis/check/judgment,numeric_for_proof.go,Judgment.NumericForProof,method,analysis/check/judgment,,unclassified,,,
analysis/check/judgment,numeric_for_proof.go,NumericForProofSummary,type,analysis/check/judgment,,unclassified,,,
analysis/check/judgment,policy.go,DefaultPolicy,func,analysis/check/judgment,,unclassified,,,
analysis/check/judgment,policy.go,Level,type,analysis/check/judgment,,unclassified,,,
analysis/check/judgment,policy.go,LevelDisabled,const,analysis/check/judgment,,unclassified,,,
analysis/check/judgment,policy.go,LevelError,const,analysis/check/judgment,,unclassified,,,
analysis/check/judgment,policy.go,LevelHint,const,analysis/check/judgment,,unclassified,,,
analysis/check/judgment,policy.go,LevelWarning,const,analysis/check/judgment,,unclassified,,,
analysis/check/judgment,policy.go,NewPolicy,func,analysis/check/judgment,,unclassified,,,
analysis/check/judgment,policy.go,Policy,type,analysis/check/judgment,,unclassified,,,
analysis/check/judgment,policy.go,Policy.IsZero,method,analysis/check/judgment,,unclassified,,,
analysis/check/judgment,policy.go,Policy.LevelFor,method,analysis/check/judgment,,unclassified,,,
analysis/check/judgment,policy.go,PolicyConfig,type,analysis/check/judgment,,unclassified,,,
analysis/check/judgment,policy.go,PolicyConfig.LevelFor,method,analysis/check/judgment,,unclassified,,,
analysis/check/judgment,policy.go,PolicyConfig.Normalized,method,analysis/check/judgment,,unclassified,,,
analysis/check/judgment,policy.go,PolicyKey,type,analysis/check/judgment,,unclassified,,,
analysis/check/judgment,policy.go,StrictnessDefault,const,analysis/check/judgment,,unclassified,,,
analysis/check/judgment,policy.go,StrictnessLenient,const,analysis/check/judgment,,unclassified,,,
analysis/check/judgment,policy.go,StrictnessMode,type,analysis/check/judgment,,unclassified,,,
analysis/check/judgment,policy.go,StrictnessStrict,const,analysis/check/judgment,,unclassified,,,
analysis/check/judgment,refs.go,NewTypeRef,func,analysis/check/judgment,,unclassified,,,
analysis/check/judgment,refs.go,NewValueRef,func,analysis/check/judgment,,unclassified,,,
analysis/check/judgment,refs.go,TypeRef.WithLabel,method,analysis/check/judgment,,unclassified,,,
analysis/check/judgment,refs.go,ValueRef.WithLabel,method,analysis/check/judgment,,unclassified,,,
analysis/check/judgment,registry.go,CodeFamily,type,analysis/check/judgment,,unclassified,,,
analysis/check/judgment,registry.go,CodeSpec,type,analysis/check/judgment,,unclassified,,,
analysis/check/judgment,registry.go,DefaultRegistry,func,analysis/check/judgment,,unclassified,,,
analysis/check/judgment,registry.go,DiagnosticCode,type,analysis/check/judgment,,unclassified,,,
analysis/check/judgment,registry.go,DiagnosticCodeAdviceAlwaysTrueGuard,const,analysis/check/judgment,,unclassified,,,
analysis/check/judgment,registry.go,DiagnosticCodeAdviceInvariantLoopRead,const,analysis/check/judgment,,unclassified,,,
analysis/check/judgment,registry.go,DiagnosticCodeAdviceRedundantClaim,const,analysis/check/judgment,,unclassified,,,
analysis/check/judgment,registry.go,DiagnosticCodeAdviceShapePolymorphic,const,analysis/check/judgment,,unclassified,,,
analysis/check/judgment,registry.go,DiagnosticCodeAdviceSplitBirthDiscriminant,const,analysis/check/judgment,,unclassified,,,
analysis/check/judgment,registry.go,DiagnosticCodeAssignmentType,const,analysis/check/judgment,,unclassified,,,
analysis/check/judgment,registry.go,DiagnosticCodeChannelDoubleClose,const,analysis/check/judgment,,unclassified,,,
analysis/check/judgment,registry.go,DiagnosticCodeChannelSelectExhaustive,const,analysis/check/judgment,,unclassified,,,
analysis/check/judgment,registry.go,DiagnosticCodeChannelSendClosed,const,analysis/check/judgment,,unclassified,,,
analysis/check/judgment,registry.go,DiagnosticCodeConcatOperand,const,analysis/check/judgment,,unclassified,,,
analysis/check/judgment,registry.go,DiagnosticCodeDeadAssignment,const,analysis/check/judgment,,unclassified,,,
analysis/check/judgment,registry.go,DiagnosticCodeDirectCallArgType,const,analysis/check/judgment,,unclassified,,,
analysis/check/judgment,registry.go,DiagnosticCodeDirectCallNotCallable,const,analysis/check/judgment,,unclassified,,,
analysis/check/judgment,registry.go,DiagnosticCodeDirectCallResultAssignment,const,analysis/check/judgment,,unclassified,,,
analysis/check/judgment,registry.go,DiagnosticCodeDirectCallTooFewArgs,const,analysis/check/judgment,,unclassified,,,
analysis/check/judgment,registry.go,DiagnosticCodeDirectCallTooManyArgs,const,analysis/check/judgment,,unclassified,,,
analysis/check/judgment,registry.go,DiagnosticCodeDiscriminatedUnionExhaustive,const,analysis/check/judgment,,unclassified,,,
analysis/check/judgment,registry.go,DiagnosticCodeFrozenTableMutation,const,analysis/check/judgment,,unclassified,,,
analysis/check/judgment,registry.go,DiagnosticCodeMissingMember,const,analysis/check/judgment,,unclassified,,,
analysis/check/judgment,registry.go,DiagnosticCodeNonNilAssertAlwaysNil,const,analysis/check/judgment,,unclassified,,,
analysis/check/judgment,registry.go,DiagnosticCodeNotCallable,const,analysis/check/judgment,,unclassified,,,
analysis/check/judgment,registry.go,DiagnosticCodeNumericForOperand,const,analysis/check/judgment,,unclassified,,,
analysis/check/judgment,registry.go,DiagnosticCodeOptionalAssignmentTarget,const,analysis/check/judgment,,unclassified,,,
analysis/check/judgment,registry.go,DiagnosticCodeOptionalMethodCall,const,analysis/check/judgment,,unclassified,,,
analysis/check/judgment,registry.go,DiagnosticCodeRedundantCondition,const,analysis/check/judgment,,unclassified,,,
analysis/check/judgment,registry.go,DiagnosticCodeResourceUnreleased,const,analysis/check/judgment,,unclassified,,,
analysis/check/judgment,registry.go,DiagnosticCodeReturnContractType,const,analysis/check/judgment,,unclassified,,,
analysis/check/judgment,registry.go,DiagnosticCodeSendIsolation,const,analysis/check/judgment,,unclassified,,,
analysis/check/judgment,registry.go,DiagnosticCodeTypestateInvalidRequirement,const,analysis/check/judgment,,unclassified,,,
analysis/check/judgment,registry.go,DiagnosticCodeTypestateInvalidTransition,const,analysis/check/judgment,,unclassified,,,
analysis/check/judgment,registry.go,DiagnosticCodeTypestateUnprovenRequirement,const,analysis/check/judgment,,unclassified,,,
analysis/check/judgment,registry.go,DiagnosticCodeUnresolvedTypeReference,const,analysis/check/judgment,,unclassified,,,
analysis/check/judgment,registry.go,DiagnosticCodeUnresolvedValueReference,const,analysis/check/judgment,,unclassified,,,
analysis/check/judgment,registry.go,DiagnosticCodeUnusedLocal,const,analysis/check/judgment,,unclassified,,,
analysis/check/judgment,registry.go,DiagnosticDefault,type,analysis/check/judgment,,unclassified,,,
analysis/check/judgment,registry.go,DiagnosticDefaultEnabled,const,analysis/check/judgment,,unclassified,,,
analysis/check/judgment,registry.go,DiagnosticDefaultOptIn,const,analysis/check/judgment,,unclassified,,,
analysis/check/judgment,registry.go,FamilyAdvice,const,analysis/check/judgment,,unclassified,,,
analysis/check/judgment,registry.go,FamilyAssertion,const,analysis/check/judgment,,unclassified,,,
analysis/check/judgment,registry.go,FamilyAssignment,const,analysis/check/judgment,,unclassified,,,
analysis/check/judgment,registry.go,FamilyCall,const,analysis/check/judgment,,unclassified,,,
analysis/check/judgment,registry.go,FamilyChannel,const,analysis/check/judgment,,unclassified,,,
analysis/check/judgment,registry.go,FamilyCondition,const,analysis/check/judgment,,unclassified,,,
analysis/check/judgment,registry.go,FamilyEffect,const,analysis/check/judgment,,unclassified,,,
analysis/check/judgment,registry.go,FamilyFor,const,analysis/check/judgment,,unclassified,,,
analysis/check/judgment,registry.go,FamilyLint,const,analysis/check/judgment,,unclassified,,,
analysis/check/judgment,registry.go,FamilyMember,const,analysis/check/judgment,,unclassified,,,
analysis/check/judgment,registry.go,FamilyOperator,const,analysis/check/judgment,,unclassified,,,
analysis/check/judgment,registry.go,FamilyReturn,const,analysis/check/judgment,,unclassified,,,
analysis/check/judgment,registry.go,FamilySend,const,analysis/check/judgment,,unclassified,,,
analysis/check/judgment,registry.go,FamilyType,const,analysis/check/judgment,,unclassified,,,
analysis/check/judgment,registry.go,FamilyUnion,const,analysis/check/judgment,,unclassified,,,
analysis/check/judgment,registry.go,FamilyValue,const,analysis/check/judgment,,unclassified,,,
analysis/check/judgment,registry.go,NewRegistry,func,analysis/check/judgment,,unclassified,,,
analysis/check/judgment,registry.go,PolicyHint,const,analysis/check/judgment,,unclassified,,,
analysis/check/judgment,registry.go,PolicyProfile,type,analysis/check/judgment,,unclassified,,,
analysis/check/judgment,registry.go,PolicyProvenHint,const,analysis/check/judgment,,unclassified,,,
analysis/check/judgment,registry.go,PolicyRefutedError,const,analysis/check/judgment,,unclassified,,,
analysis/check/judgment,registry.go,PolicyRefutedWarning,const,analysis/check/judgment,,unclassified,,,
analysis/check/judgment,registry.go,PolicyStrictnessTunableTypeError,const,analysis/check/judgment,,unclassified,,,
analysis/check/judgment,registry.go,Registry,type,analysis/check/judgment,,unclassified,,,
analysis/check/judgment,registry.go,Registry.Codes,method,analysis/check/judgment,,unclassified,,,
analysis/check/judgment,registry.go,Registry.Lookup,method,analysis/check/judgment,,unclassified,,,
analysis/check/judgment,registry.go,Registry.Validate,method,analysis/check/judgment,,unclassified,,,
analysis/check/judgment,registry.go,RenderAdvice,const,analysis/check/judgment,,unclassified,,,
analysis/check/judgment,registry.go,RenderAssignment,const,analysis/check/judgment,,unclassified,,,
analysis/check/judgment,registry.go,RenderCallArity,const,analysis/check/judgment,,unclassified,,,
analysis/check/judgment,registry.go,RenderCallCallee,const,analysis/check/judgment,,unclassified,,,
analysis/check/judgment,registry.go,RenderChannelLifecycle,const,analysis/check/judgment,,unclassified,,,
analysis/check/judgment,registry.go,RenderChannelSelect,const,analysis/check/judgment,,unclassified,,,
analysis/check/judgment,registry.go,RenderConcatOperand,const,analysis/check/judgment,,unclassified,,,
analysis/check/judgment,registry.go,RenderDeadAssignment,const,analysis/check/judgment,,unclassified,,,
analysis/check/judgment,registry.go,RenderDirectCallArgument,const,analysis/check/judgment,,unclassified,,,
analysis/check/judgment,registry.go,RenderDiscriminatedUnion,const,analysis/check/judgment,,unclassified,,,
analysis/check/judgment,registry.go,RenderFrozenTable,const,analysis/check/judgment,,unclassified,,,
analysis/check/judgment,registry.go,RenderKey,type,analysis/check/judgment,,unclassified,,,
analysis/check/judgment,registry.go,RenderLifecycle,const,analysis/check/judgment,,unclassified,,,
analysis/check/judgment,registry.go,RenderMemberRead,const,analysis/check/judgment,,unclassified,,,
analysis/check/judgment,registry.go,RenderNonNilAssertion,const,analysis/check/judgment,,unclassified,,,
analysis/check/judgment,registry.go,RenderNumericFor,const,analysis/check/judgment,,unclassified,,,
analysis/check/judgment,registry.go,RenderOptional,const,analysis/check/judgment,,unclassified,,,
analysis/check/judgment,registry.go,RenderOptionalAssignmentTarget,const,analysis/check/judgment,,unclassified,,,
analysis/check/judgment,registry.go,RenderRedundantCondition,const,analysis/check/judgment,,unclassified,,,
analysis/check/judgment,registry.go,RenderRegistration,const,analysis/check/judgment,,unclassified,,,
analysis/check/judgment,registry.go,RenderResultShape,const,analysis/check/judgment,,unclassified,,,
analysis/check/judgment,registry.go,RenderReturn,const,analysis/check/judgment,,unclassified,,,
analysis/check/judgment,registry.go,RenderSendIsolation,const,analysis/check/judgment,,unclassified,,,
analysis/check/judgment,registry.go,RenderTableDispatch,const,analysis/check/judgment,,unclassified,,,
analysis/check/judgment,registry.go,RenderTypestateInvalid,const,analysis/check/judgment,,unclassified,,,
analysis/check/judgment,registry.go,RenderTypestateRequirement,const,analysis/check/judgment,,unclassified,,,
analysis/check/judgment,registry.go,RenderUnresolvedType,const,analysis/check/judgment,,unclassified,,,
analysis/check/judgment,registry.go,RenderUnresolvedValue,const,analysis/check/judgment,,unclassified,,,
analysis/check/judgment,registry.go,RenderUnusedLocal,const,analysis/check/judgment,,unclassified,,,
analysis/check/judgment,registry.go,RepairAddAnnotation,const,analysis/check/judgment,,unclassified,,,
analysis/check/judgment,registry.go,RepairAddNilGuard,const,analysis/check/judgment,,unclassified,,,
analysis/check/judgment,registry.go,RepairConstructFixedShape,const,analysis/check/judgment,,unclassified,,,
analysis/check/judgment,registry.go,RepairDescriptor,type,analysis/check/judgment,,unclassified,,,
analysis/check/judgment,registry.go,RepairHoistInvariantRead,const,analysis/check/judgment,,unclassified,,,
analysis/check/judgment,registry.go,RepairInitializeDiscriminant,const,analysis/check/judgment,,unclassified,,,
analysis/check/judgment,registry.go,RepairKind,type,analysis/check/judgment,,unclassified,,,
analysis/check/judgment,registry.go,RepairRemoveRedundantClaim,const,analysis/check/judgment,,unclassified,,,
analysis/check/judgment,registry.go,RepairRemoveRedundantGuard,const,analysis/check/judgment,,unclassified,,,
analysis/check/judgment,return_proof.go,Judgment.ReturnMissingProofIndexedRead,method,analysis/check/judgment,,unclassified,,,
analysis/check/judgment,return_proof.go,Judgment.ReturnMissingProofMayBeNil,method,analysis/check/judgment,,unclassified,,,
analysis/check/judgment,return_proof.go,Judgment.ReturnProof,method,analysis/check/judgment,,unclassified,,,
analysis/check/judgment,return_proof.go,ReturnProofSummary,type,analysis/check/judgment,,unclassified,,,
analysis/check/judgment,schema_version.go,JIRSchemaVersion,const,analysis/check/judgment,,unclassified,,,
analysis/check/obligation/pass,advice.go,AdviceAlwaysTrueGuards,type,analysis/check/obligation/pass,,unclassified,,,
analysis/check/obligation/pass,advice.go,AdviceAlwaysTrueGuards.Name,method,analysis/check/obligation/pass,,unclassified,,,
analysis/check/obligation/pass,advice.go,AdviceAlwaysTrueGuards.Produce,method,analysis/check/obligation/pass,,unclassified,,,
analysis/check/obligation/pass,advice.go,AdviceInvariantLoopReads,type,analysis/check/obligation/pass,,unclassified,,,
analysis/check/obligation/pass,advice.go,AdviceInvariantLoopReads.Name,method,analysis/check/obligation/pass,,unclassified,,,
analysis/check/obligation/pass,advice.go,AdviceInvariantLoopReads.Produce,method,analysis/check/obligation/pass,,unclassified,,,
analysis/check/obligation/pass,advice.go,AdviceRedundantClaims,type,analysis/check/obligation/pass,,unclassified,,,
analysis/check/obligation/pass,advice.go,AdviceRedundantClaims.Name,method,analysis/check/obligation/pass,,unclassified,,,
analysis/check/obligation/pass,advice.go,AdviceRedundantClaims.Produce,method,analysis/check/obligation/pass,,unclassified,,,
analysis/check/obligation/pass,advice.go,AdviceShapePolymorphic,type,analysis/check/obligation/pass,,unclassified,,,
analysis/check/obligation/pass,advice.go,AdviceShapePolymorphic.Name,method,analysis/check/obligation/pass,,unclassified,,,
analysis/check/obligation/pass,advice.go,AdviceShapePolymorphic.Produce,method,analysis/check/obligation/pass,,unclassified,,,
analysis/check/obligation/pass,advice.go,AdviceSplitBirthDiscriminants,type,analysis/check/obligation/pass,,unclassified,,,
analysis/check/obligation/pass,advice.go,AdviceSplitBirthDiscriminants.Name,method,analysis/check/obligation/pass,,unclassified,,,
analysis/check/obligation/pass,advice.go,AdviceSplitBirthDiscriminants.Produce,method,analysis/check/obligation/pass,,unclassified,,,
analysis/check/obligation/pass,assignment.go,Assignments,type,analysis/check/obligation/pass,,unclassified,,,
analysis/check/obligation/pass,assignment.go,Assignments.Name,method,analysis/check/obligation/pass,,unclassified,,,
analysis/check/obligation/pass,assignment.go,Assignments.Produce,method,analysis/check/obligation/pass,,unclassified,,,
analysis/check/obligation/pass,call_argument.go,CallArguments,type,analysis/check/obligation/pass,,unclassified,,,
analysis/check/obligation/pass,call_argument.go,CallArguments.Name,method,analysis/check/obligation/pass,,unclassified,,,
analysis/check/obligation/pass,call_argument.go,CallArguments.Produce,method,analysis/check/obligation/pass,,unclassified,,,
analysis/check/obligation/pass,call_arity.go,CallArity,type,analysis/check/obligation/pass,,unclassified,,,
analysis/check/obligation/pass,call_arity.go,CallArity.Name,method,analysis/check/obligation/pass,,unclassified,,,
analysis/check/obligation/pass,call_arity.go,CallArity.Produce,method,analysis/check/obligation/pass,,unclassified,,,
analysis/check/obligation/pass,call_callee.go,CallCallee,type,analysis/check/obligation/pass,,unclassified,,,
analysis/check/obligation/pass,call_callee.go,CallCallee.Name,method,analysis/check/obligation/pass,,unclassified,,,
analysis/check/obligation/pass,call_callee.go,CallCallee.Produce,method,analysis/check/obligation/pass,,unclassified,,,
analysis/check/obligation/pass,channel_lifecycle.go,ChannelLifecycles,type,analysis/check/obligation/pass,,unclassified,,,
analysis/check/obligation/pass,channel_lifecycle.go,ChannelLifecycles.Name,method,analysis/check/obligation/pass,,unclassified,,,
analysis/check/obligation/pass,channel_lifecycle.go,ChannelLifecycles.Produce,method,analysis/check/obligation/pass,,unclassified,,,
analysis/check/obligation/pass,channel_select.go,ChannelSelects,type,analysis/check/obligation/pass,,unclassified,,,
analysis/check/obligation/pass,channel_select.go,ChannelSelects.Name,method,analysis/check/obligation/pass,,unclassified,,,
analysis/check/obligation/pass,channel_select.go,ChannelSelects.Produce,method,analysis/check/obligation/pass,,unclassified,,,
analysis/check/obligation/pass,concat_operand.go,ConcatOperands,type,analysis/check/obligation/pass,,unclassified,,,
analysis/check/obligation/pass,concat_operand.go,ConcatOperands.Name,method,analysis/check/obligation/pass,,unclassified,,,
analysis/check/obligation/pass,concat_operand.go,ConcatOperands.Produce,method,analysis/check/obligation/pass,,unclassified,,,
analysis/check/obligation/pass,dead_assignment.go,DeadAssignments,type,analysis/check/obligation/pass,,unclassified,,,
analysis/check/obligation/pass,dead_assignment.go,DeadAssignments.Name,method,analysis/check/obligation/pass,,unclassified,,,
analysis/check/obligation/pass,dead_assignment.go,DeadAssignments.Produce,method,analysis/check/obligation/pass,,unclassified,,,
analysis/check/obligation/pass,discriminated_union.go,DiscriminatedUnions,type,analysis/check/obligation/pass,,unclassified,,,
analysis/check/obligation/pass,discriminated_union.go,DiscriminatedUnions.Name,method,analysis/check/obligation/pass,,unclassified,,,
analysis/check/obligation/pass,discriminated_union.go,DiscriminatedUnions.Produce,method,analysis/check/obligation/pass,,unclassified,,,
analysis/check/obligation/pass,frozen_table.go,FrozenTableMutations,type,analysis/check/obligation/pass,,unclassified,,,
analysis/check/obligation/pass,frozen_table.go,FrozenTableMutations.Name,method,analysis/check/obligation/pass,,unclassified,,,
analysis/check/obligation/pass,frozen_table.go,FrozenTableMutations.Produce,method,analysis/check/obligation/pass,,unclassified,,,
analysis/check/obligation/pass,lifecycle.go,LifecycleObligations,type,analysis/check/obligation/pass,,unclassified,,,
analysis/check/obligation/pass,lifecycle.go,LifecycleObligations.Name,method,analysis/check/obligation/pass,,unclassified,,,
analysis/check/obligation/pass,lifecycle.go,LifecycleObligations.Produce,method,analysis/check/obligation/pass,,unclassified,,,
analysis/check/obligation/pass,member_read.go,MemberReads,type,analysis/check/obligation/pass,,unclassified,,,
analysis/check/obligation/pass,member_read.go,MemberReads.Name,method,analysis/check/obligation/pass,,unclassified,,,
analysis/check/obligation/pass,member_read.go,MemberReads.Produce,method,analysis/check/obligation/pass,,unclassified,,,
analysis/check/obligation/pass,nonnil_assertion.go,NonNilAssertions,type,analysis/check/obligation/pass,,unclassified,,,
analysis/check/obligation/pass,nonnil_assertion.go,NonNilAssertions.Name,method,analysis/check/obligation/pass,,unclassified,,,
analysis/check/obligation/pass,nonnil_assertion.go,NonNilAssertions.Produce,method,analysis/check/obligation/pass,,unclassified,,,
analysis/check/obligation/pass,numeric_for.go,NumericForOperands,type,analysis/check/obligation/pass,,unclassified,,,
analysis/check/obligation/pass,numeric_for.go,NumericForOperands.Name,method,analysis/check/obligation/pass,,unclassified,,,
analysis/check/obligation/pass,numeric_for.go,NumericForOperands.Produce,method,analysis/check/obligation/pass,,unclassified,,,
analysis/check/obligation/pass,optional.go,Optionals,type,analysis/check/obligation/pass,,unclassified,,,
analysis/check/obligation/pass,optional.go,Optionals.Name,method,analysis/check/obligation/pass,,unclassified,,,
analysis/check/obligation/pass,optional.go,Optionals.Produce,method,analysis/check/obligation/pass,,unclassified,,,
analysis/check/obligation/pass,pass.go,Context,type,analysis/check/obligation/pass,,unclassified,,,
analysis/check/obligation/pass,pass.go,New,func,analysis/check/obligation/pass,,unclassified,,,
analysis/check/obligation/pass,pass.go,Pass,type,analysis/check/obligation/pass,,unclassified,,,
analysis/check/obligation/pass,pass.go,Pass.Run,method,analysis/check/obligation/pass,,unclassified,,,
analysis/check/obligation/pass,pass.go,Producer,type,analysis/check/obligation/pass,,unclassified,,,
analysis/check/obligation/pass,redundant_condition.go,RedundantConditions,type,analysis/check/obligation/pass,,unclassified,,,
analysis/check/obligation/pass,redundant_condition.go,RedundantConditions.Name,method,analysis/check/obligation/pass,,unclassified,,,
analysis/check/obligation/pass,redundant_condition.go,RedundantConditions.Produce,method,analysis/check/obligation/pass,,unclassified,,,
analysis/check/obligation/pass,registration.go,Registrations,type,analysis/check/obligation/pass,,unclassified,,,
analysis/check/obligation/pass,registration.go,Registrations.Name,method,analysis/check/obligation/pass,,unclassified,,,
analysis/check/obligation/pass,registration.go,Registrations.Produce,method,analysis/check/obligation/pass,,unclassified,,,
analysis/check/obligation/pass,result_shape.go,ResultShapes,type,analysis/check/obligation/pass,,unclassified,,,
analysis/check/obligation/pass,result_shape.go,ResultShapes.Name,method,analysis/check/obligation/pass,,unclassified,,,
analysis/check/obligation/pass,result_shape.go,ResultShapes.Produce,method,analysis/check/obligation/pass,,unclassified,,,
analysis/check/obligation/pass,return.go,Returns,type,analysis/check/obligation/pass,,unclassified,,,
analysis/check/obligation/pass,return.go,Returns.Name,method,analysis/check/obligation/pass,,unclassified,,,
analysis/check/obligation/pass,return.go,Returns.Produce,method,analysis/check/obligation/pass,,unclassified,,,
analysis/check/obligation/pass,send_safety.go,SendSafety,type,analysis/check/obligation/pass,,unclassified,,,
analysis/check/obligation/pass,send_safety.go,SendSafety.Name,method,analysis/check/obligation/pass,,unclassified,,,
analysis/check/obligation/pass,send_safety.go,SendSafety.Produce,method,analysis/check/obligation/pass,,unclassified,,,
analysis/check/obligation/pass,table_dispatch.go,TableDispatches,type,analysis/check/obligation/pass,,unclassified,,,
analysis/check/obligation/pass,table_dispatch.go,TableDispatches.Name,method,analysis/check/obligation/pass,,unclassified,,,
analysis/check/obligation/pass,table_dispatch.go,TableDispatches.Produce,method,analysis/check/obligation/pass,,unclassified,,,
analysis/check/obligation/pass,typestate_requirement.go,TypestateRequirements,type,analysis/check/obligation/pass,,unclassified,,,
analysis/check/obligation/pass,typestate_requirement.go,TypestateRequirements.Name,method,analysis/check/obligation/pass,,unclassified,,,
analysis/check/obligation/pass,typestate_requirement.go,TypestateRequirements.Produce,method,analysis/check/obligation/pass,,unclassified,,,
analysis/check/obligation/pass,typestate_transition.go,TypestateInvalidTransitions,type,analysis/check/obligation/pass,,unclassified,,,
analysis/check/obligation/pass,typestate_transition.go,TypestateInvalidTransitions.Name,method,analysis/check/obligation/pass,,unclassified,,,
analysis/check/obligation/pass,typestate_transition.go,TypestateInvalidTransitions.Produce,method,analysis/check/obligation/pass,,unclassified,,,
analysis/check/obligation/pass,unresolved_type.go,UnresolvedTypes,type,analysis/check/obligation/pass,,unclassified,,,
analysis/check/obligation/pass,unresolved_type.go,UnresolvedTypes.Name,method,analysis/check/obligation/pass,,unclassified,,,
analysis/check/obligation/pass,unresolved_type.go,UnresolvedTypes.Produce,method,analysis/check/obligation/pass,,unclassified,,,
analysis/check/obligation/pass,unresolved_value.go,UnresolvedValues,type,analysis/check/obligation/pass,,unclassified,,,
analysis/check/obligation/pass,unresolved_value.go,UnresolvedValues.Name,method,analysis/check/obligation/pass,,unclassified,,,
analysis/check/obligation/pass,unresolved_value.go,UnresolvedValues.Produce,method,analysis/check/obligation/pass,,unclassified,,,
analysis/check/obligation/pass,unused_local.go,UnusedLocals,type,analysis/check/obligation/pass,,unclassified,,,
analysis/check/obligation/pass,unused_local.go,UnusedLocals.Name,method,analysis/check/obligation/pass,,unclassified,,,
analysis/check/obligation/pass,unused_local.go,UnusedLocals.Produce,method,analysis/check/obligation/pass,,unclassified,,,
analysis/check/placementplan,plan.go,Blocker,type,analysis/check/placementplan,,unclassified,,,
analysis/check/placementplan,plan.go,BlockerHeapObjectsTop,const,analysis/check/placementplan,,unclassified,,,
analysis/check/placementplan,plan.go,BlockerMissingExitState,const,analysis/check/placementplan,,unclassified,,,
analysis/check/placementplan,plan.go,BlockerMissingPlacementFact,const,analysis/check/placementplan,,unclassified,,,
analysis/check/placementplan,plan.go,BlockerPlacementsTop,const,analysis/check/placementplan,,unclassified,,,
analysis/check/placementplan,plan.go,BlockerSchemaMismatch,const,analysis/check/placementplan,,unclassified,,,
analysis/check/placementplan,plan.go,BlockerUnknownPlacement,const,analysis/check/placementplan,,unclassified,,,
analysis/check/placementplan,plan.go,Entry,type,analysis/check/placementplan,,unclassified,,,
analysis/check/placementplan,plan.go,FromBodyResult,func,analysis/check/placementplan,,unclassified,,,
analysis/check/placementplan,plan.go,FromBodyResults,func,analysis/check/placementplan,,unclassified,,,
analysis/check/placementplan,plan.go,FromProgramResult,func,analysis/check/placementplan,,unclassified,,,
analysis/check/placementplan,plan.go,FromResult,func,analysis/check/placementplan,,unclassified,,,
analysis/check/placementplan,plan.go,FromState,func,analysis/check/placementplan,,unclassified,,,
analysis/check/placementplan,plan.go,Merge,func,analysis/check/placementplan,,unclassified,,,
analysis/check/placementplan,plan.go,Obligation,type,analysis/check/placementplan,,unclassified,,,
analysis/check/placementplan,plan.go,ObligationOwnerIdentity,const,analysis/check/placementplan,,unclassified,,,
analysis/check/placementplan,plan.go,ObligationSealBeforeShare,const,analysis/check/placementplan,,unclassified,,,
analysis/check/placementplan,plan.go,Plan,type,analysis/check/placementplan,,unclassified,,,
analysis/check/placementplan,plan.go,Plan.AllocationStats,method,analysis/check/placementplan,,unclassified,,,
analysis/check/placementplan,plan.go,Plan.Decomposable,method,analysis/check/placementplan,,unclassified,,,
analysis/check/placementplan,plan.go,Plan.FrameLocal,method,analysis/check/placementplan,,unclassified,,,
analysis/check/placementplan,plan.go,Plan.FrameLocalStats,method,analysis/check/placementplan,,unclassified,,,
analysis/check/placementplan,plan.go,Plan.MaxTargetDepth,method,analysis/check/placementplan,,unclassified,,,
analysis/check/placementplan,plan.go,Plan.Placement,method,analysis/check/placementplan,,unclassified,,,
analysis/check/placementplan,plan.go,Plan.SchemaValid,method,analysis/check/placementplan,,unclassified,,,
analysis/check/placementplan,plan.go,Reason,type,analysis/check/placementplan,,unclassified,,,
analysis/check/placementplan,plan.go,ReasonFrameLocalProof,const,analysis/check/placementplan,,unclassified,,,
analysis/check/placementplan,plan.go,ReasonFrozen,const,analysis/check/placementplan,,unclassified,,,
analysis/check/placementplan,plan.go,ReasonLocalMaterialized,const,analysis/check/placementplan,,unclassified,,,
analysis/check/placementplan,plan.go,ReasonSharedEscape,const,analysis/check/placementplan,,unclassified,,,
analysis/check/placementplan,plan.go,ReasonStoredOrRetained,const,analysis/check/placementplan,,unclassified,,,
analysis/check/placementplan,plan.go,SchemaVersion,const,analysis/check/placementplan,,unclassified,,,
analysis/check/placementplan,plan.go,Target,type,analysis/check/placementplan,,unclassified,,,
analysis/check/placementplan,plan.go,Target.String,method,analysis/check/placementplan,,unclassified,,,
analysis/check/placementplan,plan.go,TargetFrameLocal,const,analysis/check/placementplan,,unclassified,,,
analysis/check/placementplan,plan.go,TargetNoFact,const,analysis/check/placementplan,,unclassified,,,
analysis/check/placementplan,plan.go,TargetOwnedHeap,const,analysis/check/placementplan,,unclassified,,,
analysis/check/placementplan,plan.go,TargetSharedHeap,const,analysis/check/placementplan,,unclassified,,,
analysis/check/placementplan,plan.go,TargetStack,const,analysis/check/placementplan,,unclassified,,,
analysis/check/placementplan,plan.go,TargetUnknown,const,analysis/check/placementplan,,unclassified,,,
analysis/check/readmodel,api.go,AllocationField,type,analysis/check/readmodel,,unclassified,,,
analysis/check/readmodel,api.go,AllocationSite,type,analysis/check/readmodel,,unclassified,,,
analysis/check/readmodel,api.go,AllocationSiteSchemaVersion,const,analysis/check/readmodel,,unclassified,,,
analysis/check/readmodel,api.go,AlwaysTrueGuard,type,analysis/check/readmodel,,unclassified,,,
analysis/check/readmodel,api.go,Assignment,type,analysis/check/readmodel,,unclassified,,,
analysis/check/readmodel,api.go,Assignment.ActualTypeKnown,method,analysis/check/readmodel,,unclassified,,,
analysis/check/readmodel,api.go,Assignment.CascadeFromRefutedAssignment,method,analysis/check/readmodel,,unclassified,,,
analysis/check/readmodel,api.go,Assignment.EffectiveActualType,method,analysis/check/readmodel,,unclassified,,,
analysis/check/readmodel,api.go,Assignment.MissingProofRefuted,method,analysis/check/readmodel,,unclassified,,,
analysis/check/readmodel,api.go,AssignmentCallInvalidation,type,analysis/check/readmodel,,unclassified,,,
analysis/check/readmodel,api.go,AssignmentCheck,type,analysis/check/readmodel,,unclassified,,,
analysis/check/readmodel,api.go,AssignmentCheckPlan,type,analysis/check/readmodel,,unclassified,,,
analysis/check/readmodel,api.go,AssignmentExpectedDeclared,const,analysis/check/readmodel,,unclassified,,,
analysis/check/readmodel,api.go,AssignmentExpectedDynamicTarget,const,analysis/check/readmodel,,unclassified,,,
analysis/check/readmodel,api.go,AssignmentExpectedSource,type,analysis/check/readmodel,,unclassified,,,
analysis/check/readmodel,api.go,AssignmentMayBeNilMismatch,func,analysis/check/readmodel,,unclassified,,,
analysis/check/readmodel,api.go,AssignmentMismatch,type,analysis/check/readmodel,,unclassified,,,
analysis/check/readmodel,api.go,AssignmentMismatchKind,type,analysis/check/readmodel,,unclassified,,,
analysis/check/readmodel,api.go,AssignmentMismatchMayBeNil,const,analysis/check/readmodel,,unclassified,,,
analysis/check/readmodel,api.go,AssignmentMismatchMethodType,const,analysis/check/readmodel,,unclassified,,,
analysis/check/readmodel,api.go,AssignmentMismatchMissingRequiredField,const,analysis/check/readmodel,,unclassified,,,
analysis/check/readmodel,api.go,AssignmentMismatchMissingRequiredMethod,const,analysis/check/readmodel,,unclassified,,,
analysis/check/readmodel,api.go,AssignmentParentContext,type,analysis/check/readmodel,,unclassified,,,
analysis/check/readmodel,api.go,AssignmentSourceContribution,type,analysis/check/readmodel,,unclassified,,,
analysis/check/readmodel,api.go,BranchCheck,type,analysis/check/readmodel,,unclassified,,,
analysis/check/readmodel,api.go,BranchCheck.LiteralValue,method,analysis/check/readmodel,,unclassified,,,
analysis/check/readmodel,api.go,BranchCheckFalsy,const,analysis/check/readmodel,,unclassified,,,
analysis/check/readmodel,api.go,BranchCheckIndexInRange,const,analysis/check/readmodel,,unclassified,,,
analysis/check/readmodel,api.go,BranchCheckKind,type,analysis/check/readmodel,,unclassified,,,
analysis/check/readmodel,api.go,BranchCheckLenGe,const,analysis/check/readmodel,,unclassified,,,
analysis/check/readmodel,api.go,BranchCheckLiteralEqual,const,analysis/check/readmodel,,unclassified,,,
analysis/check/readmodel,api.go,BranchCheckLiteralNot,const,analysis/check/readmodel,,unclassified,,,
analysis/check/readmodel,api.go,BranchCheckNil,const,analysis/check/readmodel,,unclassified,,,
analysis/check/readmodel,api.go,BranchCheckNone,const,analysis/check/readmodel,,unclassified,,,
analysis/check/readmodel,api.go,BranchCheckNotNil,const,analysis/check/readmodel,,unclassified,,,
analysis/check/readmodel,api.go,BranchCheckNumGe,const,analysis/check/readmodel,,unclassified,,,
analysis/check/readmodel,api.go,BranchCheckNumLe,const,analysis/check/readmodel,,unclassified,,,
analysis/check/readmodel,api.go,BranchCheckPathEqual,const,analysis/check/readmodel,,unclassified,,,
analysis/check/readmodel,api.go,BranchCheckPathNot,const,analysis/check/readmodel,,unclassified,,,
analysis/check/readmodel,api.go,BranchCheckTruthy,const,analysis/check/readmodel,,unclassified,,,
analysis/check/readmodel,api.go,BranchCheckTypeEqual,const,analysis/check/readmodel,,unclassified,,,
analysis/check/readmodel,api.go,BranchCheckTypeNot,const,analysis/check/readmodel,,unclassified,,,
analysis/check/readmodel,api.go,CallArgument,type,analysis/check/readmodel,,unclassified,,,
analysis/check/readmodel,api.go,CallArgumentCheck,type,analysis/check/readmodel,,unclassified,,,
analysis/check/readmodel,api.go,CallArgumentCheck.ActualTypeKnown,method,analysis/check/readmodel,,unclassified,,,
analysis/check/readmodel,api.go,CallArgumentCheck.EffectiveActualType,method,analysis/check/readmodel,,unclassified,,,
analysis/check/readmodel,api.go,CallArgumentCheck.MissingProofRefuted,method,analysis/check/readmodel,,unclassified,,,
analysis/check/readmodel,api.go,CallArgumentCheckPlan,type,analysis/check/readmodel,,unclassified,,,
analysis/check/readmodel,api.go,CallArgumentExpectedLabelSuffix,func,analysis/check/readmodel,,unclassified,,,
analysis/check/readmodel,api.go,CallArgumentExpectedTypeHasObjectEntries,func,analysis/check/readmodel,,unclassified,,,
analysis/check/readmodel,api.go,CallArgumentMayBeNilMismatch,func,analysis/check/readmodel,,unclassified,,,
analysis/check/readmodel,api.go,CallArgumentMemberLabel,func,analysis/check/readmodel,,unclassified,,,
analysis/check/readmodel,api.go,CallArgumentMismatch,type,analysis/check/readmodel,,unclassified,,,
analysis/check/readmodel,api.go,CallArgumentMismatchCandidate,type,analysis/check/readmodel,,unclassified,,,
analysis/check/readmodel,api.go,CallArgumentMismatchKind,type,analysis/check/readmodel,,unclassified,,,
analysis/check/readmodel,api.go,CallArgumentMismatchMayBeNil,const,analysis/check/readmodel,,unclassified,,,
analysis/check/readmodel,api.go,CallArgumentMismatchMethodType,const,analysis/check/readmodel,,unclassified,,,
analysis/check/readmodel,api.go,CallArgumentMismatchMissingRequiredField,const,analysis/check/readmodel,,unclassified,,,
analysis/check/readmodel,api.go,CallArgumentMismatchMissingRequiredMethod,const,analysis/check/readmodel,,unclassified,,,
analysis/check/readmodel,api.go,CallArgumentMismatchNone,const,analysis/check/readmodel,,unclassified,,,
analysis/check/readmodel,api.go,CallArgumentMismatchSubject,type,analysis/check/readmodel,,unclassified,,,
analysis/check/readmodel,api.go,CallArgumentMismatchSubjectPlan,type,analysis/check/readmodel,,unclassified,,,
analysis/check/readmodel,api.go,CallArgumentObligation,type,analysis/check/readmodel,,unclassified,,,
analysis/check/readmodel,api.go,CallArgumentObligationOrigin,type,analysis/check/readmodel,,unclassified,,,
analysis/check/readmodel,api.go,CallArgumentProofAdmissible,func,analysis/check/readmodel,,unclassified,,,
analysis/check/readmodel,api.go,CallArgumentProofPlan,type,analysis/check/readmodel,,unclassified,,,
analysis/check/readmodel,api.go,CallArgumentReport,type,analysis/check/readmodel,,unclassified,,,
analysis/check/readmodel,api.go,CallArgumentReportGenericConflict,const,analysis/check/readmodel,,unclassified,,,
analysis/check/readmodel,api.go,CallArgumentReportKind,type,analysis/check/readmodel,,unclassified,,,
analysis/check/readmodel,api.go,CallArgumentReportObligation,const,analysis/check/readmodel,,unclassified,,,
analysis/check/readmodel,api.go,CallArgumentReportPlan,type,analysis/check/readmodel,,unclassified,,,
analysis/check/readmodel,api.go,CallArgumentWitnessProvenMismatch,func,analysis/check/readmodel,,unclassified,,,
analysis/check/readmodel,api.go,CallArityReport,type,analysis/check/readmodel,,unclassified,,,
analysis/check/readmodel,api.go,CallArityReportKind,type,analysis/check/readmodel,,unclassified,,,
analysis/check/readmodel,api.go,CallArityReportNone,const,analysis/check/readmodel,,unclassified,,,
analysis/check/readmodel,api.go,CallArityReportPlan,type,analysis/check/readmodel,,unclassified,,,
analysis/check/readmodel,api.go,CallArityReportTooFew,const,analysis/check/readmodel,,unclassified,,,
analysis/check/readmodel,api.go,CallArityReportTooMany,const,analysis/check/readmodel,,unclassified,,,
analysis/check/readmodel,api.go,CallCalleeDeclaredNilOwnedByDeclaration,func,analysis/check/readmodel,,unclassified,,,
analysis/check/readmodel,api.go,CallCalleeDeclaredTypeMoreInformative,func,analysis/check/readmodel,,unclassified,,,
analysis/check/readmodel,api.go,CallCalleeReport,type,analysis/check/readmodel,,unclassified,,,
analysis/check/readmodel,api.go,CallCalleeReportKind,type,analysis/check/readmodel,,unclassified,,,
analysis/check/readmodel,api.go,CallCalleeReportMayBeNil,const,analysis/check/readmodel,,unclassified,,,
analysis/check/readmodel,api.go,CallCalleeReportMissingMember,const,analysis/check/readmodel,,unclassified,,,
analysis/check/readmodel,api.go,CallCalleeReportNone,const,analysis/check/readmodel,,unclassified,,,
analysis/check/readmodel,api.go,CallCalleeReportNotCallable,const,analysis/check/readmodel,,unclassified,,,
analysis/check/readmodel,api.go,CallCalleeReportPlan,type,analysis/check/readmodel,,unclassified,,,
analysis/check/readmodel,api.go,CallContractSource,type,analysis/check/readmodel,,unclassified,,,
analysis/check/readmodel,api.go,CallContractSource.ParameterLabel,method,analysis/check/readmodel,,unclassified,,,
analysis/check/readmodel,api.go,CallContractSource.ParameterSpan,method,analysis/check/readmodel,,unclassified,,,
analysis/check/readmodel,api.go,CallContractSource.ResultSpan,method,analysis/check/readmodel,,unclassified,,,
analysis/check/readmodel,api.go,CallContractSourceFunctionValue,const,analysis/check/readmodel,,unclassified,,,
analysis/check/readmodel,api.go,CallContractSourceImportedSignature,const,analysis/check/readmodel,,unclassified,,,
analysis/check/readmodel,api.go,CallContractSourceKind,type,analysis/check/readmodel,,unclassified,,,
analysis/check/readmodel,api.go,CallContractSourceLocalFunction,const,analysis/check/readmodel,,unclassified,,,
analysis/check/readmodel,api.go,CallContractSourceMemberFunction,const,analysis/check/readmodel,,unclassified,,,
analysis/check/readmodel,api.go,CallGenericInferenceConflict,type,analysis/check/readmodel,,unclassified,,,
analysis/check/readmodel,api.go,CallGenericInferenceContribution,type,analysis/check/readmodel,,unclassified,,,
analysis/check/readmodel,api.go,CallResultAssignmentSource,type,analysis/check/readmodel,,unclassified,,,
analysis/check/readmodel,api.go,CallSite,type,analysis/check/readmodel,,unclassified,,,
analysis/check/readmodel,api.go,ChannelLifecycleClose,const,analysis/check/readmodel,,unclassified,,,
analysis/check/readmodel,api.go,ChannelLifecycleMisuse,type,analysis/check/readmodel,,unclassified,,,
analysis/check/readmodel,api.go,ChannelLifecycleOperation,type,analysis/check/readmodel,,unclassified,,,
analysis/check/readmodel,api.go,ChannelLifecycleSend,const,analysis/check/readmodel,,unclassified,,,
analysis/check/readmodel,api.go,ChannelSelectExhaustiveness,type,analysis/check/readmodel,,unclassified,,,
analysis/check/readmodel,api.go,ClosureCapture,type,analysis/check/readmodel,,unclassified,,,
analysis/check/readmodel,api.go,ClosureCaptureSchemaVersion,const,analysis/check/readmodel,,unclassified,,,
analysis/check/readmodel,api.go,ConcatOperand,type,analysis/check/readmodel,,unclassified,,,
analysis/check/readmodel,api.go,ConcatOperand.NilRisk,method,analysis/check/readmodel,,unclassified,,,
analysis/check/readmodel,api.go,ConcatOperandNilRisk,func,analysis/check/readmodel,,unclassified,,,
analysis/check/readmodel,api.go,DeadAssignment,type,analysis/check/readmodel,,unclassified,,,
analysis/check/readmodel,api.go,DeadAssignmentExit,type,analysis/check/readmodel,,unclassified,,,
analysis/check/readmodel,api.go,DeadAssignmentOverwrite,type,analysis/check/readmodel,,unclassified,,,
analysis/check/readmodel,api.go,DiscriminatedUnionExhaustiveness,type,analysis/check/readmodel,,unclassified,,,
analysis/check/readmodel,api.go,DominatingBranchProof,type,analysis/check/readmodel,,unclassified,,,
analysis/check/readmodel,api.go,ExpectedLabelWithSuffix,func,analysis/check/readmodel,,unclassified,,,
analysis/check/readmodel,api.go,FrozenTableMutation,type,analysis/check/readmodel,,unclassified,,,
analysis/check/readmodel,api.go,FrozenTableMutationAssignment,const,analysis/check/readmodel,,unclassified,,,
analysis/check/readmodel,api.go,FrozenTableMutationCall,const,analysis/check/readmodel,,unclassified,,,
analysis/check/readmodel,api.go,FrozenTableMutationKind,type,analysis/check/readmodel,,unclassified,,,
analysis/check/readmodel,api.go,GenericInferenceContributionSpanCandidate,type,analysis/check/readmodel,,unclassified,,,
analysis/check/readmodel,api.go,GenericInferenceContributionSpanPlan,type,analysis/check/readmodel,,unclassified,,,
analysis/check/readmodel,api.go,HoistableLoad,type,analysis/check/readmodel,,unclassified,,,
analysis/check/readmodel,api.go,HoistableLoadSchemaVersion,const,analysis/check/readmodel,,unclassified,,,
analysis/check/readmodel,api.go,IndexedCallArgumentObligation,type,analysis/check/readmodel,,unclassified,,,
analysis/check/readmodel,api.go,InvariantLoopRead,type,analysis/check/readmodel,,unclassified,,,
analysis/check/readmodel,api.go,LifecycleObligation,type,analysis/check/readmodel,,unclassified,,,
analysis/check/readmodel,api.go,LifecycleSite,type,analysis/check/readmodel,,unclassified,,,
analysis/check/readmodel,api.go,LifecycleSiteAcquire,const,analysis/check/readmodel,,unclassified,,,
analysis/check/readmodel,api.go,LifecycleSiteEscape,const,analysis/check/readmodel,,unclassified,,,
analysis/check/readmodel,api.go,LifecycleSiteKind,type,analysis/check/readmodel,,unclassified,,,
analysis/check/readmodel,api.go,LifecycleSiteTransition,const,analysis/check/readmodel,,unclassified,,,
analysis/check/readmodel,api.go,MissingMemberRead,type,analysis/check/readmodel,,unclassified,,,
analysis/check/readmodel,api.go,NilabilityProvenance,type,analysis/check/readmodel,,unclassified,,,
analysis/check/readmodel,api.go,NilableAccessEvidence,type,analysis/check/readmodel,,unclassified,,,
analysis/check/readmodel,api.go,NonNilAssertion,type,analysis/check/readmodel,,unclassified,,,
analysis/check/readmodel,api.go,NonNilAssertionOperandNilOnly,func,analysis/check/readmodel,,unclassified,,,
analysis/check/readmodel,api.go,NonNilProjectionProvesMismatch,func,analysis/check/readmodel,,unclassified,,,
analysis/check/readmodel,api.go,NumericForDefinitelyNotNumber,func,analysis/check/readmodel,,unclassified,,,
analysis/check/readmodel,api.go,NumericForOperand,type,analysis/check/readmodel,,unclassified,,,
analysis/check/readmodel,api.go,ObligationTypeContainsFreeTypeParam,func,analysis/check/readmodel,,unclassified,,,
analysis/check/readmodel,api.go,ObligationTypeReportable,func,analysis/check/readmodel,,unclassified,,,
analysis/check/readmodel,api.go,OptionalAssignmentTarget,type,analysis/check/readmodel,,unclassified,,,
analysis/check/readmodel,api.go,OptionalExhaustiveness,type,analysis/check/readmodel,,unclassified,,,
analysis/check/readmodel,api.go,OptionalTruthinessPartitionsNilValue,func,analysis/check/readmodel,,unclassified,,,
analysis/check/readmodel,api.go,OptionalTypeHasConcreteValue,func,analysis/check/readmodel,,unclassified,,,
analysis/check/readmodel,api.go,PlanAssignmentCheck,func,analysis/check/readmodel,,unclassified,,,
analysis/check/readmodel,api.go,PlanCallArgumentCheck,func,analysis/check/readmodel,,unclassified,,,
analysis/check/readmodel,api.go,PlanCallArgumentMismatchSubject,func,analysis/check/readmodel,,unclassified,,,
analysis/check/readmodel,api.go,PlanCallArgumentReports,func,analysis/check/readmodel,,unclassified,,,
analysis/check/readmodel,api.go,PlanCallArityReport,func,analysis/check/readmodel,,unclassified,,,
analysis/check/readmodel,api.go,PlanCallCalleeReport,func,analysis/check/readmodel,,unclassified,,,
analysis/check/readmodel,api.go,PlanGenericInferenceContributionSpan,func,analysis/check/readmodel,,unclassified,,,
analysis/check/readmodel,api.go,PlanReturnCheck,func,analysis/check/readmodel,,unclassified,,,
analysis/check/readmodel,api.go,ProjectionHasNil,func,analysis/check/readmodel,,unclassified,,,
analysis/check/readmodel,api.go,ProjectionWithoutNil,func,analysis/check/readmodel,,unclassified,,,
analysis/check/readmodel,api.go,Reader,type,analysis/check/readmodel,,unclassified,,,
analysis/check/readmodel,api.go,RedundantClaim,type,analysis/check/readmodel,,unclassified,,,
analysis/check/readmodel,api.go,RedundantConditionBranch,type,analysis/check/readmodel,,unclassified,,,
analysis/check/readmodel,api.go,RegistrationExhaustiveness,type,analysis/check/readmodel,,unclassified,,,
analysis/check/readmodel,api.go,ResultShapeExhaustiveness,type,analysis/check/readmodel,,unclassified,,,
analysis/check/readmodel,api.go,Return,type,analysis/check/readmodel,,unclassified,,,
analysis/check/readmodel,api.go,Return.ActualTypeKnown,method,analysis/check/readmodel,,unclassified,,,
analysis/check/readmodel,api.go,Return.BodyParamObligationCascade,method,analysis/check/readmodel,,unclassified,,,
analysis/check/readmodel,api.go,Return.EffectiveActualType,method,analysis/check/readmodel,,unclassified,,,
analysis/check/readmodel,api.go,Return.HasUnownedTopActual,method,analysis/check/readmodel,,unclassified,,,
analysis/check/readmodel,api.go,Return.MissingProofRefuted,method,analysis/check/readmodel,,unclassified,,,
analysis/check/readmodel,api.go,ReturnCheck,type,analysis/check/readmodel,,unclassified,,,
analysis/check/readmodel,api.go,ReturnCheckPlan,type,analysis/check/readmodel,,unclassified,,,
analysis/check/readmodel,api.go,ReturnMismatch,type,analysis/check/readmodel,,unclassified,,,
analysis/check/readmodel,api.go,ReturnMismatchKind,type,analysis/check/readmodel,,unclassified,,,
analysis/check/readmodel,api.go,ReturnMismatchMayBeNil,const,analysis/check/readmodel,,unclassified,,,
analysis/check/readmodel,api.go,ReturnMismatchMissingRequiredField,const,analysis/check/readmodel,,unclassified,,,
analysis/check/readmodel,api.go,SendSafety,type,analysis/check/readmodel,,unclassified,,,
analysis/check/readmodel,api.go,SendSafety.SchemaValid,method,analysis/check/readmodel,,unclassified,,,
analysis/check/readmodel,api.go,SendSafetyProvenImmutable,const,analysis/check/readmodel,,unclassified,,,
analysis/check/readmodel,api.go,SendSafetyProvenIsolated,const,analysis/check/readmodel,,unclassified,,,
analysis/check/readmodel,api.go,SendSafetySchemaVersion,const,analysis/check/readmodel,,unclassified,,,
analysis/check/readmodel,api.go,SendSafetyUnknown,const,analysis/check/readmodel,,unclassified,,,
analysis/check/readmodel,api.go,SendSafetyVerdict,type,analysis/check/readmodel,,unclassified,,,
analysis/check/readmodel,api.go,SendSafetyVerdict.String,method,analysis/check/readmodel,,unclassified,,,
analysis/check/readmodel,api.go,ShapeConditionalField,type,analysis/check/readmodel,,unclassified,,,
analysis/check/readmodel,api.go,ShapePolymorphic,type,analysis/check/readmodel,,unclassified,,,
analysis/check/readmodel,api.go,SourceSpan,type,analysis/check/readmodel,,unclassified,,,
analysis/check/readmodel,api.go,SourceSpan.Valid,method,analysis/check/readmodel,,unclassified,,,
analysis/check/readmodel,api.go,SplitBirthDiscriminant,type,analysis/check/readmodel,,unclassified,,,
analysis/check/readmodel,api.go,SplitBirthPayloadWrite,type,analysis/check/readmodel,,unclassified,,,
analysis/check/readmodel,api.go,TableDispatchExhaustiveness,type,analysis/check/readmodel,,unclassified,,,
analysis/check/readmodel,api.go,TypeIncludesNil,func,analysis/check/readmodel,,unclassified,,,
analysis/check/readmodel,api.go,TypeMayBeNilMismatch,func,analysis/check/readmodel,,unclassified,,,
analysis/check/readmodel,api.go,TypestateInvalidTransition,type,analysis/check/readmodel,,unclassified,,,
analysis/check/readmodel,api.go,TypestateRequirement,type,analysis/check/readmodel,,unclassified,,,
analysis/check/readmodel,api.go,UnresolvedTypeReference,type,analysis/check/readmodel,,unclassified,,,
analysis/check/readmodel,api.go,UnresolvedValueReference,type,analysis/check/readmodel,,unclassified,,,
analysis/check/readmodel,api.go,UnusedLocal,type,analysis/check/readmodel,,unclassified,,,
analysis/check/readmodel,api.go,obligationActualPolicy.ActualTypeKnown,method,analysis/check/readmodel,,unclassified,,,
analysis/check/readmodel,api.go,obligationActualPolicy.EffectiveActualType,method,analysis/check/readmodel,,unclassified,,,
analysis/check/readmodel,api.go,obligationActualPolicy.MissingProofRefuted,method,analysis/check/readmodel,,unclassified,,,
analysis/check/readmodel,redundant_condition_proof.go,DeriveRedundantConditionProof,func,analysis/check/readmodel,,unclassified,,,
analysis/check/readmodel,redundant_condition_proof.go,RedundantConditionProof,type,analysis/check/readmodel,,unclassified,,,
analysis/check/readmodel,redundant_condition_proof.go,RedundantConditionProof.Always,method,analysis/check/readmodel,,unclassified,,,
analysis/check/readmodel,redundant_condition_proof.go,RedundantConditionProof.Check,method,analysis/check/readmodel,,unclassified,,,
analysis/check/readmodel,redundant_condition_proof.go,RedundantConditionProof.ProofSpan,method,analysis/check/readmodel,,unclassified,,,
analysis/check/readmodel,redundant_condition_proof.go,RedundantConditionProof.Proven,method,analysis/check/readmodel,,unclassified,,,
analysis/check/readmodel,redundant_condition_proof.go,RedundantConditionProofFalsy,const,analysis/check/readmodel,,unclassified,,,
analysis/check/readmodel,redundant_condition_proof.go,RedundantConditionProofLiteral,const,analysis/check/readmodel,,unclassified,,,
analysis/check/readmodel,redundant_condition_proof.go,RedundantConditionProofNil,const,analysis/check/readmodel,,unclassified,,,
analysis/check/readmodel,redundant_condition_proof.go,RedundantConditionProofNotLiteral,const,analysis/check/readmodel,,unclassified,,,
analysis/check/readmodel,redundant_condition_proof.go,RedundantConditionProofNotNil,const,analysis/check/readmodel,,unclassified,,,
analysis/check/readmodel,redundant_condition_proof.go,RedundantConditionProofNotRuntimeType,const,analysis/check/readmodel,,unclassified,,,
analysis/check/readmodel,redundant_condition_proof.go,RedundantConditionProofRuntimeType,const,analysis/check/readmodel,,unclassified,,,
analysis/check/readmodel,redundant_condition_proof.go,RedundantConditionProofState,type,analysis/check/readmodel,,unclassified,,,
analysis/check/readmodel,redundant_condition_proof.go,RedundantConditionProofTruthy,const,analysis/check/readmodel,,unclassified,,,
analysis/check/readmodel,redundant_condition_proof.go,RedundantConditionProven,type,analysis/check/readmodel,,unclassified,,,
analysis/check/service,debug_map.go,BodyDebugMap,type,analysis/check/service,,unclassified,,,
analysis/check/service,debug_map.go,BodyDebugMap.CanonicalBytes,method,analysis/check/service,,unclassified,,,
analysis/check/service,debug_map.go,DbgLocal,type,analysis/check/service,,unclassified,,,
analysis/check/service,debug_map.go,DebugAnchor,type,analysis/check/service,,unclassified,,,
analysis/check/service,debug_map.go,DebugMapEntry,type,analysis/check/service,,unclassified,,,
analysis/check/service,debug_map.go,DebugMapSchemaVersion,const,analysis/check/service,,unclassified,,,
analysis/check/service,debug_map.go,DebugPhase,type,analysis/check/service,,unclassified,,,
analysis/check/service,debug_map.go,DebugPhaseAfter,const,analysis/check/service,,unclassified,,,
analysis/check/service,debug_map.go,DebugPhaseBefore,const,analysis/check/service,,unclassified,,,
analysis/check/service,debug_map.go,DebugPhaseCall,const,analysis/check/service,,unclassified,,,
analysis/check/service,debug_map.go,DebugPhaseReturn,const,analysis/check/service,,unclassified,,,
analysis/check/service,debug_map.go,DebugPhaseSuspend,const,analysis/check/service,,unclassified,,,
analysis/check/service,debug_map.go,DebugPointID,type,analysis/check/service,,unclassified,,,
analysis/check/service,debug_map.go,EngineBuildTag,const,analysis/check/service,,unclassified,,,
analysis/check/service,debug_map.go,StaticArtifact,type,analysis/check/service,,unclassified,,,
analysis/check/service,debug_map.go,StaticArtifactID,type,analysis/check/service,,unclassified,,,
analysis/check/service,debug_map.go,StaticArtifactID.String,method,analysis/check/service,,unclassified,,,
analysis/check/service,debug_map.go,StaticArtifactID.Valid,method,analysis/check/service,,unclassified,,,
analysis/check/service,digest.go,Digest,type,analysis/check/service,,unclassified,,,
analysis/check/service,input.go,ErrResultNotFound,var,analysis/check/service,,unclassified,,,
analysis/check/service,input.go,ErrUnitNotFound,var,analysis/check/service,,unclassified,,,
analysis/check/service,query.go,BatchSession.BodyInputDigests,method,analysis/check/service,,unclassified,,,
analysis/check/service,query.go,BatchSession.Diagnostics,method,analysis/check/service,,unclassified,,,
analysis/check/service,query.go,BatchSession.JudgmentsByAnchor,method,analysis/check/service,,unclassified,,,
analysis/check/service,query.go,BatchSession.ListJudgments,method,analysis/check/service,,unclassified,,,
analysis/check/service,query.go,BatchSession.ManifestBytes,method,analysis/check/service,,unclassified,,,
analysis/check/service,query.go,BatchSession.PlacementPlan,method,analysis/check/service,,unclassified,,,
analysis/check/service,query.go,BatchSession.SummarySnapshot,method,analysis/check/service,,unclassified,,,
analysis/check/service,semantic_query.go,BinderCapture,const,analysis/check/service,,unclassified,,,
analysis/check/service,semantic_query.go,BinderFunction,const,analysis/check/service,,unclassified,,,
analysis/check/service,semantic_query.go,BinderGlobal,const,analysis/check/service,,unclassified,,,
analysis/check/service,semantic_query.go,BinderInfo,type,analysis/check/service,,unclassified,,,
analysis/check/service,semantic_query.go,BinderKind,type,analysis/check/service,,unclassified,,,
analysis/check/service,semantic_query.go,BinderLocal,const,analysis/check/service,,unclassified,,,
analysis/check/service,semantic_query.go,BinderOccurrence,type,analysis/check/service,,unclassified,,,
analysis/check/service,semantic_query.go,BinderOccurrenceRole,type,analysis/check/service,,unclassified,,,
analysis/check/service,semantic_query.go,BinderOccurrencesRequest,type,analysis/check/service,,unclassified,,,
analysis/check/service,semantic_query.go,BinderOccurrencesResponse,type,analysis/check/service,,unclassified,,,
analysis/check/service,semantic_query.go,BinderParam,const,analysis/check/service,,unclassified,,,
analysis/check/service,semantic_query.go,BinderRead,const,analysis/check/service,,unclassified,,,
analysis/check/service,semantic_query.go,BinderUnknown,const,analysis/check/service,,unclassified,,,
analysis/check/service,semantic_query.go,BinderUpvalue,const,analysis/check/service,,unclassified,,,
analysis/check/service,semantic_query.go,BinderWrite,const,analysis/check/service,,unclassified,,,
analysis/check/service,semantic_query.go,BodyCallRelations,type,analysis/check/service,,unclassified,,,
analysis/check/service,semantic_query.go,CallRelation,type,analysis/check/service,,unclassified,,,
analysis/check/service,semantic_query.go,CallRelationsRequest,type,analysis/check/service,,unclassified,,,
analysis/check/service,semantic_query.go,CallRelationsResponse,type,analysis/check/service,,unclassified,,,
analysis/check/service,semantic_query.go,CalleeIdentity,type,analysis/check/service,,unclassified,,,
analysis/check/service,semantic_query.go,DocumentSymbol,type,analysis/check/service,,unclassified,,,
analysis/check/service,semantic_query.go,DocumentSymbolFunction,const,analysis/check/service,,unclassified,,,
analysis/check/service,semantic_query.go,DocumentSymbolKind,type,analysis/check/service,,unclassified,,,
analysis/check/service,semantic_query.go,DocumentSymbolModuleField,const,analysis/check/service,,unclassified,,,
analysis/check/service,semantic_query.go,DocumentSymbolsRequest,type,analysis/check/service,,unclassified,,,
analysis/check/service,semantic_query.go,DocumentSymbolsResponse,type,analysis/check/service,,unclassified,,,
analysis/check/service,semantic_query.go,EmbeddingSchemaVersion,const,analysis/check/service,,unclassified,,,
analysis/check/service,semantic_query.go,EnclosingBody,type,analysis/check/service,,unclassified,,,
analysis/check/service,semantic_query.go,ExpressionType,type,analysis/check/service,,unclassified,,,
analysis/check/service,semantic_query.go,PositionLookupRequest,type,analysis/check/service,,unclassified,,,
analysis/check/service,semantic_query.go,PositionLookupResponse,type,analysis/check/service,,unclassified,,,
analysis/check/service,semantic_query.go,RepairAction,type,analysis/check/service,,unclassified,,,
analysis/check/service,semantic_query.go,RepairActionsRequest,type,analysis/check/service,,unclassified,,,
analysis/check/service,semantic_query.go,RepairActionsResponse,type,analysis/check/service,,unclassified,,,
analysis/check/service,semantic_query.go,RepairEdit,type,analysis/check/service,,unclassified,,,
analysis/check/service,semantic_query.go,RepairPayload,type,analysis/check/service,,unclassified,,,
analysis/check/service,semantic_query.go,SemanticToken,type,analysis/check/service,,unclassified,,,
analysis/check/service,semantic_query.go,SemanticTokenFunction,const,analysis/check/service,,unclassified,,,
analysis/check/service,semantic_query.go,SemanticTokenKind,type,analysis/check/service,,unclassified,,,
analysis/check/service,semantic_query.go,SemanticTokenModifier,type,analysis/check/service,,unclassified,,,
analysis/check/service,semantic_query.go,SemanticTokenParameter,const,analysis/check/service,,unclassified,,,
analysis/check/service,semantic_query.go,SemanticTokenPlacement,const,analysis/check/service,,unclassified,,,
analysis/check/service,semantic_query.go,SemanticTokenTypestateTracked,const,analysis/check/service,,unclassified,,,
analysis/check/service,semantic_query.go,SemanticTokenVariable,const,analysis/check/service,,unclassified,,,
analysis/check/service,semantic_query.go,SemanticTokensRequest,type,analysis/check/service,,unclassified,,,
analysis/check/service,semantic_query.go,SemanticTokensResponse,type,analysis/check/service,,unclassified,,,
analysis/check/service,semantic_query.go,SourceLocation,type,analysis/check/service,,unclassified,,,
analysis/check/service,semantic_query.go,SourceLocation.Valid,method,analysis/check/service,,unclassified,,,
analysis/check/service,semantic_query.go,SourcePosition,type,analysis/check/service,,unclassified,,,
analysis/check/service,semantic_query.go,SourceSpan,type,analysis/check/service,,unclassified,,,
analysis/check/service,semantic_query.go,SourceSpan.Valid,method,analysis/check/service,,unclassified,,,
analysis/check/service,semantic_query_api.go,BatchSession.BinderOccurrences,method,analysis/check/service,,unclassified,,,
analysis/check/service,semantic_query_api.go,BatchSession.CallRelations,method,analysis/check/service,,unclassified,,,
analysis/check/service,semantic_query_api.go,BatchSession.DocumentSymbols,method,analysis/check/service,,unclassified,,,
analysis/check/service,semantic_query_api.go,BatchSession.PositionLookup,method,analysis/check/service,,unclassified,,,
analysis/check/service,semantic_query_api.go,BatchSession.RepairActions,method,analysis/check/service,,unclassified,,,
analysis/check/service,semantic_query_api.go,BatchSession.SemanticTokens,method,analysis/check/service,,unclassified,,,
analysis/check/service,session.go,BatchSession,type,analysis/check/service,,unclassified,,,
analysis/check/service,session.go,BatchSession.LastComplete,method,analysis/check/service,,unclassified,,,
analysis/check/service,session.go,BatchSession.RemoveUnit,method,analysis/check/service,,unclassified,,,
analysis/check/service,session.go,BatchSession.UpsertUnit,method,analysis/check/service,,unclassified,,,
analysis/check/service,session.go,BatchSessionOption,type,analysis/check/service,,unclassified,,,
analysis/check/service,session.go,NewBatchSession,func,analysis/check/service,,unclassified,,,
analysis/check/service,session.go,WithoutSemanticProjection,func,analysis/check/service,,unclassified,,,
analysis/check/service,solve.go,BatchSession.EnsureSolved,method,analysis/check/service,,unclassified,,,
analysis/check/service,types.go,BodyID,type,analysis/check/service,,unclassified,,,
analysis/check/service,types.go,BodyInputDigestsRequest,type,analysis/check/service,,unclassified,,,
analysis/check/service,types.go,BodyInputDigestsResponse,type,analysis/check/service,,unclassified,,,
analysis/check/service,types.go,BodyResultRef,type,analysis/check/service,,unclassified,,,
analysis/check/service,types.go,CompletedResult,type,analysis/check/service,,unclassified,,,
analysis/check/service,types.go,CompletedResult.Bodies,method,analysis/check/service,,unclassified,,,
analysis/check/service,types.go,CompletedResult.DebugMaps,method,analysis/check/service,,unclassified,,,
analysis/check/service,types.go,CompletedResult.Judgments,method,analysis/check/service,,unclassified,,,
analysis/check/service,types.go,CompletedResult.ManifestBytes,method,analysis/check/service,,unclassified,,,
analysis/check/service,types.go,CompletedResult.PlacementPlan,method,analysis/check/service,,unclassified,,,
analysis/check/service,types.go,CompletedResult.RenderedDiagnostics,method,analysis/check/service,,unclassified,,,
analysis/check/service,types.go,CompletedResult.StaticArtifacts,method,analysis/check/service,,unclassified,,,
analysis/check/service,types.go,CompletedResult.SummarySnapshot,method,analysis/check/service,,unclassified,,,
analysis/check/service,types.go,CompletedResult.Tag,method,analysis/check/service,,unclassified,,,
analysis/check/service,types.go,CompletedResult.Valid,method,analysis/check/service,,unclassified,,,
analysis/check/service,types.go,ExportManifestRequest,type,analysis/check/service,,unclassified,,,
analysis/check/service,types.go,ExportManifestResponse,type,analysis/check/service,,unclassified,,,
analysis/check/service,types.go,Freshness,type,analysis/check/service,,unclassified,,,
analysis/check/service,types.go,FreshnessAllowCached,const,analysis/check/service,,unclassified,,,
analysis/check/service,types.go,FreshnessRequireNew,const,analysis/check/service,,unclassified,,,
analysis/check/service,types.go,JudgmentPresentation,type,analysis/check/service,,unclassified,,,
analysis/check/service,types.go,JudgmentsByAnchorRequest,type,analysis/check/service,,unclassified,,,
analysis/check/service,types.go,JudgmentsByAnchorResponse,type,analysis/check/service,,unclassified,,,
analysis/check/service,types.go,ListDiagnosticsRequest,type,analysis/check/service,,unclassified,,,
analysis/check/service,types.go,ListDiagnosticsResponse,type,analysis/check/service,,unclassified,,,
analysis/check/service,types.go,ListJudgmentsRequest,type,analysis/check/service,,unclassified,,,
analysis/check/service,types.go,ListJudgmentsResponse,type,analysis/check/service,,unclassified,,,
analysis/check/service,types.go,NewUnitInputFromFiles,func,analysis/check/service,,unclassified,,,
analysis/check/service,types.go,PlacementPlanRequest,type,analysis/check/service,,unclassified,,,
analysis/check/service,types.go,PlacementPlanResponse,type,analysis/check/service,,unclassified,,,
analysis/check/service,types.go,QueryMeta,type,analysis/check/service,,unclassified,,,
analysis/check/service,types.go,ResultRequest,type,analysis/check/service,,unclassified,,,
analysis/check/service,types.go,ResultSelector,type,analysis/check/service,,unclassified,,,
analysis/check/service,types.go,ResultTag,type,analysis/check/service,,unclassified,,,
analysis/check/service,types.go,SolveRequest,type,analysis/check/service,,unclassified,,,
analysis/check/service,types.go,SolveTrigger,type,analysis/check/service,,unclassified,,,
analysis/check/service,types.go,SourceRange,type,analysis/check/service,,unclassified,,,
analysis/check/service,types.go,SummarySnapshotRequest,type,analysis/check/service,,unclassified,,,
analysis/check/service,types.go,SummarySnapshotResponse,type,analysis/check/service,,unclassified,,,
analysis/check/service,types.go,SummaryView,type,analysis/check/service,,unclassified,,,
analysis/check/service,types.go,SummaryView.Entries,method,analysis/check/service,,unclassified,,,
analysis/check/service,types.go,SummaryView.Read,method,analysis/check/service,,unclassified,,,
analysis/check/service,types.go,TriggerAdmission,const,analysis/check/service,,unclassified,,,
analysis/check/service,types.go,TriggerBatch,const,analysis/check/service,,unclassified,,,
analysis/check/service,types.go,TriggerKeystroke,const,analysis/check/service,,unclassified,,,
analysis/check/service,types.go,TriggerSave,const,analysis/check/service,,unclassified,,,
analysis/check/service,types.go,UnitID,type,analysis/check/service,,unclassified,,,
analysis/check/service,types.go,UnitInput,type,analysis/check/service,,unclassified,,,
analysis/check/service,types.go,UnitState,type,analysis/check/service,,unclassified,,,
analysis/check/service,types.go,WorkspaceSession,type,analysis/check/service,,unclassified,,,
analysis/engine/callboundary,lane_descriptors.go,BoundaryFactDescriptor,type,analysis/engine/callboundary,,unclassified,,,
analysis/engine/callboundary,lane_descriptors.go,BoundaryFactKind,type,analysis/engine/callboundary,,unclassified,,,
analysis/engine/callboundary,lane_descriptors.go,BoundaryFactTable,type,analysis/engine/callboundary,,unclassified,,,
analysis/engine/callboundary,lane_descriptors.go,BoundaryFactTable.Validate,method,analysis/engine/callboundary,,unclassified,,,
analysis/engine/callboundary,lane_descriptors.go,DeriveBoundaryLanes,func,analysis/engine/callboundary,,unclassified,,,
analysis/engine/callboundary,lane_descriptors.go,NormalReturnFactDescriptors,func,analysis/engine/callboundary,,unclassified,,,
analysis/engine/callboundary,lane_descriptors.go,NormalReturnLaneOps,type,analysis/engine/callboundary,,unclassified,,,
analysis/engine/callboundary,lane_descriptors.go,NormalReturnLaneOps.FieldName,method,analysis/engine/callboundary,,unclassified,,,
analysis/engine/callboundary,lane_descriptors.go,NormalReturnLaneOps.FiltersByPath,method,analysis/engine/callboundary,,unclassified,,,
analysis/engine/callboundary,normal_return_facts.go,BranchProof,type,analysis/engine/callboundary,,unclassified,,,
analysis/engine/callboundary,normal_return_facts.go,ChannelSelectFact,type,analysis/engine/callboundary,,unclassified,,,
analysis/engine/callboundary,normal_return_facts.go,DynamicAllValueKeyMembershipFact,type,analysis/engine/callboundary,,unclassified,,,
analysis/engine/callboundary,normal_return_facts.go,DynamicIndexFact,type,analysis/engine/callboundary,,unclassified,,,
analysis/engine/callboundary,normal_return_facts.go,DynamicValueKeyMembershipFact,type,analysis/engine/callboundary,,unclassified,,,
analysis/engine/callboundary,normal_return_facts.go,EffectDelta,type,analysis/engine/callboundary,,unclassified,,,
analysis/engine/callboundary,normal_return_facts.go,EscapeEventBorrow,const,analysis/engine/callboundary,,unclassified,,,
analysis/engine/callboundary,normal_return_facts.go,EscapeEventExport,const,analysis/engine/callboundary,,unclassified,,,
analysis/engine/callboundary,normal_return_facts.go,EscapeEventFact,type,analysis/engine/callboundary,,unclassified,,,
analysis/engine/callboundary,normal_return_facts.go,EscapeEventKind,type,analysis/engine/callboundary,,unclassified,,,
analysis/engine/callboundary,normal_return_facts.go,EscapeEventNone,const,analysis/engine/callboundary,,unclassified,,,
analysis/engine/callboundary,normal_return_facts.go,EscapeEventOpaque,const,analysis/engine/callboundary,,unclassified,,,
analysis/engine/callboundary,normal_return_facts.go,EscapeEventRetain,const,analysis/engine/callboundary,,unclassified,,,
analysis/engine/callboundary,normal_return_facts.go,EscapeEventSend,const,analysis/engine/callboundary,,unclassified,,,
analysis/engine/callboundary,normal_return_facts.go,EscapeEventStore,const,analysis/engine/callboundary,,unclassified,,,
analysis/engine/callboundary,normal_return_facts.go,FrozenTableEffectSite,func,analysis/engine/callboundary,,unclassified,,,
analysis/engine/callboundary,normal_return_facts.go,FrozenTableFact,type,analysis/engine/callboundary,,unclassified,,,
analysis/engine/callboundary,normal_return_facts.go,IsFrozenTableEffectSite,func,analysis/engine/callboundary,,unclassified,,,
analysis/engine/callboundary,normal_return_facts.go,IsPathInvalidationEffectSite,func,analysis/engine/callboundary,,unclassified,,,
analysis/engine/callboundary,normal_return_facts.go,IsPathStructuralPreservingInvalidationEffectSite,func,analysis/engine/callboundary,,unclassified,,,
analysis/engine/callboundary,normal_return_facts.go,KeyMembershipFact,type,analysis/engine/callboundary,,unclassified,,,
analysis/engine/callboundary,normal_return_facts.go,LifecycleAcquire,const,analysis/engine/callboundary,,unclassified,,,
analysis/engine/callboundary,normal_return_facts.go,LifecycleEscape,const,analysis/engine/callboundary,,unclassified,,,
analysis/engine/callboundary,normal_return_facts.go,LifecycleFact,type,analysis/engine/callboundary,,unclassified,,,
analysis/engine/callboundary,normal_return_facts.go,LifecycleKind,type,analysis/engine/callboundary,,unclassified,,,
analysis/engine/callboundary,normal_return_facts.go,LifecycleNone,const,analysis/engine/callboundary,,unclassified,,,
analysis/engine/callboundary,normal_return_facts.go,LifecycleTransition,const,analysis/engine/callboundary,,unclassified,,,
analysis/engine/callboundary,normal_return_facts.go,NormalReturnFacts,type,analysis/engine/callboundary,,unclassified,,,
analysis/engine/callboundary,normal_return_facts.go,NormalReturnFacts.Append,method,analysis/engine/callboundary,,unclassified,,,
analysis/engine/callboundary,normal_return_facts.go,NormalReturnFacts.Empty,method,analysis/engine/callboundary,,unclassified,,,
analysis/engine/callboundary,normal_return_facts.go,NumFloorFact,type,analysis/engine/callboundary,,unclassified,,,
analysis/engine/callboundary,normal_return_facts.go,PathInvalidationEffectSite,func,analysis/engine/callboundary,,unclassified,,,
analysis/engine/callboundary,normal_return_facts.go,PathInvalidationFact,type,analysis/engine/callboundary,,unclassified,,,
analysis/engine/callboundary,normal_return_facts.go,PathPresenceImplicationFact,type,analysis/engine/callboundary,,unclassified,,,
analysis/engine/callboundary,normal_return_facts.go,PathStaticMemberDeltaFact,type,analysis/engine/callboundary,,unclassified,,,
analysis/engine/callboundary,normal_return_facts.go,PathStaticMemberFact,type,analysis/engine/callboundary,,unclassified,,,
analysis/engine/callboundary,normal_return_facts.go,PathStructuralPreservingInvalidationEffectSite,func,analysis/engine/callboundary,,unclassified,,,
analysis/engine/callboundary,normal_return_facts.go,PathValueFact,type,analysis/engine/callboundary,,unclassified,,,
analysis/engine/callboundary,normal_return_facts.go,ProjectPathRefinementValue,func,analysis/engine/callboundary,,unclassified,,,
analysis/engine/callboundary,normal_return_facts.go,RelConstraintFact,type,analysis/engine/callboundary,,unclassified,,,
analysis/engine/callboundary,normal_return_facts.go,RelOperand,type,analysis/engine/callboundary,,unclassified,,,
analysis/engine/callboundary,normal_return_facts.go,StoreRelationFact,type,analysis/engine/callboundary,,unclassified,,,
analysis/engine/callboundary,normal_return_lanes.go,BindNormalReturnFactLanes,func,analysis/engine/callboundary,,unclassified,,,
analysis/engine/callboundary,normal_return_lanes.go,LaneBranchProofs,const,analysis/engine/callboundary,,unclassified,,,
analysis/engine/callboundary,normal_return_lanes.go,LaneChannelSelects,const,analysis/engine/callboundary,,unclassified,,,
analysis/engine/callboundary,normal_return_lanes.go,LaneDynamicAllValues,const,analysis/engine/callboundary,,unclassified,,,
analysis/engine/callboundary,normal_return_lanes.go,LaneDynamicIndexFacts,const,analysis/engine/callboundary,,unclassified,,,
analysis/engine/callboundary,normal_return_lanes.go,LaneDynamicValueKeys,const,analysis/engine/callboundary,,unclassified,,,
analysis/engine/callboundary,normal_return_lanes.go,LaneEffectDeltas,const,analysis/engine/callboundary,,unclassified,,,
analysis/engine/callboundary,normal_return_lanes.go,LaneEscapeEvents,const,analysis/engine/callboundary,,unclassified,,,
analysis/engine/callboundary,normal_return_lanes.go,LaneFrozenTables,const,analysis/engine/callboundary,,unclassified,,,
analysis/engine/callboundary,normal_return_lanes.go,LaneKeyMemberships,const,analysis/engine/callboundary,,unclassified,,,
analysis/engine/callboundary,normal_return_lanes.go,LaneLifecycleFacts,const,analysis/engine/callboundary,,unclassified,,,
analysis/engine/callboundary,normal_return_lanes.go,LaneNumFloors,const,analysis/engine/callboundary,,unclassified,,,
analysis/engine/callboundary,normal_return_lanes.go,LanePathInvalidations,const,analysis/engine/callboundary,,unclassified,,,
analysis/engine/callboundary,normal_return_lanes.go,LanePathPresenceImplications,const,analysis/engine/callboundary,,unclassified,,,
analysis/engine/callboundary,normal_return_lanes.go,LanePathRefinements,const,analysis/engine/callboundary,,unclassified,,,
analysis/engine/callboundary,normal_return_lanes.go,LanePathStaticMemberDeltas,const,analysis/engine/callboundary,,unclassified,,,
analysis/engine/callboundary,normal_return_lanes.go,LanePathStaticMembers,const,analysis/engine/callboundary,,unclassified,,,
analysis/engine/callboundary,normal_return_lanes.go,LanePersistentPathWrites,const,analysis/engine/callboundary,,unclassified,,,
analysis/engine/callboundary,normal_return_lanes.go,LaneRelConstraints,const,analysis/engine/callboundary,,unclassified,,,
analysis/engine/callboundary,normal_return_lanes.go,LaneStoreRelations,const,analysis/engine/callboundary,,unclassified,,,
analysis/engine/callboundary,normal_return_lanes.go,NormalReturnFactLane,type,analysis/engine/callboundary,,unclassified,,,
analysis/engine/callboundary,normal_return_lanes.go,NormalReturnFactLane.Append,method,analysis/engine/callboundary,,unclassified,,,
analysis/engine/callboundary,normal_return_lanes.go,NormalReturnFactLane.FieldName,method,analysis/engine/callboundary,,unclassified,,,
analysis/engine/callboundary,normal_return_lanes.go,NormalReturnFactLane.FiltersByPath,method,analysis/engine/callboundary,,unclassified,,,
analysis/engine/callboundary,normal_return_lanes.go,NormalReturnFactLane.ID,method,analysis/engine/callboundary,,unclassified,,,
analysis/engine/callboundary,normal_return_lanes.go,NormalReturnFactLane.Len,method,analysis/engine/callboundary,,unclassified,,,
analysis/engine/callboundary,normal_return_lanes.go,NormalReturnFactLaneBinding,type,analysis/engine/callboundary,,unclassified,,,
analysis/engine/callboundary,normal_return_lanes.go,NormalReturnFactLaneID,type,analysis/engine/callboundary,,unclassified,,,
analysis/engine/callboundary,normal_return_lanes.go,NormalReturnFactLanes,func,analysis/engine/callboundary,,unclassified,,,
analysis/engine/callboundary,normal_return_lanes.go,NormalReturnFacts.DropFactsTouchingPaths,method,analysis/engine/callboundary,,unclassified,,,
analysis/engine/callboundary,normal_return_lanes.go,NormalReturnFacts.FilterPaths,method,analysis/engine/callboundary,,unclassified,,,
analysis/engine/callboundary,normal_return_lanes.go,NormalReturnPathPredicate,type,analysis/engine/callboundary,,unclassified,,,
analysis/engine/callboundary,path_bindings.go,IsConcreteSymbolPath,func,analysis/engine/callboundary,,unclassified,,,
analysis/engine/callboundary,path_bindings.go,NewPathBindings,func,analysis/engine/callboundary,,unclassified,,,
analysis/engine/callboundary,path_bindings.go,PathBindings,type,analysis/engine/callboundary,,unclassified,,,
analysis/engine/callboundary,path_bindings.go,PathBindings.Substitute,method,analysis/engine/callboundary,,unclassified,,,
analysis/engine/callboundary,path_bindings.go,PathRootedInReturnSlots,func,analysis/engine/callboundary,,unclassified,,,
analysis/engine/callboundary,path_bindings.go,ReturnSlotIndex,func,analysis/engine/callboundary,,unclassified,,,
analysis/engine/callboundary,protected_typestate.go,JoinProtectedCallTypestate,func,analysis/engine/callboundary,,unclassified,,,
analysis/engine/callboundary,protected_typestate.go,ProtectedCallTypestate,type,analysis/engine/callboundary,,unclassified,,,
analysis/engine/callboundary,protected_typestate.go,ProtectedCallTypestate.Clone,method,analysis/engine/callboundary,,unclassified,,,
analysis/engine/callboundary,protected_typestate.go,ProtectedCallTypestate.Empty,method,analysis/engine/callboundary,,unclassified,,,
analysis/engine/callboundary,protected_typestate.go,ProtectedCallTypestate.Equal,method,analysis/engine/callboundary,,unclassified,,,
analysis/engine/callboundary,protected_typestate.go,ProtectedCallTypestate.LessOrEq,method,analysis/engine/callboundary,,unclassified,,,
analysis/engine/calloutcome,authority.go,HasAuthoritativePostReturnEvidence,func,analysis/engine/calloutcome,,unclassified,,,
analysis/engine/calloutcome,merge.go,ComposeSupplemental,func,analysis/engine/calloutcome,,unclassified,,,
analysis/engine/calloutcome,merge.go,MergeSupplemental,func,analysis/engine/calloutcome,,unclassified,,,
analysis/engine/callpayload,call_outcome.go,BindCallOutcomeSupplementalFactRoles,func,analysis/engine/callpayload,,unclassified,,,
analysis/engine/callpayload,call_outcome.go,CallOutcome,type,analysis/engine/callpayload,,unclassified,,,
analysis/engine/callpayload,call_outcome.go,CallOutcome.Empty,method,analysis/engine/callpayload,,unclassified,,,
analysis/engine/callpayload,call_outcome.go,CallOutcome.HasPostReturnEvidence,method,analysis/engine/callpayload,,unclassified,,,
analysis/engine/callpayload,call_outcome.go,CallOutcomeFieldRole,type,analysis/engine/callpayload,,unclassified,,,
analysis/engine/callpayload,call_outcome.go,CallOutcomeFieldRoleBinding,type,analysis/engine/callpayload,,unclassified,,,
analysis/engine/callpayload,call_outcome.go,CallOutcomeFieldRoles,func,analysis/engine/callpayload,,unclassified,,,
analysis/engine/callpayload,call_outcome.go,CallOutcomeProvider,type,analysis/engine/callpayload,,unclassified,,,
analysis/engine/callpayload,call_outcome.go,CallOutcomeSupplementalFactRoles,func,analysis/engine/callpayload,,unclassified,,,
analysis/engine/callpayload,call_outcome.go,CallParamCondition,type,analysis/engine/callpayload,,unclassified,,,
analysis/engine/callpayload,call_outcome.go,CallParamExposure,type,analysis/engine/callpayload,,unclassified,,,
analysis/engine/callpayload,call_outcome.go,CallParamLengthFloor,type,analysis/engine/callpayload,,unclassified,,,
analysis/engine/callpayload,call_outcome.go,CallParamObligation,type,analysis/engine/callpayload,,unclassified,,,
analysis/engine/callpayload,call_outcome.go,CallParamObligationOrigin,type,analysis/engine/callpayload,,unclassified,,,
analysis/engine/callpayload,call_outcome.go,CallParamPathInvalidation,type,analysis/engine/callpayload,,unclassified,,,
analysis/engine/callpayload,call_outcome.go,CallParamPathRefinement,type,analysis/engine/callpayload,,unclassified,,,
analysis/engine/callpayload,call_outcome.go,CallParamPathRelation,type,analysis/engine/callpayload,,unclassified,,,
analysis/engine/callpayload,call_outcome.go,CallParamPathWrite,type,analysis/engine/callpayload,,unclassified,,,
analysis/engine/callpayload,call_outcome.go,CallPathObligation,type,analysis/engine/callpayload,,unclassified,,,
analysis/engine/callpayload,call_outcome.go,CallPathRelationEqual,const,analysis/engine/callpayload,,unclassified,,,
analysis/engine/callpayload,call_outcome.go,CallPathRelationKind,type,analysis/engine/callpayload,,unclassified,,,
analysis/engine/callpayload,call_outcome.go,CallResult,type,analysis/engine/callpayload,,unclassified,,,
analysis/engine/callpayload,call_outcome.go,CallReturnConditionRefinement,type,analysis/engine/callpayload,,unclassified,,,
analysis/engine/callpayload,call_outcome.go,CallReturnConditionSlotRefinement,type,analysis/engine/callpayload,,unclassified,,,
analysis/engine/callpayload,call_outcome.go,CallReturnPresenceRelation,type,analysis/engine/callpayload,,unclassified,,,
analysis/engine/callpayload,call_outcome.go,CallTypestateRequirement,type,analysis/engine/callpayload,,unclassified,,,
analysis/engine/callpayload,outcome_descriptors.go,CallOutcomeDescriptors,func,analysis/engine/callpayload,,unclassified,,,
analysis/engine/callpayload,outcome_descriptors.go,CallOutcomeLaneOps,type,analysis/engine/callpayload,,unclassified,,,
analysis/engine/callpayload,outcome_descriptors.go,CallOutcomeLaneOps.PostReturn,method,analysis/engine/callpayload,,unclassified,,,
analysis/engine/callproducer,callproducer.go,FromFacts,func,analysis/engine/callproducer,,unclassified,,,
analysis/engine/callproducer,callproducer.go,Has,func,analysis/engine/callproducer,,unclassified,,,
analysis/engine/callproducer,callproducer.go,HasView,func,analysis/engine/callproducer,analysis/engine/callproducer,boundary-provider,boundary:call-producer-eligibility,go-lua.callproducer.eligibility/v1,fixture:call-producer
analysis/engine/effectlowering,allocation_materialize.go,MaterializeStaticAllocation,func,analysis/engine/effectlowering,,unclassified,,,
analysis/engine/effectlowering,allocation_materialize.go,MaterializedStaticAllocation,type,analysis/engine/effectlowering,,unclassified,,,
analysis/engine/effectlowering,ambient_channel.go,AmbientChannelLifecycleOutcomeProvider,func,analysis/engine/effectlowering,,unclassified,,,
analysis/engine/effectlowering,ambient_channel.go,AmbientChannelLifecycleOutcomeProviderConfig,type,analysis/engine/effectlowering,,unclassified,,,
analysis/engine/effectlowering,ambient_channel.go,AmbientChannelSendOutcomeProvider,func,analysis/engine/effectlowering,,unclassified,,,
analysis/engine/effectlowering,ambient_channel.go,AmbientChannelSendOutcomeProviderConfig,type,analysis/engine/effectlowering,,unclassified,,,
analysis/engine/effectlowering,ambient_channel.go,ChannelLifecycleDefinition,var,analysis/engine/effectlowering,,unclassified,,,
analysis/engine/effectlowering,ambient_channel.go,ChannelLifecycleProtocol,const,analysis/engine/effectlowering,,unclassified,,,
analysis/engine/effectlowering,ambient_channel.go,ChannelStateClosed,const,analysis/engine/effectlowering,,unclassified,,,
analysis/engine/effectlowering,ambient_channel.go,ChannelStateOpen,const,analysis/engine/effectlowering,,unclassified,,,
analysis/engine/effectlowering,ambient_channel.go,ReceiverTypeFunc,type,analysis/engine/effectlowering,,unclassified,,,
analysis/engine/effectlowering,ambient_typestate.go,AmbientTypestateEscapeOutcomeProvider,func,analysis/engine/effectlowering,,unclassified,,,
analysis/engine/effectlowering,ambient_typestate.go,AmbientTypestateEscapeOutcomeProviderConfig,type,analysis/engine/effectlowering,,unclassified,,,
analysis/engine/effectlowering,callable_value.go,CallableValueOutcomeProvider,func,analysis/engine/effectlowering,,unclassified,,,
analysis/engine/effectlowering,callable_value.go,CallableValueOutcomeProviderConfig,type,analysis/engine/effectlowering,,unclassified,,,
analysis/engine/effectlowering,callable_value.go,CalleeValueFunc,type,analysis/engine/effectlowering,,unclassified,,,
analysis/engine/effectlowering,module_load.go,ModuleExportLookup,type,analysis/engine/effectlowering,,unclassified,,,
analysis/engine/effectlowering,module_load.go,ModuleLoadOutcomeProvider,func,analysis/engine/effectlowering,,unclassified,,,
analysis/engine/effectlowering,module_load.go,ModuleLoadOutcomeProviderConfig,type,analysis/engine/effectlowering,,unclassified,,,
analysis/engine/effectlowering,postconditions.go,SignatureNoNormalReturnConfig,type,analysis/engine/effectlowering,,unclassified,,,
analysis/engine/effectlowering,postconditions.go,SignatureNoNormalReturnPredicate,func,analysis/engine/effectlowering,,unclassified,,,
analysis/engine/effectlowering,provider.go,SignatureArgumentTypeFunc,type,analysis/engine/effectlowering,,unclassified,,,
analysis/engine/effectlowering,provider.go,SignatureLookup,type,analysis/engine/effectlowering,,unclassified,,,
analysis/engine/effectlowering,provider.go,SignatureNameFunc,type,analysis/engine/effectlowering,,unclassified,,,
analysis/engine/effectlowering,provider.go,SignatureOutcomeProvider,func,analysis/engine/effectlowering,,unclassified,,,
analysis/engine/effectlowering,provider.go,SignatureOutcomeProviderConfig,type,analysis/engine/effectlowering,,unclassified,,,
analysis/engine/effectlowering,provider.go,SignatureReturnContext,type,analysis/engine/effectlowering,,unclassified,,,
analysis/engine/effectlowering,provider.go,SignatureReturnValueFunc,type,analysis/engine/effectlowering,,unclassified,,,
analysis/engine/effectlowering,provider.go,SignatureSiteIntrinsicFunc,type,analysis/engine/effectlowering,,unclassified,,,
analysis/engine/effectlowering,provider.go,SignatureSiteNameFunc,type,analysis/engine/effectlowering,,unclassified,,,
analysis/engine/effectlowering,provider_facts.go,signatureArgumentReader.ArgumentSourceAt,method,analysis/engine/effectlowering,,unclassified,,,
analysis/engine/effectlowering,provider_facts.go,signatureArgumentReader.ArgumentSourceCount,method,analysis/engine/effectlowering,,unclassified,,,
analysis/engine/effectlowering,provider_facts.go,signatureArgumentReader.ForEachArgumentSource,method,analysis/engine/effectlowering,,unclassified,,,
analysis/engine/effectlowering,provider_returns.go,GenericCallInstantiation,type,analysis/engine/effectlowering,,unclassified,,,
analysis/engine/effectlowering,provider_returns.go,ReturnTypeOps,type,analysis/engine/effectlowering,,unclassified,,,
analysis/engine/effectlowering,signature_producer.go,PrepareSignatureProducer,func,analysis/engine/effectlowering,,unclassified,,,
analysis/engine/effectlowering,signature_producer.go,SignatureProducer,type,analysis/engine/effectlowering,,unclassified,,,
analysis/engine/effectlowering,signature_producer.go,SignatureProducer.IntrinsicForSite,method,analysis/engine/effectlowering,,unclassified,,,
analysis/engine/effectlowering,signature_producer.go,SignatureProducer.IteratorForSite,method,analysis/engine/effectlowering,,unclassified,,,
analysis/engine/effectlowering,signature_producer.go,SignatureProducer.LookupStringMethodSignature,method,analysis/engine/effectlowering,analysis/engine/effectlowering,boundary-provider,boundary:string-method-signature,go-lua.signature.function/v1,fixture:string-method-signature
analysis/engine/effectlowering,signature_producer.go,SignatureProducer.OutcomeProvider,method,analysis/engine/effectlowering,,unclassified,,,
analysis/engine/effectlowering,signature_producer.go,SignatureProducer.SignatureForSite,method,analysis/engine/effectlowering,,unclassified,,,
analysis/engine/effectlowering,static_allocation.go,StaticSignatureAllocationTemplate,func,analysis/engine/effectlowering,,unclassified,,,
analysis/engine/effectlowering,static_signature.go,RefineStaticStringMethodSignature,func,analysis/engine/effectlowering,analysis/engine/effectlowering,boundary-provider,boundary:static-string-method-signature,go-lua.signature.function/v1,fixture:string-method-signature
analysis/engine/effectlowering,static_signature.go,StaticScalarSignatureReturns,func,analysis/engine/effectlowering,,unclassified,,,
analysis/engine/effectlowering,static_signature.go,StaticScalarStringMethodReturns,func,analysis/engine/effectlowering,analysis/engine/effectlowering,boundary-provider,boundary:static-string-method-signature,go-lua.signature.function/v1,fixture:string-method-signature
analysis/engine/factapply,applicator.go,ClosedDynamicAllValueInvariant,type,analysis/engine/factapply,,unclassified,,,
analysis/engine/factapply,applicator.go,CovariantWiden,type,analysis/engine/factapply,,unclassified,,,
analysis/engine/factapply,applicator.go,FactsEdgeTransferConfig,type,analysis/engine/factapply,,unclassified,,,
analysis/engine/factapply,applicator.go,FactsNodeTransferConfig,type,analysis/engine/factapply,,unclassified,,,
analysis/engine/factapply,applicator.go,NewFactsEdgeTransfer,func,analysis/engine/factapply,,unclassified,,,
analysis/engine/factapply,applicator.go,NewFactsNodeTransfer,func,analysis/engine/factapply,,unclassified,,,
analysis/engine/factapply,applicator.go,PathTypeProjector,type,analysis/engine/factapply,,unclassified,,,
analysis/engine/factapply,branch_algebra.go,ActiveBranchRefinement,type,analysis/engine/factapply,,unclassified,,,
analysis/engine/factapply,branch_algebra.go,ActiveBranchRefinement.Refinement,method,analysis/engine/factapply,,unclassified,,,
analysis/engine/factapply,branch_algebra.go,ActiveBranchRefinement.TargetPathRef,method,analysis/engine/factapply,,unclassified,,,
analysis/engine/factapply,branch_algebra.go,BranchAlgebra,type,analysis/engine/factapply,,unclassified,,,
analysis/engine/factapply,branch_algebra.go,BranchAlgebra.ActivePathRelations,method,analysis/engine/factapply,,unclassified,,,
analysis/engine/factapply,branch_algebra.go,BranchAlgebra.ActiveRefinements,method,analysis/engine/factapply,,unclassified,,,
analysis/engine/factapply,branch_algebra.go,BranchAlgebra.Condition,method,analysis/engine/factapply,,unclassified,,,
analysis/engine/factapply,branch_algebra.go,BranchAlgebra.ConditionSource,method,analysis/engine/factapply,,unclassified,,,
analysis/engine/factapply,branch_algebra.go,BranchAlgebra.ForEachPathEvidence,method,analysis/engine/factapply,,unclassified,,,
analysis/engine/factapply,branch_algebra.go,BranchAlgebra.GuardOnly,method,analysis/engine/factapply,,unclassified,,,
analysis/engine/factapply,branch_algebra.go,BranchAlgebra.GuardOnlyBlockers,method,analysis/engine/factapply,,unclassified,,,
analysis/engine/factapply,branch_algebra.go,BranchAlgebra.PathRelations,method,analysis/engine/factapply,,unclassified,,,
analysis/engine/factapply,branch_algebra.go,BranchAlgebra.Point,method,analysis/engine/factapply,,unclassified,,,
analysis/engine/factapply,branch_algebra.go,BranchAlgebra.Refinements,method,analysis/engine/factapply,,unclassified,,,
analysis/engine/factapply,branch_algebra.go,BranchAlgebra.SufficientLiteralCases,method,analysis/engine/factapply,,unclassified,,,
analysis/engine/factapply,branch_algebra.go,NewBranchAlgebra,func,analysis/engine/factapply,,unclassified,,,
analysis/engine/factapply,branch_edge_transaction.go,ApplyConcreteBranchEdgePoint,func,analysis/engine/factapply,,unclassified,,,
analysis/engine/factapply,branch_edge_transaction.go,ConcreteBranchEdgePointExecutor,type,analysis/engine/factapply,,unclassified,,,
analysis/engine/factapply,branch_edge_transaction.go,ConcreteBranchEdgePointExecutor.Apply,method,analysis/engine/factapply,,unclassified,,,
analysis/engine/factapply,branch_edge_transaction.go,ConcreteBranchEdgePointRequest,type,analysis/engine/factapply,,unclassified,,,
analysis/engine/factapply,branch_edge_transaction.go,ConcreteBranchEdgePointResult,type,analysis/engine/factapply,,unclassified,,,
analysis/engine/factapply,branch_refinement.go,RefineProductValueConstraint,func,analysis/engine/factapply,,unclassified,,,
analysis/engine/factapply,branch_refinement.go,narrowedRootDescendantFacts.Restore,method,analysis/engine/factapply,,unclassified,,,
analysis/engine/factapply,call_materialize.go,lazyCallResultReader.Materialize,method,analysis/engine/factapply,,unclassified,,,
analysis/engine/factapply,call_materialize.go,lazyCallResultReader.ReadLazy,method,analysis/engine/factapply,,unclassified,,,
analysis/engine/factapply,concrete.go,ApplyConcreteBranchPathRelation,func,analysis/engine/factapply,,unclassified,,,
analysis/engine/factapply,concrete.go,ApplyConcreteGuardRefinement,func,analysis/engine/factapply,,unclassified,,,
analysis/engine/factapply,concrete.go,ApplyConcretePathAssignment,func,analysis/engine/factapply,,unclassified,,,
analysis/engine/factapply,concrete.go,ApplyConcreteValueRefinement,func,analysis/engine/factapply,,unclassified,,,
analysis/engine/factapply,concrete.go,ConcreteBranchPathRelationRequest,type,analysis/engine/factapply,,unclassified,,,
analysis/engine/factapply,concrete.go,ConcreteGuardRefinementRequest,type,analysis/engine/factapply,,unclassified,,,
analysis/engine/factapply,concrete.go,ConcretePathAssignmentRequest,type,analysis/engine/factapply,,unclassified,,,
analysis/engine/factapply,concrete.go,ConcreteValueRefinementRequest,type,analysis/engine/factapply,,unclassified,,,
analysis/engine/factapply,generic_for_transaction.go,ApplyConcreteGenericFor,func,analysis/engine/factapply,,unclassified,,,
analysis/engine/factapply,generic_for_transaction.go,ConcreteGenericForRequest,type,analysis/engine/factapply,,unclassified,,,
analysis/engine/factapply,generic_for_transaction.go,ConcreteGenericForResult,type,analysis/engine/factapply,,unclassified,,,
analysis/engine/factapply,generic_for_transaction.go,ConcreteGenericForSemantics,type,analysis/engine/factapply,,unclassified,,,
analysis/engine/factapply,generic_for_transaction.go,GenericForOperation,type,analysis/engine/factapply,,unclassified,,,
analysis/engine/factapply,generic_for_transaction.go,GenericForSource,type,analysis/engine/factapply,,unclassified,,,
analysis/engine/factapply,generic_for_transaction.go,GenericForSourceCall,const,analysis/engine/factapply,,unclassified,,,
analysis/engine/factapply,generic_for_transaction.go,GenericForSourceExpression,const,analysis/engine/factapply,,unclassified,,,
analysis/engine/factapply,generic_for_transaction.go,GenericForSourceKind,type,analysis/engine/factapply,,unclassified,,,
analysis/engine/factapply,generic_for_transaction.go,GenericForSourceUnknown,const,analysis/engine/factapply,,unclassified,,,
analysis/engine/factapply,generic_for_transaction.go,GenericForTransaction,type,analysis/engine/factapply,,unclassified,,,
analysis/engine/factapply,generic_for_transaction.go,NewGenericForOperation,func,analysis/engine/factapply,,unclassified,,,
analysis/engine/factapply,generic_for_transaction.go,PlanGenericForTransaction,func,analysis/engine/factapply,,unclassified,,,
analysis/engine/factapply,node_point_transaction.go,ConcreteNodePointExecutor,type,analysis/engine/factapply,,unclassified,,,
analysis/engine/factapply,node_point_transaction.go,ConcreteNodePointExecutor.Apply,method,analysis/engine/factapply,,unclassified,,,
analysis/engine/factapply,node_point_transaction.go,ConcreteNodePointResult,type,analysis/engine/factapply,,unclassified,,,
analysis/engine/factapply,node_point_transaction.go,NewConcreteNodePointExecutor,func,analysis/engine/factapply,,unclassified,,,
analysis/engine/factapply,objects.go,objectLiteralSourceCache.ResolveValueSource,method,analysis/engine/factapply,,unclassified,,,
analysis/engine/factapply,postconditions.go,ApplyExpressionConditionFacts,func,analysis/engine/factapply,,unclassified,,,
analysis/engine/factapply,presence_implication_transaction.go,ApplyConcretePresenceImplications,func,analysis/engine/factapply,,unclassified,,,
analysis/engine/factapply,presence_implication_transaction.go,ConcretePresenceImplicationBarriers,type,analysis/engine/factapply,,unclassified,,,
analysis/engine/factapply,presence_implication_transaction.go,ConcretePresenceImplicationCancellation,type,analysis/engine/factapply,,unclassified,,,
analysis/engine/factapply,presence_implication_transaction.go,ConcretePresenceImplicationDescendantInvalidationBarriers,const,analysis/engine/factapply,,unclassified,,,
analysis/engine/factapply,presence_implication_transaction.go,ConcretePresenceImplicationExecutor,type,analysis/engine/factapply,,unclassified,,,
analysis/engine/factapply,presence_implication_transaction.go,ConcretePresenceImplicationExecutor.Apply,method,analysis/engine/factapply,,unclassified,,,
analysis/engine/factapply,presence_implication_transaction.go,ConcretePresenceImplicationKeepEvolving,const,analysis/engine/factapply,,unclassified,,,
analysis/engine/factapply,presence_implication_transaction.go,ConcretePresenceImplicationRequest,type,analysis/engine/factapply,,unclassified,,,
analysis/engine/factapply,presence_implication_transaction.go,ConcretePresenceImplicationResult,type,analysis/engine/factapply,,unclassified,,,
analysis/engine/factapply,presence_implication_transaction.go,ConcretePresenceImplicationRollbackNode,const,analysis/engine/factapply,,unclassified,,,
analysis/engine/factapply,presence_implication_transaction.go,ConcretePresenceImplicationTrailingBarrier,const,analysis/engine/factapply,,unclassified,,,
analysis/engine/factapply,resolved_call_outcome.go,ApplyResolvedCallOutcomeEdge,func,analysis/engine/factapply,,unclassified,,,
analysis/engine/factapply,resolved_call_outcome.go,ApplyResolvedCallOutcomeOrdinaryEffects,func,analysis/engine/factapply,,unclassified,,,
analysis/engine/factapply,resolved_call_outcome.go,ResolvedCallOutcomeEdgeExecutor,type,analysis/engine/factapply,,unclassified,,,
analysis/engine/factapply,resolved_call_outcome.go,ResolvedCallOutcomeEdgeExecutor.Apply,method,analysis/engine/factapply,,unclassified,,,
analysis/engine/factapply,resolved_call_outcome.go,ResolvedCallOutcomeEdgeRequest,type,analysis/engine/factapply,,unclassified,,,
analysis/engine/factapply,resolved_call_outcome.go,ResolvedCallOutcomeOrdinaryEffectsExecutor,type,analysis/engine/factapply,,unclassified,,,
analysis/engine/factapply,resolved_call_outcome.go,ResolvedCallOutcomeOrdinaryEffectsExecutor.Apply,method,analysis/engine/factapply,,unclassified,,,
analysis/engine/factapply,resolved_call_outcome.go,ResolvedCallOutcomeOrdinaryEffectsRequest,type,analysis/engine/factapply,,unclassified,,,
analysis/engine/factapply,resolved_call_outcome.go,ResolvedCallOutcomeOrdinaryEffectsResult,type,analysis/engine/factapply,,unclassified,,,
analysis/engine/factapply,resolved_index_mutation.go,ApplyConcreteResolvedIndexMutation,func,analysis/engine/factapply,,unclassified,,,
analysis/engine/factapply,resolved_index_mutation.go,ResolvedIndexMutationLaneDelta,type,analysis/engine/factapply,,unclassified,,,
analysis/engine/factapply,resolved_index_mutation.go,ResolvedIndexMutationRequest,type,analysis/engine/factapply,,unclassified,,,
analysis/engine/factapply,resolved_index_mutation.go,ResolvedIndexMutationResult,type,analysis/engine/factapply,,unclassified,,,
analysis/engine/factapply,resolved_index_mutation.go,ResolvedSourceValue,type,analysis/engine/factapply,,unclassified,,,
analysis/engine/factapply,resolved_index_mutation.go,resolvedMutationSources.ValueOfSource,method,analysis/engine/factapply,,unclassified,,,
analysis/engine/factapply,root_assignment_transaction.go,ApplyConcreteRootAssignmentPoint,func,analysis/engine/factapply,,unclassified,,,
analysis/engine/factapply,root_assignment_transaction.go,ConcretePointFinalizerRequest,type,analysis/engine/factapply,,unclassified,,,
analysis/engine/factapply,root_assignment_transaction.go,ConcreteRootAssignmentPointExecutor,type,analysis/engine/factapply,,unclassified,,,
analysis/engine/factapply,root_assignment_transaction.go,ConcreteRootAssignmentPointExecutor.Apply,method,analysis/engine/factapply,,unclassified,,,
analysis/engine/factapply,root_assignment_transaction.go,ConcreteRootAssignmentPointRequest,type,analysis/engine/factapply,,unclassified,,,
analysis/engine/factapply,root_assignment_transaction.go,ConcreteRootAssignmentPointResult,type,analysis/engine/factapply,,unclassified,,,
analysis/engine/factapply,root_assignment_transaction.go,FinalizeConcretePoint,func,analysis/engine/factapply,,unclassified,,,
analysis/engine/factflow,assignment.go,NewPathAssignment,func,analysis/engine/factflow,,unclassified,,,
analysis/engine/factflow,assignment.go,NewPathDescendantInvalidation,func,analysis/engine/factflow,,unclassified,,,
analysis/engine/factflow,assignment.go,NewRootAssignment,func,analysis/engine/factflow,,unclassified,,,
analysis/engine/factflow,assignment.go,NewRootAssignmentWithDeclaredContractValue,func,analysis/engine/factflow,,unclassified,,,
analysis/engine/factflow,assignment.go,NewRootAssignmentWithDeclaredOverlayValue,func,analysis/engine/factflow,,unclassified,,,
analysis/engine/factflow,assignment.go,PathAssignment,type,analysis/engine/factflow,,unclassified,,,
analysis/engine/factflow,assignment.go,PathAssignment.ContainerSpan,method,analysis/engine/factflow,,unclassified,,,
analysis/engine/factflow,assignment.go,PathAssignment.Source,method,analysis/engine/factflow,,unclassified,,,
analysis/engine/factflow,assignment.go,PathAssignment.TargetPath,method,analysis/engine/factflow,,unclassified,,,
analysis/engine/factflow,assignment.go,PathAssignment.TargetPathRef,method,analysis/engine/factflow,,unclassified,,,
analysis/engine/factflow,assignment.go,PathAssignment.TargetSpan,method,analysis/engine/factflow,,unclassified,,,
analysis/engine/factflow,assignment.go,PathAssignment.WithContainerSpan,method,analysis/engine/factflow,,unclassified,,,
analysis/engine/factflow,assignment.go,PathAssignment.WithTargetSpan,method,analysis/engine/factflow,,unclassified,,,
analysis/engine/factflow,assignment.go,PathDescendantInvalidation,type,analysis/engine/factflow,,unclassified,,,
analysis/engine/factflow,assignment.go,PathDescendantInvalidation.ContainerPath,method,analysis/engine/factflow,,unclassified,,,
analysis/engine/factflow,assignment.go,PathDescendantInvalidation.ContainerPathRef,method,analysis/engine/factflow,,unclassified,,,
analysis/engine/factflow,assignment.go,PathDescendantInvalidation.DynamicTarget,method,analysis/engine/factflow,,unclassified,,,
analysis/engine/factflow,assignment.go,PathDescendantInvalidation.DynamicTargetRef,method,analysis/engine/factflow,,unclassified,,,
analysis/engine/factflow,assignment.go,PathDescendantInvalidation.WithDynamicTarget,method,analysis/engine/factflow,,unclassified,,,
analysis/engine/factflow,assignment.go,RootAssignment,type,analysis/engine/factflow,,unclassified,,,
analysis/engine/factflow,assignment.go,RootAssignment.DeclaredAnnotationValue,method,analysis/engine/factflow,,unclassified,,,
analysis/engine/factflow,assignment.go,RootAssignment.DeclaredValue,method,analysis/engine/factflow,,unclassified,,,
analysis/engine/factflow,assignment.go,RootAssignment.DeclaredValueContracts,method,analysis/engine/factflow,,unclassified,,,
analysis/engine/factflow,assignment.go,RootAssignment.DeclaredValueOverlays,method,analysis/engine/factflow,,unclassified,,,
analysis/engine/factflow,assignment.go,RootAssignment.Kind,method,analysis/engine/factflow,,unclassified,,,
analysis/engine/factflow,assignment.go,RootAssignment.Source,method,analysis/engine/factflow,,unclassified,,,
analysis/engine/factflow,assignment.go,RootAssignment.TargetPath,method,analysis/engine/factflow,,unclassified,,,
analysis/engine/factflow,assignment.go,RootAssignment.TargetPathRef,method,analysis/engine/factflow,,unclassified,,,
analysis/engine/factflow,assignment.go,RootAssignment.TargetSpan,method,analysis/engine/factflow,,unclassified,,,
analysis/engine/factflow,assignment.go,RootAssignment.TargetSymbol,method,analysis/engine/factflow,,unclassified,,,
analysis/engine/factflow,assignment.go,RootAssignment.WithDeclaredAnnotationValue,method,analysis/engine/factflow,,unclassified,,,
analysis/engine/factflow,assignment.go,RootAssignment.WithTargetSpan,method,analysis/engine/factflow,,unclassified,,,
analysis/engine/factflow,assignment.go,RootAssignmentKind,type,analysis/engine/factflow,,unclassified,,,
analysis/engine/factflow,assignment.go,RootAssignmentLocalDeclaration,const,analysis/engine/factflow,,unclassified,,,
analysis/engine/factflow,assignment.go,RootAssignmentOrdinaryRootWrite,const,analysis/engine/factflow,,unclassified,,,
analysis/engine/factflow,branch.go,BranchDiffConstraint,type,analysis/engine/factflow,,unclassified,,,
analysis/engine/factflow,branch.go,BranchDiffConstraint.C,method,analysis/engine/factflow,,unclassified,,,
analysis/engine/factflow,branch.go,BranchDiffConstraint.CoHi,method,analysis/engine/factflow,,unclassified,,,
analysis/engine/factflow,branch.go,BranchDiffConstraint.CoHi2,method,analysis/engine/factflow,,unclassified,,,
analysis/engine/factflow,branch.go,BranchDiffConstraint.Cond,method,analysis/engine/factflow,,unclassified,,,
analysis/engine/factflow,branch.go,BranchDiffConstraint.HasHi2,method,analysis/engine/factflow,,unclassified,,,
analysis/engine/factflow,branch.go,BranchDiffConstraint.Hi2IsLength,method,analysis/engine/factflow,,unclassified,,,
analysis/engine/factflow,branch.go,BranchDiffConstraint.Hi2Path,method,analysis/engine/factflow,,unclassified,,,
analysis/engine/factflow,branch.go,BranchDiffConstraint.HiIsLength,method,analysis/engine/factflow,,unclassified,,,
analysis/engine/factflow,branch.go,BranchDiffConstraint.HiPath,method,analysis/engine/factflow,,unclassified,,,
analysis/engine/factflow,branch.go,BranchDiffConstraint.LoIsLength,method,analysis/engine/factflow,,unclassified,,,
analysis/engine/factflow,branch.go,BranchDiffConstraint.LoPath,method,analysis/engine/factflow,,unclassified,,,
analysis/engine/factflow,branch.go,BranchLenRefinement,type,analysis/engine/factflow,,unclassified,,,
analysis/engine/factflow,branch.go,BranchLenRefinement.ArrayPath,method,analysis/engine/factflow,,unclassified,,,
analysis/engine/factflow,branch.go,BranchLenRefinement.ArrayPathRef,method,analysis/engine/factflow,,unclassified,,,
analysis/engine/factflow,branch.go,BranchLenRefinement.Cond,method,analysis/engine/factflow,,unclassified,,,
analysis/engine/factflow,branch.go,BranchLenRefinement.Floor,method,analysis/engine/factflow,,unclassified,,,
analysis/engine/factflow,branch.go,BranchNumCeilRefinement,type,analysis/engine/factflow,,unclassified,,,
analysis/engine/factflow,branch.go,BranchNumCeilRefinement.Ceiling,method,analysis/engine/factflow,,unclassified,,,
analysis/engine/factflow,branch.go,BranchNumCeilRefinement.Cond,method,analysis/engine/factflow,,unclassified,,,
analysis/engine/factflow,branch.go,BranchNumCeilRefinement.TargetPath,method,analysis/engine/factflow,,unclassified,,,
analysis/engine/factflow,branch.go,BranchNumCeilRefinement.TargetPathRef,method,analysis/engine/factflow,,unclassified,,,
analysis/engine/factflow,branch.go,BranchNumFloorRefinement,type,analysis/engine/factflow,,unclassified,,,
analysis/engine/factflow,branch.go,BranchNumFloorRefinement.Cond,method,analysis/engine/factflow,,unclassified,,,
analysis/engine/factflow,branch.go,BranchNumFloorRefinement.Floor,method,analysis/engine/factflow,,unclassified,,,
analysis/engine/factflow,branch.go,BranchNumFloorRefinement.TargetPath,method,analysis/engine/factflow,,unclassified,,,
analysis/engine/factflow,branch.go,BranchNumFloorRefinement.TargetPathRef,method,analysis/engine/factflow,,unclassified,,,
analysis/engine/factflow,branch.go,BranchRefinement,type,analysis/engine/factflow,,unclassified,,,
analysis/engine/factflow,branch.go,BranchRefinement.FalseValue,method,analysis/engine/factflow,,unclassified,,,
analysis/engine/factflow,branch.go,BranchRefinement.TargetPath,method,analysis/engine/factflow,,unclassified,,,
analysis/engine/factflow,branch.go,BranchRefinement.TargetPathRef,method,analysis/engine/factflow,,unclassified,,,
analysis/engine/factflow,branch.go,BranchRefinement.TrueValue,method,analysis/engine/factflow,,unclassified,,,
analysis/engine/factflow,branch.go,BranchRefinement.ValueForEdge,method,analysis/engine/factflow,,unclassified,,,
analysis/engine/factflow,branch.go,BranchRefinementSet,type,analysis/engine/factflow,,unclassified,,,
analysis/engine/factflow,branch.go,BranchRefinementSet.DiffConstraints,method,analysis/engine/factflow,,unclassified,,,
analysis/engine/factflow,branch.go,BranchRefinementSet.LenRefinements,method,analysis/engine/factflow,,unclassified,,,
analysis/engine/factflow,branch.go,BranchRefinementSet.NumCeilRefinements,method,analysis/engine/factflow,,unclassified,,,
analysis/engine/factflow,branch.go,BranchRefinementSet.NumFloorRefinements,method,analysis/engine/factflow,,unclassified,,,
analysis/engine/factflow,branch.go,BranchRefinementSet.Refinements,method,analysis/engine/factflow,,unclassified,,,
analysis/engine/factflow,branch.go,BranchRefinementSet.WithDiffConstraints,method,analysis/engine/factflow,,unclassified,,,
analysis/engine/factflow,branch.go,BranchRefinementSet.WithLenRefinements,method,analysis/engine/factflow,,unclassified,,,
analysis/engine/factflow,branch.go,BranchRefinementSet.WithNumCeilRefinements,method,analysis/engine/factflow,,unclassified,,,
analysis/engine/factflow,branch.go,BranchRefinementSet.WithNumFloorRefinements,method,analysis/engine/factflow,,unclassified,,,
analysis/engine/factflow,branch.go,NewBranchLenRefinementOnEdge,func,analysis/engine/factflow,,unclassified,,,
analysis/engine/factflow,branch.go,NewBranchNumCeilRefinementOnEdge,func,analysis/engine/factflow,,unclassified,,,
analysis/engine/factflow,branch.go,NewBranchNumFloorRefinement,func,analysis/engine/factflow,,unclassified,,,
analysis/engine/factflow,branch.go,NewBranchNumFloorRefinementOnEdge,func,analysis/engine/factflow,,unclassified,,,
analysis/engine/factflow,branch.go,NewBranchRefinement,func,analysis/engine/factflow,,unclassified,,,
analysis/engine/factflow,branch.go,NewBranchRefinementSet,func,analysis/engine/factflow,,unclassified,,,
analysis/engine/factflow,branch.go,NewBranchScaledConstraintOnEdge,func,analysis/engine/factflow,,unclassified,,,
analysis/engine/factflow,branch.go,NewFalsyAbsentConstraint,func,analysis/engine/factflow,,unclassified,,,
analysis/engine/factflow,branch.go,NewNegatedLiteralConstraint,func,analysis/engine/factflow,,unclassified,,,
analysis/engine/factflow,branch.go,NewValueConstraint,func,analysis/engine/factflow,,unclassified,,,
analysis/engine/factflow,branch.go,ValueRefinement,type,analysis/engine/factflow,,unclassified,,,
analysis/engine/factflow,branch.go,ValueRefinement.Constraint,method,analysis/engine/factflow,,unclassified,,,
analysis/engine/factflow,branch.go,ValueRefinement.FalsyAbsent,method,analysis/engine/factflow,,unclassified,,,
analysis/engine/factflow,branch.go,ValueRefinement.HasPresence,method,analysis/engine/factflow,,unclassified,,,
analysis/engine/factflow,branch.go,ValueRefinement.IsEmpty,method,analysis/engine/factflow,,unclassified,,,
analysis/engine/factflow,branch.go,ValueRefinement.NegatedLiteral,method,analysis/engine/factflow,,unclassified,,,
analysis/engine/factflow,branch.go,ValueRefinement.WithConstraint,method,analysis/engine/factflow,,unclassified,,,
analysis/engine/factflow,branch_condition.go,BranchCondition,type,analysis/engine/factflow,,unclassified,,,
analysis/engine/factflow,branch_condition.go,BranchCondition.Source,method,analysis/engine/factflow,,unclassified,,,
analysis/engine/factflow,branch_condition.go,BranchCondition.TruthyOnEdge,method,analysis/engine/factflow,,unclassified,,,
analysis/engine/factflow,branch_condition.go,BranchCondition.TruthyOnTrueEdge,method,analysis/engine/factflow,,unclassified,,,
analysis/engine/factflow,branch_condition.go,NewBranchCondition,func,analysis/engine/factflow,,unclassified,,,
analysis/engine/factflow,branch_path_evidence.go,BranchPathEvidence,type,analysis/engine/factflow,,unclassified,,,
analysis/engine/factflow,branch_path_evidence.go,BranchPathEvidence.ActiveOnEdge,method,analysis/engine/factflow,,unclassified,,,
analysis/engine/factflow,branch_path_evidence.go,BranchPathEvidence.Kind,method,analysis/engine/factflow,,unclassified,,,
analysis/engine/factflow,branch_path_evidence.go,BranchPathEvidence.OppositeEdgeImpliesFalsy,method,analysis/engine/factflow,,unclassified,,,
analysis/engine/factflow,branch_path_evidence.go,BranchPathEvidence.OtherPath,method,analysis/engine/factflow,,unclassified,,,
analysis/engine/factflow,branch_path_evidence.go,BranchPathEvidence.OtherPathRef,method,analysis/engine/factflow,,unclassified,,,
analysis/engine/factflow,branch_path_evidence.go,BranchPathEvidence.Path,method,analysis/engine/factflow,,unclassified,,,
analysis/engine/factflow,branch_path_evidence.go,BranchPathEvidence.PathRef,method,analysis/engine/factflow,,unclassified,,,
analysis/engine/factflow,branch_path_evidence.go,BranchPathEvidence.Presence,method,analysis/engine/factflow,,unclassified,,,
analysis/engine/factflow,branch_path_evidence.go,BranchPathEvidenceEqual,const,analysis/engine/factflow,,unclassified,,,
analysis/engine/factflow,branch_path_evidence.go,BranchPathEvidenceFrozenTable,const,analysis/engine/factflow,,unclassified,,,
analysis/engine/factflow,branch_path_evidence.go,BranchPathEvidenceIndexInRange,const,analysis/engine/factflow,,unclassified,,,
analysis/engine/factflow,branch_path_evidence.go,BranchPathEvidenceKind,type,analysis/engine/factflow,,unclassified,,,
analysis/engine/factflow,branch_path_evidence.go,BranchPathEvidenceNotEqual,const,analysis/engine/factflow,,unclassified,,,
analysis/engine/factflow,branch_path_evidence.go,BranchPathEvidencePresence,const,analysis/engine/factflow,,unclassified,,,
analysis/engine/factflow,branch_path_evidence.go,BranchPathEvidenceSet,type,analysis/engine/factflow,,unclassified,,,
analysis/engine/factflow,branch_path_evidence.go,BranchPathEvidenceSet.Evidence,method,analysis/engine/factflow,,unclassified,,,
analysis/engine/factflow,branch_path_evidence.go,BranchPathEvidenceSet.ForEachEvidence,method,analysis/engine/factflow,,unclassified,,,
analysis/engine/factflow,branch_path_evidence.go,BranchPathEvidenceTruthy,const,analysis/engine/factflow,,unclassified,,,
analysis/engine/factflow,branch_path_evidence.go,NewBranchFrozenTableEvidenceOnEdge,func,analysis/engine/factflow,,unclassified,,,
analysis/engine/factflow,branch_path_evidence.go,NewBranchIndexInRangeEvidenceOnEdge,func,analysis/engine/factflow,,unclassified,,,
analysis/engine/factflow,branch_path_evidence.go,NewBranchPathEqualityEvidenceOnEdge,func,analysis/engine/factflow,,unclassified,,,
analysis/engine/factflow,branch_path_evidence.go,NewBranchPathEvidenceSet,func,analysis/engine/factflow,,unclassified,,,
analysis/engine/factflow,branch_path_evidence.go,NewBranchPathInequalityEvidenceOnEdge,func,analysis/engine/factflow,,unclassified,,,
analysis/engine/factflow,branch_path_evidence.go,NewBranchPathPresenceEvidenceOnEdge,func,analysis/engine/factflow,,unclassified,,,
analysis/engine/factflow,branch_path_evidence.go,NewBranchPathTruthyEvidenceOnEdge,func,analysis/engine/factflow,,unclassified,,,
analysis/engine/factflow,branch_path_evidence.go,NewBranchPathTruthyEvidenceWithOppositeOnEdge,func,analysis/engine/factflow,,unclassified,,,
analysis/engine/factflow,branch_path_relation.go,BranchPathRelation,type,analysis/engine/factflow,,unclassified,,,
analysis/engine/factflow,branch_path_relation.go,BranchPathRelation.ActiveOnEdge,method,analysis/engine/factflow,,unclassified,,,
analysis/engine/factflow,branch_path_relation.go,BranchPathRelation.Kind,method,analysis/engine/factflow,,unclassified,,,
analysis/engine/factflow,branch_path_relation.go,BranchPathRelation.LeftPath,method,analysis/engine/factflow,,unclassified,,,
analysis/engine/factflow,branch_path_relation.go,BranchPathRelation.RightPath,method,analysis/engine/factflow,,unclassified,,,
analysis/engine/factflow,branch_path_relation.go,BranchPathRelationEqual,const,analysis/engine/factflow,,unclassified,,,
analysis/engine/factflow,branch_path_relation.go,BranchPathRelationKind,type,analysis/engine/factflow,,unclassified,,,
analysis/engine/factflow,branch_path_relation.go,BranchPathRelationNotEqual,const,analysis/engine/factflow,,unclassified,,,
analysis/engine/factflow,branch_path_relation.go,BranchPathRelationSet,type,analysis/engine/factflow,,unclassified,,,
analysis/engine/factflow,branch_path_relation.go,BranchPathRelationSet.Relations,method,analysis/engine/factflow,,unclassified,,,
analysis/engine/factflow,branch_path_relation.go,BranchPathRelationTypeMatch,const,analysis/engine/factflow,,unclassified,,,
analysis/engine/factflow,branch_path_relation.go,BranchPathRelationTypeUnmatch,const,analysis/engine/factflow,,unclassified,,,
analysis/engine/factflow,branch_path_relation.go,NewBranchPathEquality,func,analysis/engine/factflow,,unclassified,,,
analysis/engine/factflow,branch_path_relation.go,NewBranchPathInequality,func,analysis/engine/factflow,,unclassified,,,
analysis/engine/factflow,branch_path_relation.go,NewBranchPathRelationSet,func,analysis/engine/factflow,,unclassified,,,
analysis/engine/factflow,branch_path_relation.go,NewBranchPathTypeMatch,func,analysis/engine/factflow,,unclassified,,,
analysis/engine/factflow,branch_path_relation.go,NewBranchPathTypeUnmatch,func,analysis/engine/factflow,,unclassified,,,
analysis/engine/factflow,branch_reachability.go,BranchEdgeReachability,type,analysis/engine/factflow,,unclassified,,,
analysis/engine/factflow,branch_reachability.go,BranchEdgeReachability.EdgeUnreachable,method,analysis/engine/factflow,,unclassified,,,
analysis/engine/factflow,branch_reachability.go,NewBranchEdgeReachability,func,analysis/engine/factflow,,unclassified,,,
analysis/engine/factflow,branch_relation.go,BranchPresenceRelation,type,analysis/engine/factflow,,unclassified,,,
analysis/engine/factflow,branch_relation.go,BranchPresenceRelation.TargetPath,method,analysis/engine/factflow,,unclassified,,,
analysis/engine/factflow,branch_relation.go,BranchPresenceRelation.TargetPathRef,method,analysis/engine/factflow,,unclassified,,,
analysis/engine/factflow,branch_relation.go,BranchPresenceRelation.TargetPresence,method,analysis/engine/factflow,,unclassified,,,
analysis/engine/factflow,branch_relation.go,BranchPresenceRelation.TriggerPath,method,analysis/engine/factflow,,unclassified,,,
analysis/engine/factflow,branch_relation.go,BranchPresenceRelation.TriggerPathRef,method,analysis/engine/factflow,,unclassified,,,
analysis/engine/factflow,branch_relation.go,BranchPresenceRelation.TriggerPresence,method,analysis/engine/factflow,,unclassified,,,
analysis/engine/factflow,branch_relation.go,BranchPresenceRelationSet,type,analysis/engine/factflow,,unclassified,,,
analysis/engine/factflow,branch_relation.go,BranchPresenceRelationSet.Relations,method,analysis/engine/factflow,,unclassified,,,
analysis/engine/factflow,branch_relation.go,NewBranchPresenceRelation,func,analysis/engine/factflow,,unclassified,,,
analysis/engine/factflow,branch_relation.go,NewBranchPresenceRelationSet,func,analysis/engine/factflow,,unclassified,,,
analysis/engine/factflow,branch_sufficient_literal_case.go,BranchSufficientLiteralCase,type,analysis/engine/factflow,,unclassified,,,
analysis/engine/factflow,branch_sufficient_literal_case.go,BranchSufficientLiteralCase.Edge,method,analysis/engine/factflow,,unclassified,,,
analysis/engine/factflow,branch_sufficient_literal_case.go,BranchSufficientLiteralCase.LiteralValue,method,analysis/engine/factflow,,unclassified,,,
analysis/engine/factflow,branch_sufficient_literal_case.go,BranchSufficientLiteralCase.TargetPath,method,analysis/engine/factflow,,unclassified,,,
analysis/engine/factflow,branch_sufficient_literal_case.go,BranchSufficientLiteralCase.TargetPathRef,method,analysis/engine/factflow,,unclassified,,,
analysis/engine/factflow,branch_sufficient_literal_case.go,BranchSufficientLiteralCaseSet,type,analysis/engine/factflow,,unclassified,,,
analysis/engine/factflow,branch_sufficient_literal_case.go,BranchSufficientLiteralCaseSet.Cases,method,analysis/engine/factflow,,unclassified,,,
analysis/engine/factflow,branch_sufficient_literal_case.go,NewBranchSufficientLiteralCase,func,analysis/engine/factflow,,unclassified,,,
analysis/engine/factflow,branch_sufficient_literal_case.go,NewBranchSufficientLiteralCaseSet,func,analysis/engine/factflow,,unclassified,,,
analysis/engine/factflow,call_producer.go,CallProducer,type,analysis/engine/factflow,,unclassified,,,
analysis/engine/factflow,call_producer.go,CallProducer.CalleePath,method,analysis/engine/factflow,,unclassified,,,
analysis/engine/factflow,call_producer.go,CallProducer.CalleePathRef,method,analysis/engine/factflow,,unclassified,,,
analysis/engine/factflow,call_producer.go,CallProducer.CalleeSymbol,method,analysis/engine/factflow,,unclassified,,,
analysis/engine/factflow,call_producer.go,CallProducer.ResultTargets,method,analysis/engine/factflow,,unclassified,,,
analysis/engine/factflow,call_producer.go,CallProducerConfig,type,analysis/engine/factflow,,unclassified,,,
analysis/engine/factflow,call_producer.go,NewCallProducer,func,analysis/engine/factflow,,unclassified,,,
analysis/engine/factflow,call_producer.go,NewCallProducerFromView,func,analysis/engine/factflow,,unclassified,,,
analysis/engine/factflow,call_result.go,CallResultValue,type,analysis/engine/factflow,,unclassified,,,
analysis/engine/factflow,call_result.go,CallResultValue.Index,method,analysis/engine/factflow,,unclassified,,,
analysis/engine/factflow,call_result.go,CallResultValue.Value,method,analysis/engine/factflow,,unclassified,,,
analysis/engine/factflow,call_result.go,CallResultValueSet,type,analysis/engine/factflow,,unclassified,,,
analysis/engine/factflow,call_result.go,CallResultValueSet.ForEachValue,method,analysis/engine/factflow,,unclassified,,,
analysis/engine/factflow,call_result.go,CallResultValueSet.Values,method,analysis/engine/factflow,,unclassified,,,
analysis/engine/factflow,call_result.go,NewCallResultValue,func,analysis/engine/factflow,,unclassified,,,
analysis/engine/factflow,call_result.go,NewCallResultValueSet,func,analysis/engine/factflow,,unclassified,,,
analysis/engine/factflow,call_site.go,CallSite,type,analysis/engine/factflow,,unclassified,,,
analysis/engine/factflow,call_site.go,CallSite.View,method,analysis/engine/factflow,,unclassified,,,
analysis/engine/factflow,call_site.go,CallSiteConfig,type,analysis/engine/factflow,,unclassified,,,
analysis/engine/factflow,call_site.go,CallSiteContext,type,analysis/engine/factflow,,unclassified,,,
analysis/engine/factflow,call_site.go,CallSiteContextAssignmentSource,const,analysis/engine/factflow,,unclassified,,,
analysis/engine/factflow,call_site.go,CallSiteContextCondition,const,analysis/engine/factflow,,unclassified,,,
analysis/engine/factflow,call_site.go,CallSiteContextExpressionProducer,const,analysis/engine/factflow,,unclassified,,,
analysis/engine/factflow,call_site.go,CallSiteContextIteratorSource,const,analysis/engine/factflow,,unclassified,,,
analysis/engine/factflow,call_site.go,CallSiteContextReturnSource,const,analysis/engine/factflow,,unclassified,,,
analysis/engine/factflow,call_site.go,CallSiteContextStatement,const,analysis/engine/factflow,,unclassified,,,
analysis/engine/factflow,call_site.go,CallSiteContextUnknown,const,analysis/engine/factflow,,unclassified,,,
analysis/engine/factflow,call_site.go,CallSiteView,type,analysis/engine/factflow,,unclassified,,,
analysis/engine/factflow,call_site.go,CallSiteView.Adjusted,method,analysis/engine/factflow,,unclassified,,,
analysis/engine/factflow,call_site.go,CallSiteView.ArgumentLabelAt,method,analysis/engine/factflow,,unclassified,,,
analysis/engine/factflow,call_site.go,CallSiteView.ArgumentSourceAt,method,analysis/engine/factflow,,unclassified,,,
analysis/engine/factflow,call_site.go,CallSiteView.ArgumentSourceCount,method,analysis/engine/factflow,,unclassified,,,
analysis/engine/factflow,call_site.go,CallSiteView.ArgumentSpanAt,method,analysis/engine/factflow,,unclassified,,,
analysis/engine/factflow,call_site.go,CallSiteView.CallSpan,method,analysis/engine/factflow,,unclassified,,,
analysis/engine/factflow,call_site.go,CallSiteView.CalleeMemberAccess,method,analysis/engine/factflow,,unclassified,,,
analysis/engine/factflow,call_site.go,CallSiteView.CalleeMemberAccessPath,method,analysis/engine/factflow,,unclassified,,,
analysis/engine/factflow,call_site.go,CallSiteView.CalleePath,method,analysis/engine/factflow,,unclassified,,,
analysis/engine/factflow,call_site.go,CallSiteView.CalleePathEqual,method,analysis/engine/factflow,,unclassified,,,
analysis/engine/factflow,call_site.go,CallSiteView.CalleePathKey,method,analysis/engine/factflow,,unclassified,,,
analysis/engine/factflow,call_site.go,CallSiteView.CalleePathRef,method,analysis/engine/factflow,,unclassified,,,
analysis/engine/factflow,call_site.go,CallSiteView.CalleeSpan,method,analysis/engine/factflow,,unclassified,,,
analysis/engine/factflow,call_site.go,CallSiteView.CalleeSymbol,method,analysis/engine/factflow,,unclassified,,,
analysis/engine/factflow,call_site.go,CallSiteView.ConditionNegated,method,analysis/engine/factflow,,unclassified,,,
analysis/engine/factflow,call_site.go,CallSiteView.Context,method,analysis/engine/factflow,,unclassified,,,
analysis/engine/factflow,call_site.go,CallSiteView.Expanded,method,analysis/engine/factflow,,unclassified,,,
analysis/engine/factflow,call_site.go,CallSiteView.Expr,method,analysis/engine/factflow,,unclassified,,,
analysis/engine/factflow,call_site.go,CallSiteView.ExprIndex,method,analysis/engine/factflow,,unclassified,,,
analysis/engine/factflow,call_site.go,CallSiteView.Final,method,analysis/engine/factflow,,unclassified,,,
analysis/engine/factflow,call_site.go,CallSiteView.ForEachArgumentSource,method,analysis/engine/factflow,,unclassified,,,
analysis/engine/factflow,call_site.go,CallSiteView.ForEachResultTarget,method,analysis/engine/factflow,,unclassified,,,
analysis/engine/factflow,call_site.go,CallSiteView.MethodName,method,analysis/engine/factflow,,unclassified,,,
analysis/engine/factflow,call_site.go,CallSiteView.MethodPath,method,analysis/engine/factflow,,unclassified,,,
analysis/engine/factflow,call_site.go,CallSiteView.OpenTail,method,analysis/engine/factflow,,unclassified,,,
analysis/engine/factflow,call_site.go,CallSiteView.Point,method,analysis/engine/factflow,,unclassified,,,
analysis/engine/factflow,call_site.go,CallSiteView.ReceiverPath,method,analysis/engine/factflow,,unclassified,,,
analysis/engine/factflow,call_site.go,CallSiteView.ReceiverSource,method,analysis/engine/factflow,,unclassified,,,
analysis/engine/factflow,call_site.go,CallSiteView.ResultTargetAt,method,analysis/engine/factflow,,unclassified,,,
analysis/engine/factflow,call_site.go,CallSiteView.ResultTargetCount,method,analysis/engine/factflow,,unclassified,,,
analysis/engine/factflow,call_site.go,CallSiteView.TypeArgAt,method,analysis/engine/factflow,,unclassified,,,
analysis/engine/factflow,call_site.go,CallSiteView.TypeArgCount,method,analysis/engine/factflow,,unclassified,,,
analysis/engine/factflow,call_site.go,CalleePathKey,type,analysis/engine/factflow,,unclassified,,,
analysis/engine/factflow,call_site.go,CalleePathKey.PathKey,method,analysis/engine/factflow,,unclassified,,,
analysis/engine/factflow,call_site.go,CalleePathKey.String,method,analysis/engine/factflow,,unclassified,,,
analysis/engine/factflow,call_site.go,CalleePathKey.Valid,method,analysis/engine/factflow,,unclassified,,,
analysis/engine/factflow,call_site.go,CalleePathKeyFromPath,func,analysis/engine/factflow,,unclassified,,,
analysis/engine/factflow,call_site.go,CalleePathKeyFromPathKey,func,analysis/engine/factflow,,unclassified,,,
analysis/engine/factflow,call_site.go,NewCallSite,func,analysis/engine/factflow,,unclassified,,,
analysis/engine/factflow,call_target.go,CallResultTarget,type,analysis/engine/factflow,,unclassified,,,
analysis/engine/factflow,call_target.go,CallResultTarget.Index,method,analysis/engine/factflow,,unclassified,,,
analysis/engine/factflow,call_target.go,CallResultTarget.Kind,method,analysis/engine/factflow,,unclassified,,,
analysis/engine/factflow,call_target.go,CallResultTarget.ResultIndex,method,analysis/engine/factflow,,unclassified,,,
analysis/engine/factflow,call_target.go,CallResultTarget.TargetPath,method,analysis/engine/factflow,,unclassified,,,
analysis/engine/factflow,call_target.go,CallResultTarget.TargetSymbol,method,analysis/engine/factflow,,unclassified,,,
analysis/engine/factflow,call_target.go,CallResultTargetExpression,const,analysis/engine/factflow,,unclassified,,,
analysis/engine/factflow,call_target.go,CallResultTargetKind,type,analysis/engine/factflow,,unclassified,,,
analysis/engine/factflow,call_target.go,CallResultTargetLocalAssignment,const,analysis/engine/factflow,,unclassified,,,
analysis/engine/factflow,call_target.go,CallResultTargetOrdinaryAssignment,const,analysis/engine/factflow,,unclassified,,,
analysis/engine/factflow,call_target.go,CallResultTargetReturn,const,analysis/engine/factflow,,unclassified,,,
analysis/engine/factflow,call_target.go,CallResultTargetUnknown,const,analysis/engine/factflow,,unclassified,,,
analysis/engine/factflow,call_target.go,CallResultTargetView,type,analysis/engine/factflow,,unclassified,,,
analysis/engine/factflow,call_target.go,CallResultTargetView.Index,method,analysis/engine/factflow,,unclassified,,,
analysis/engine/factflow,call_target.go,CallResultTargetView.Kind,method,analysis/engine/factflow,,unclassified,,,
analysis/engine/factflow,call_target.go,CallResultTargetView.ResultIndex,method,analysis/engine/factflow,,unclassified,,,
analysis/engine/factflow,call_target.go,CallResultTargetView.TargetPath,method,analysis/engine/factflow,,unclassified,,,
analysis/engine/factflow,call_target.go,CallResultTargetView.TargetPathEmpty,method,analysis/engine/factflow,,unclassified,,,
analysis/engine/factflow,call_target.go,CallResultTargetView.TargetPathEqual,method,analysis/engine/factflow,,unclassified,,,
analysis/engine/factflow,call_target.go,CallResultTargetView.TargetPathKey,method,analysis/engine/factflow,,unclassified,,,
analysis/engine/factflow,call_target.go,CallResultTargetView.TargetPathRef,method,analysis/engine/factflow,,unclassified,,,
analysis/engine/factflow,call_target.go,CallResultTargetView.TargetPathSegmentCount,method,analysis/engine/factflow,,unclassified,,,
analysis/engine/factflow,call_target.go,CallResultTargetView.TargetSymbol,method,analysis/engine/factflow,,unclassified,,,
analysis/engine/factflow,call_target.go,NewCallResultTarget,func,analysis/engine/factflow,,unclassified,,,
analysis/engine/factflow,channel_select.go,ChannelSelect,type,analysis/engine/factflow,,unclassified,,,
analysis/engine/factflow,channel_select.go,ChannelSelect.CasePath,method,analysis/engine/factflow,,unclassified,,,
analysis/engine/factflow,channel_select.go,ChannelSelect.HasDefault,method,analysis/engine/factflow,,unclassified,,,
analysis/engine/factflow,channel_select.go,ChannelSelect.Index,method,analysis/engine/factflow,,unclassified,,,
analysis/engine/factflow,channel_select.go,ChannelSelect.Kind,method,analysis/engine/factflow,,unclassified,,,
analysis/engine/factflow,channel_select.go,ChannelSelect.PayloadValue,method,analysis/engine/factflow,,unclassified,,,
analysis/engine/factflow,channel_select.go,ChannelSelect.ResultPath,method,analysis/engine/factflow,,unclassified,,,
analysis/engine/factflow,channel_select.go,ChannelSelect.SelectID,method,analysis/engine/factflow,,unclassified,,,
analysis/engine/factflow,channel_select.go,ChannelSelectCase,const,analysis/engine/factflow,,unclassified,,,
analysis/engine/factflow,channel_select.go,ChannelSelectConfig,type,analysis/engine/factflow,,unclassified,,,
analysis/engine/factflow,channel_select.go,ChannelSelectID,type,analysis/engine/factflow,,unclassified,,,
analysis/engine/factflow,channel_select.go,ChannelSelectKind,type,analysis/engine/factflow,,unclassified,,,
analysis/engine/factflow,channel_select.go,ChannelSelectReceive,const,analysis/engine/factflow,,unclassified,,,
analysis/engine/factflow,channel_select.go,ChannelSelectSelect,const,analysis/engine/factflow,,unclassified,,,
analysis/engine/factflow,channel_select.go,ChannelSelectSet,type,analysis/engine/factflow,,unclassified,,,
analysis/engine/factflow,channel_select.go,ChannelSelectSet.Events,method,analysis/engine/factflow,,unclassified,,,
analysis/engine/factflow,channel_select.go,NewChannelSelect,func,analysis/engine/factflow,,unclassified,,,
analysis/engine/factflow,channel_select.go,NewChannelSelectSet,func,analysis/engine/factflow,,unclassified,,,
analysis/engine/factflow,covariant_exposure.go,CovariantExposure,type,analysis/engine/factflow,,unclassified,,,
analysis/engine/factflow,covariant_exposure.go,CovariantExposure.Kind,method,analysis/engine/factflow,,unclassified,,,
analysis/engine/factflow,covariant_exposure.go,CovariantExposure.SourcePath,method,analysis/engine/factflow,,unclassified,,,
analysis/engine/factflow,covariant_exposure.go,CovariantExposure.WideValue,method,analysis/engine/factflow,,unclassified,,,
analysis/engine/factflow,covariant_exposure.go,CovariantExposureArray,const,analysis/engine/factflow,,unclassified,,,
analysis/engine/factflow,covariant_exposure.go,CovariantExposureKind,type,analysis/engine/factflow,,unclassified,,,
analysis/engine/factflow,covariant_exposure.go,CovariantExposureRecord,const,analysis/engine/factflow,,unclassified,,,
analysis/engine/factflow,covariant_exposure.go,NewCovariantExposure,func,analysis/engine/factflow,,unclassified,,,
analysis/engine/factflow,dynamic_index.go,DynamicIndexReadbackIntent,type,analysis/engine/factflow,,unclassified,,,
analysis/engine/factflow,dynamic_index.go,DynamicIndexReadbackKey,const,analysis/engine/factflow,,unclassified,,,
analysis/engine/factflow,dynamic_index.go,DynamicIndexReadbackKeyAndValue,const,analysis/engine/factflow,,unclassified,,,
analysis/engine/factflow,dynamic_index.go,DynamicIndexReadbackNone,const,analysis/engine/factflow,,unclassified,,,
analysis/engine/factflow,dynamic_index.go,DynamicIndexReadbackValue,const,analysis/engine/factflow,,unclassified,,,
analysis/engine/factflow,dynamic_index.go,DynamicIndexWrite,type,analysis/engine/factflow,,unclassified,,,
analysis/engine/factflow,dynamic_index.go,DynamicIndexWrite.Admission,method,analysis/engine/factflow,,unclassified,,,
analysis/engine/factflow,dynamic_index.go,DynamicIndexWrite.ContainerSpan,method,analysis/engine/factflow,,unclassified,,,
analysis/engine/factflow,dynamic_index.go,DynamicIndexWrite.KeyPath,method,analysis/engine/factflow,,unclassified,,,
analysis/engine/factflow,dynamic_index.go,DynamicIndexWrite.KeyPathRef,method,analysis/engine/factflow,,unclassified,,,
analysis/engine/factflow,dynamic_index.go,DynamicIndexWrite.KeySource,method,analysis/engine/factflow,,unclassified,,,
analysis/engine/factflow,dynamic_index.go,DynamicIndexWrite.ReadbackIntent,method,analysis/engine/factflow,,unclassified,,,
analysis/engine/factflow,dynamic_index.go,DynamicIndexWrite.Source,method,analysis/engine/factflow,,unclassified,,,
analysis/engine/factflow,dynamic_index.go,DynamicIndexWrite.TablePath,method,analysis/engine/factflow,,unclassified,,,
analysis/engine/factflow,dynamic_index.go,DynamicIndexWrite.TablePathRef,method,analysis/engine/factflow,,unclassified,,,
analysis/engine/factflow,dynamic_index.go,DynamicIndexWrite.TargetSpan,method,analysis/engine/factflow,,unclassified,,,
analysis/engine/factflow,dynamic_index.go,DynamicIndexWrite.ValuePath,method,analysis/engine/factflow,,unclassified,,,
analysis/engine/factflow,dynamic_index.go,DynamicIndexWrite.ValuePathRef,method,analysis/engine/factflow,,unclassified,,,
analysis/engine/factflow,dynamic_index.go,DynamicIndexWrite.WithContainerSpan,method,analysis/engine/factflow,,unclassified,,,
analysis/engine/factflow,dynamic_index.go,DynamicIndexWrite.WithKeyPath,method,analysis/engine/factflow,,unclassified,,,
analysis/engine/factflow,dynamic_index.go,DynamicIndexWrite.WithTargetSpan,method,analysis/engine/factflow,,unclassified,,,
analysis/engine/factflow,dynamic_index.go,DynamicIndexWrite.WithValuePath,method,analysis/engine/factflow,,unclassified,,,
analysis/engine/factflow,dynamic_index.go,NewDynamicIndexWrite,func,analysis/engine/factflow,,unclassified,,,
analysis/engine/factflow,expression_condition.go,ExpressionCondition,type,analysis/engine/factflow,,unclassified,,,
analysis/engine/factflow,expression_condition.go,ExpressionCondition.BranchPathEvidenceForValue,method,analysis/engine/factflow,,unclassified,,,
analysis/engine/factflow,expression_condition.go,ExpressionCondition.BranchPathRelationsForValue,method,analysis/engine/factflow,,unclassified,,,
analysis/engine/factflow,expression_condition.go,ExpressionCondition.BranchRefinementsForValue,method,analysis/engine/factflow,,unclassified,,,
analysis/engine/factflow,expression_condition.go,ExpressionCondition.FactsForValue,method,analysis/engine/factflow,,unclassified,,,
analysis/engine/factflow,expression_condition.go,ExpressionCondition.IsEmpty,method,analysis/engine/factflow,,unclassified,,,
analysis/engine/factflow,expression_condition.go,ExpressionConditionFacts,type,analysis/engine/factflow,,unclassified,,,
analysis/engine/factflow,expression_condition.go,ExpressionConditionFacts.IsEmpty,method,analysis/engine/factflow,,unclassified,,,
analysis/engine/factflow,expression_condition.go,ExpressionConditionFacts.PathRelations,method,analysis/engine/factflow,,unclassified,,,
analysis/engine/factflow,expression_condition.go,ExpressionConditionFacts.Refinements,method,analysis/engine/factflow,,unclassified,,,
analysis/engine/factflow,expression_condition.go,NewExpressionCondition,func,analysis/engine/factflow,,unclassified,,,
analysis/engine/factflow,expression_condition.go,NewExpressionConditionFacts,func,analysis/engine/factflow,,unclassified,,,
analysis/engine/factflow,expression_dynamic_index.go,DynamicIndexExpression,type,analysis/engine/factflow,,unclassified,,,
analysis/engine/factflow,expression_dynamic_index.go,DynamicIndexExpression.KeySource,method,analysis/engine/factflow,,unclassified,,,
analysis/engine/factflow,expression_dynamic_index.go,DynamicIndexExpression.TablePath,method,analysis/engine/factflow,,unclassified,,,
analysis/engine/factflow,expression_dynamic_index.go,DynamicIndexExpression.TablePathRef,method,analysis/engine/factflow,,unclassified,,,
analysis/engine/factflow,expression_dynamic_index.go,DynamicIndexExpression.TableSource,method,analysis/engine/factflow,,unclassified,,,
analysis/engine/factflow,expression_dynamic_index.go,DynamicIndexExpression.WithTableSource,method,analysis/engine/factflow,,unclassified,,,
analysis/engine/factflow,expression_dynamic_index.go,NewDynamicIndexExpression,func,analysis/engine/factflow,,unclassified,,,
analysis/engine/factflow,expression_dynamic_index.go,NewDynamicIndexExpressionFromSource,func,analysis/engine/factflow,,unclassified,,,
analysis/engine/factflow,expression_operation.go,ExpressionOperation,type,analysis/engine/factflow,,unclassified,,,
analysis/engine/factflow,expression_operation.go,ExpressionOperation.Intrinsic,method,analysis/engine/factflow,,unclassified,,,
analysis/engine/factflow,expression_operation.go,ExpressionOperation.Kind,method,analysis/engine/factflow,,unclassified,,,
analysis/engine/factflow,expression_operation.go,ExpressionOperation.Left,method,analysis/engine/factflow,,unclassified,,,
analysis/engine/factflow,expression_operation.go,ExpressionOperation.Op,method,analysis/engine/factflow,,unclassified,,,
analysis/engine/factflow,expression_operation.go,ExpressionOperation.Right,method,analysis/engine/factflow,,unclassified,,,
analysis/engine/factflow,expression_operation.go,ExpressionOperationBinary,const,analysis/engine/factflow,,unclassified,,,
analysis/engine/factflow,expression_operation.go,ExpressionOperationKind,type,analysis/engine/factflow,,unclassified,,,
analysis/engine/factflow,expression_operation.go,ExpressionOperationUnary,const,analysis/engine/factflow,,unclassified,,,
analysis/engine/factflow,expression_operation.go,ExpressionOperationUnknown,const,analysis/engine/factflow,,unclassified,,,
analysis/engine/factflow,expression_operation.go,NewBinaryExpressionOperation,func,analysis/engine/factflow,,unclassified,,,
analysis/engine/factflow,expression_operation.go,NewIntrinsicExpressionOperation,func,analysis/engine/factflow,,unclassified,,,
analysis/engine/factflow,expression_operation.go,NewUnaryExpressionOperation,func,analysis/engine/factflow,,unclassified,,,
analysis/engine/factflow,expression_refinement.go,ExpressionRefinement,type,analysis/engine/factflow,,unclassified,,,
analysis/engine/factflow,expression_refinement.go,ExpressionRefinement.Mode,method,analysis/engine/factflow,,unclassified,,,
analysis/engine/factflow,expression_refinement.go,ExpressionRefinement.Refinement,method,analysis/engine/factflow,,unclassified,,,
analysis/engine/factflow,expression_refinement.go,ExpressionRefinement.Source,method,analysis/engine/factflow,,unclassified,,,
analysis/engine/factflow,expression_refinement.go,ExpressionRefinementDeclaredContract,const,analysis/engine/factflow,,unclassified,,,
analysis/engine/factflow,expression_refinement.go,ExpressionRefinementMeet,const,analysis/engine/factflow,,unclassified,,,
analysis/engine/factflow,expression_refinement.go,ExpressionRefinementMode,type,analysis/engine/factflow,,unclassified,,,
analysis/engine/factflow,expression_refinement.go,ExpressionRefinementRuntimeValidation,const,analysis/engine/factflow,,unclassified,,,
analysis/engine/factflow,expression_refinement.go,NewExpressionDeclaredContract,func,analysis/engine/factflow,,unclassified,,,
analysis/engine/factflow,expression_refinement.go,NewExpressionRefinement,func,analysis/engine/factflow,,unclassified,,,
analysis/engine/factflow,expression_refinement.go,NewExpressionRuntimeValidation,func,analysis/engine/factflow,,unclassified,,,
analysis/engine/factflow,facts.go,Facts,type,analysis/engine/factflow,,unclassified,,,
analysis/engine/factflow,facts.go,Facts.BranchCondition,method,analysis/engine/factflow,,unclassified,,,
analysis/engine/factflow,facts.go,Facts.BranchConditionSource,method,analysis/engine/factflow,,unclassified,,,
analysis/engine/factflow,facts.go,Facts.BranchDiffConstraints,method,analysis/engine/factflow,,unclassified,,,
analysis/engine/factflow,facts.go,Facts.BranchEdgeUnreachable,method,analysis/engine/factflow,,unclassified,,,
analysis/engine/factflow,facts.go,Facts.BranchLenRefinements,method,analysis/engine/factflow,,unclassified,,,
analysis/engine/factflow,facts.go,Facts.BranchNumCeilRefinements,method,analysis/engine/factflow,,unclassified,,,
analysis/engine/factflow,facts.go,Facts.BranchNumFloorRefinements,method,analysis/engine/factflow,,unclassified,,,
analysis/engine/factflow,facts.go,Facts.BranchPathEvidence,method,analysis/engine/factflow,,unclassified,,,
analysis/engine/factflow,facts.go,Facts.BranchPathRelations,method,analysis/engine/factflow,,unclassified,,,
analysis/engine/factflow,facts.go,Facts.BranchPresenceRelations,method,analysis/engine/factflow,,unclassified,,,
analysis/engine/factflow,facts.go,Facts.BranchRefinements,method,analysis/engine/factflow,,unclassified,,,
analysis/engine/factflow,facts.go,Facts.BranchSufficientLiteralCases,method,analysis/engine/factflow,,unclassified,,,
analysis/engine/factflow,facts.go,Facts.CallResultValues,method,analysis/engine/factflow,,unclassified,,,
analysis/engine/factflow,facts.go,Facts.CallSiteCount,method,analysis/engine/factflow,,unclassified,,,
analysis/engine/factflow,facts.go,Facts.CallSiteView,method,analysis/engine/factflow,,unclassified,,,
analysis/engine/factflow,facts.go,Facts.ChannelSelects,method,analysis/engine/factflow,,unclassified,,,
analysis/engine/factflow,facts.go,Facts.CovariantExposures,method,analysis/engine/factflow,,unclassified,,,
analysis/engine/factflow,facts.go,Facts.DynamicIndexExpression,method,analysis/engine/factflow,,unclassified,,,
analysis/engine/factflow,facts.go,Facts.DynamicIndexWrite,method,analysis/engine/factflow,,unclassified,,,
analysis/engine/factflow,facts.go,Facts.ExpressionCondition,method,analysis/engine/factflow,,unclassified,,,
analysis/engine/factflow,facts.go,Facts.ExpressionFunction,method,analysis/engine/factflow,,unclassified,,,
analysis/engine/factflow,facts.go,Facts.ExpressionOperation,method,analysis/engine/factflow,,unclassified,,,
analysis/engine/factflow,facts.go,Facts.ExpressionPath,method,analysis/engine/factflow,,unclassified,,,
analysis/engine/factflow,facts.go,Facts.ExpressionPathRef,method,analysis/engine/factflow,,unclassified,,,
analysis/engine/factflow,facts.go,Facts.ExpressionRefinement,method,analysis/engine/factflow,,unclassified,,,
analysis/engine/factflow,facts.go,Facts.ExpressionValue,method,analysis/engine/factflow,,unclassified,,,
analysis/engine/factflow,facts.go,Facts.ForEachBranchPathEvidence,method,analysis/engine/factflow,,unclassified,,,
analysis/engine/factflow,facts.go,Facts.ForEachCallResultValue,method,analysis/engine/factflow,,unclassified,,,
analysis/engine/factflow,facts.go,Facts.ForEachDynamicIndexExpression,method,analysis/engine/factflow,,unclassified,,,
analysis/engine/factflow,facts.go,Facts.ForEachExpressionCondition,method,analysis/engine/factflow,,unclassified,,,
analysis/engine/factflow,facts.go,Facts.ForEachExpressionOperation,method,analysis/engine/factflow,,unclassified,,,
analysis/engine/factflow,facts.go,Facts.ForEachExpressionPath,method,analysis/engine/factflow,,unclassified,,,
analysis/engine/factflow,facts.go,Facts.ForEachExpressionRefinement,method,analysis/engine/factflow,,unclassified,,,
analysis/engine/factflow,facts.go,Facts.ForEachExpressionValue,method,analysis/engine/factflow,,unclassified,,,
analysis/engine/factflow,facts.go,Facts.ForEachObjectLiteral,method,analysis/engine/factflow,,unclassified,,,
analysis/engine/factflow,facts.go,Facts.HasCallSites,method,analysis/engine/factflow,,unclassified,,,
analysis/engine/factflow,facts.go,Facts.HasChannelSelects,method,analysis/engine/factflow,,unclassified,,,
analysis/engine/factflow,facts.go,Facts.HasDynamicIndexWrites,method,analysis/engine/factflow,,unclassified,,,
analysis/engine/factflow,facts.go,Facts.LocalAssignment,method,analysis/engine/factflow,,unclassified,,,
analysis/engine/factflow,facts.go,Facts.NoNormalReturn,method,analysis/engine/factflow,,unclassified,,,
analysis/engine/factflow,facts.go,Facts.ObjectLiteralView,method,analysis/engine/factflow,,unclassified,,,
analysis/engine/factflow,facts.go,Facts.OrdinaryAssignment,method,analysis/engine/factflow,,unclassified,,,
analysis/engine/factflow,facts.go,Facts.PathAssignment,method,analysis/engine/factflow,,unclassified,,,
analysis/engine/factflow,facts.go,Facts.PathDescendantInvalidation,method,analysis/engine/factflow,,unclassified,,,
analysis/engine/factflow,facts.go,Facts.PathStaticMemberWrite,method,analysis/engine/factflow,,unclassified,,,
analysis/engine/factflow,facts.go,Facts.PathValuePresenceImplications,method,analysis/engine/factflow,,unclassified,,,
analysis/engine/factflow,facts.go,Facts.PostconditionPathRelations,method,analysis/engine/factflow,,unclassified,,,
analysis/engine/factflow,facts.go,Facts.PostconditionRefinements,method,analysis/engine/factflow,,unclassified,,,
analysis/engine/factflow,facts.go,Facts.Return,method,analysis/engine/factflow,,unclassified,,,
analysis/engine/factflow,facts.go,Facts.ReturnPresenceRelations,method,analysis/engine/factflow,,unclassified,,,
analysis/engine/factflow,facts.go,Facts.RootAssignment,method,analysis/engine/factflow,,unclassified,,,
analysis/engine/factflow,facts.go,FactsInput,type,analysis/engine/factflow,,unclassified,,,
analysis/engine/factflow,facts.go,NewFacts,func,analysis/engine/factflow,,unclassified,,,
analysis/engine/factflow,object.go,NewObjectEntryWithMetadata,func,analysis/engine/factflow,,unclassified,,,
analysis/engine/factflow,object.go,NewObjectLiteral,func,analysis/engine/factflow,,unclassified,,,
analysis/engine/factflow,object.go,ObjectEntry,type,analysis/engine/factflow,,unclassified,,,
analysis/engine/factflow,object.go,ObjectEntry.Expected,method,analysis/engine/factflow,,unclassified,,,
analysis/engine/factflow,object.go,ObjectEntry.Source,method,analysis/engine/factflow,,unclassified,,,
analysis/engine/factflow,object.go,ObjectEntry.Suffix,method,analysis/engine/factflow,,unclassified,,,
analysis/engine/factflow,object.go,ObjectEntry.ValueLabel,method,analysis/engine/factflow,,unclassified,,,
analysis/engine/factflow,object.go,ObjectEntry.ValueSpan,method,analysis/engine/factflow,,unclassified,,,
analysis/engine/factflow,object.go,ObjectEntry.WithExpected,method,analysis/engine/factflow,,unclassified,,,
analysis/engine/factflow,object.go,ObjectEntryView,type,analysis/engine/factflow,,unclassified,,,
analysis/engine/factflow,object.go,ObjectEntryView.AppendSuffixTo,method,analysis/engine/factflow,,unclassified,,,
analysis/engine/factflow,object.go,ObjectEntryView.Expected,method,analysis/engine/factflow,,unclassified,,,
analysis/engine/factflow,object.go,ObjectEntryView.Source,method,analysis/engine/factflow,,unclassified,,,
analysis/engine/factflow,object.go,ObjectEntryView.Suffix,method,analysis/engine/factflow,,unclassified,,,
analysis/engine/factflow,object.go,ObjectEntryView.SuffixSegmentAt,method,analysis/engine/factflow,,unclassified,,,
analysis/engine/factflow,object.go,ObjectEntryView.SuffixSegmentCount,method,analysis/engine/factflow,,unclassified,,,
analysis/engine/factflow,object.go,ObjectEntryView.SuffixSegments,method,analysis/engine/factflow,,unclassified,,,
analysis/engine/factflow,object.go,ObjectEntryView.SuffixSegmentsView,method,analysis/engine/factflow,,unclassified,,,
analysis/engine/factflow,object.go,ObjectEntryView.ValueLabel,method,analysis/engine/factflow,,unclassified,,,
analysis/engine/factflow,object.go,ObjectEntryView.ValueSpan,method,analysis/engine/factflow,,unclassified,,,
analysis/engine/factflow,object.go,ObjectLiteral,type,analysis/engine/factflow,,unclassified,,,
analysis/engine/factflow,object.go,ObjectLiteral.Expected,method,analysis/engine/factflow,,unclassified,,,
analysis/engine/factflow,object.go,ObjectLiteral.ExpressionID,method,analysis/engine/factflow,,unclassified,,,
analysis/engine/factflow,object.go,ObjectLiteral.Identity,method,analysis/engine/factflow,,unclassified,,,
analysis/engine/factflow,object.go,ObjectLiteral.ListElementSource,method,analysis/engine/factflow,,unclassified,,,
analysis/engine/factflow,object.go,ObjectLiteral.Span,method,analysis/engine/factflow,,unclassified,,,
analysis/engine/factflow,object.go,ObjectLiteral.StaticStringKeysComplete,method,analysis/engine/factflow,,unclassified,,,
analysis/engine/factflow,object.go,ObjectLiteral.View,method,analysis/engine/factflow,,unclassified,,,
analysis/engine/factflow,object.go,ObjectLiteral.WithExpected,method,analysis/engine/factflow,,unclassified,,,
analysis/engine/factflow,object.go,ObjectLiteral.WithExpressionID,method,analysis/engine/factflow,,unclassified,,,
analysis/engine/factflow,object.go,ObjectLiteral.WithIdentity,method,analysis/engine/factflow,,unclassified,,,
analysis/engine/factflow,object.go,ObjectLiteral.WithListElementSource,method,analysis/engine/factflow,,unclassified,,,
analysis/engine/factflow,object.go,ObjectLiteral.WithSpan,method,analysis/engine/factflow,,unclassified,,,
analysis/engine/factflow,object.go,ObjectLiteral.WithStaticStringKeysComplete,method,analysis/engine/factflow,,unclassified,,,
analysis/engine/factflow,object.go,ObjectLiteralView,type,analysis/engine/factflow,,unclassified,,,
analysis/engine/factflow,object.go,ObjectLiteralView.EntryAt,method,analysis/engine/factflow,,unclassified,,,
analysis/engine/factflow,object.go,ObjectLiteralView.EntryCount,method,analysis/engine/factflow,,unclassified,,,
analysis/engine/factflow,object.go,ObjectLiteralView.Expected,method,analysis/engine/factflow,,unclassified,,,
analysis/engine/factflow,object.go,ObjectLiteralView.ExpressionID,method,analysis/engine/factflow,,unclassified,,,
analysis/engine/factflow,object.go,ObjectLiteralView.ForEachEntry,method,analysis/engine/factflow,,unclassified,,,
analysis/engine/factflow,object.go,ObjectLiteralView.Identity,method,analysis/engine/factflow,,unclassified,,,
analysis/engine/factflow,object.go,ObjectLiteralView.ListElementSource,method,analysis/engine/factflow,,unclassified,,,
analysis/engine/factflow,object.go,ObjectLiteralView.Span,method,analysis/engine/factflow,,unclassified,,,
analysis/engine/factflow,object.go,ObjectLiteralView.StaticStringKeysComplete,method,analysis/engine/factflow,,unclassified,,,
analysis/engine/factflow,path_value_presence_implication.go,NewPathEqualityValueRefinementImplication,func,analysis/engine/factflow,,unclassified,,,
analysis/engine/factflow,path_value_presence_implication.go,NewPathTruthyValueRefinementImplication,func,analysis/engine/factflow,,unclassified,,,
analysis/engine/factflow,path_value_presence_implication.go,NewPathValuePresenceImplication,func,analysis/engine/factflow,,unclassified,,,
analysis/engine/factflow,path_value_presence_implication.go,NewPathValuePresenceImplicationSet,func,analysis/engine/factflow,,unclassified,,,
analysis/engine/factflow,path_value_presence_implication.go,NewPathValueRefinementImplication,func,analysis/engine/factflow,,unclassified,,,
analysis/engine/factflow,path_value_presence_implication.go,PathValuePresenceImplication,type,analysis/engine/factflow,,unclassified,,,
analysis/engine/factflow,path_value_presence_implication.go,PathValuePresenceImplication.HasTargetValue,method,analysis/engine/factflow,,unclassified,,,
analysis/engine/factflow,path_value_presence_implication.go,PathValuePresenceImplication.HasTriggerPathEqual,method,analysis/engine/factflow,,unclassified,,,
analysis/engine/factflow,path_value_presence_implication.go,PathValuePresenceImplication.HasTriggerPresence,method,analysis/engine/factflow,,unclassified,,,
analysis/engine/factflow,path_value_presence_implication.go,PathValuePresenceImplication.TargetPath,method,analysis/engine/factflow,,unclassified,,,
analysis/engine/factflow,path_value_presence_implication.go,PathValuePresenceImplication.TargetPathRef,method,analysis/engine/factflow,,unclassified,,,
analysis/engine/factflow,path_value_presence_implication.go,PathValuePresenceImplication.TargetPresence,method,analysis/engine/factflow,,unclassified,,,
analysis/engine/factflow,path_value_presence_implication.go,PathValuePresenceImplication.TargetValue,method,analysis/engine/factflow,,unclassified,,,
analysis/engine/factflow,path_value_presence_implication.go,PathValuePresenceImplication.TriggerOtherPath,method,analysis/engine/factflow,,unclassified,,,
analysis/engine/factflow,path_value_presence_implication.go,PathValuePresenceImplication.TriggerOtherPathRef,method,analysis/engine/factflow,,unclassified,,,
analysis/engine/factflow,path_value_presence_implication.go,PathValuePresenceImplication.TriggerPath,method,analysis/engine/factflow,,unclassified,,,
analysis/engine/factflow,path_value_presence_implication.go,PathValuePresenceImplication.TriggerPathRef,method,analysis/engine/factflow,,unclassified,,,
analysis/engine/factflow,path_value_presence_implication.go,PathValuePresenceImplication.TriggerPresence,method,analysis/engine/factflow,,unclassified,,,
analysis/engine/factflow,path_value_presence_implication.go,PathValuePresenceImplication.TriggerValue,method,analysis/engine/factflow,,unclassified,,,
analysis/engine/factflow,path_value_presence_implication.go,PathValuePresenceImplicationSet,type,analysis/engine/factflow,,unclassified,,,
analysis/engine/factflow,path_value_presence_implication.go,PathValuePresenceImplicationSet.Implications,method,analysis/engine/factflow,,unclassified,,,
analysis/engine/factflow,postcondition.go,NewPostconditionPathEquality,func,analysis/engine/factflow,,unclassified,,,
analysis/engine/factflow,postcondition.go,NewPostconditionRefinement,func,analysis/engine/factflow,,unclassified,,,
analysis/engine/factflow,postcondition.go,NewPostconditionRefinementSet,func,analysis/engine/factflow,,unclassified,,,
analysis/engine/factflow,postcondition.go,PostconditionPathRelation,type,analysis/engine/factflow,,unclassified,,,
analysis/engine/factflow,postcondition.go,PostconditionPathRelation.Kind,method,analysis/engine/factflow,,unclassified,,,
analysis/engine/factflow,postcondition.go,PostconditionPathRelation.LeftPath,method,analysis/engine/factflow,,unclassified,,,
analysis/engine/factflow,postcondition.go,PostconditionPathRelation.RightPath,method,analysis/engine/factflow,,unclassified,,,
analysis/engine/factflow,postcondition.go,PostconditionPathRelationEqual,const,analysis/engine/factflow,,unclassified,,,
analysis/engine/factflow,postcondition.go,PostconditionPathRelationKind,type,analysis/engine/factflow,,unclassified,,,
analysis/engine/factflow,postcondition.go,PostconditionRefinement,type,analysis/engine/factflow,,unclassified,,,
analysis/engine/factflow,postcondition.go,PostconditionRefinement.TargetPath,method,analysis/engine/factflow,,unclassified,,,
analysis/engine/factflow,postcondition.go,PostconditionRefinement.TargetPathRef,method,analysis/engine/factflow,,unclassified,,,
analysis/engine/factflow,postcondition.go,PostconditionRefinement.Value,method,analysis/engine/factflow,,unclassified,,,
analysis/engine/factflow,postcondition.go,PostconditionRefinementSet,type,analysis/engine/factflow,,unclassified,,,
analysis/engine/factflow,postcondition.go,PostconditionRefinementSet.Refinements,method,analysis/engine/factflow,,unclassified,,,
analysis/engine/factflow,refs.go,ExprRef,type,analysis/engine/factflow,,unclassified,,,
analysis/engine/factflow,refs.go,TypeRef,type,analysis/engine/factflow,,unclassified,,,
analysis/engine/factflow,return.go,NewReturn,func,analysis/engine/factflow,,unclassified,,,
analysis/engine/factflow,return.go,Return,type,analysis/engine/factflow,,unclassified,,,
analysis/engine/factflow,return.go,Return.Sources,method,analysis/engine/factflow,,unclassified,,,
analysis/engine/factflow,return_presence_relation.go,NewReturnPresenceRelation,func,analysis/engine/factflow,,unclassified,,,
analysis/engine/factflow,return_presence_relation.go,NewReturnPresenceRelationSet,func,analysis/engine/factflow,,unclassified,,,
analysis/engine/factflow,return_presence_relation.go,ReturnPresenceRelation,type,analysis/engine/factflow,,unclassified,,,
analysis/engine/factflow,return_presence_relation.go,ReturnPresenceRelation.TargetIndex,method,analysis/engine/factflow,,unclassified,,,
analysis/engine/factflow,return_presence_relation.go,ReturnPresenceRelation.TargetPresence,method,analysis/engine/factflow,,unclassified,,,
analysis/engine/factflow,return_presence_relation.go,ReturnPresenceRelation.TriggerIndex,method,analysis/engine/factflow,,unclassified,,,
analysis/engine/factflow,return_presence_relation.go,ReturnPresenceRelation.TriggerPresence,method,analysis/engine/factflow,,unclassified,,,
analysis/engine/factflow,return_presence_relation.go,ReturnPresenceRelationSet,type,analysis/engine/factflow,,unclassified,,,
analysis/engine/factflow,return_presence_relation.go,ReturnPresenceRelationSet.Relations,method,analysis/engine/factflow,,unclassified,,,
analysis/engine/factflow,source_span.go,SourceSpan,type,analysis/engine/factflow,,unclassified,,,
analysis/engine/factflow,static_member.go,NewPathStaticMemberWrite,func,analysis/engine/factflow,,unclassified,,,
analysis/engine/factflow,static_member.go,PathStaticMemberWrite,type,analysis/engine/factflow,,unclassified,,,
analysis/engine/factflow,static_member.go,PathStaticMemberWrite.Source,method,analysis/engine/factflow,,unclassified,,,
analysis/engine/factflow,static_member.go,PathStaticMemberWrite.TargetPath,method,analysis/engine/factflow,,unclassified,,,
analysis/engine/factflow,static_member.go,PathStaticMemberWrite.TargetPathRef,method,analysis/engine/factflow,,unclassified,,,
analysis/engine/factflow,structural_expression_region.go,NewStructuralExpressionRegion,func,analysis/engine/factflow,,unclassified,,,
analysis/engine/factflow,structural_expression_region.go,StructuralExpressionRegion,type,analysis/engine/factflow,,unclassified,,,
analysis/engine/factflow,structural_expression_region.go,StructuralExpressionRegion.Branch,method,analysis/engine/factflow,,unclassified,,,
analysis/engine/factflow,structural_expression_region.go,StructuralExpressionRegion.FalseTarget,method,analysis/engine/factflow,,unclassified,,,
analysis/engine/factflow,structural_expression_region.go,StructuralExpressionRegion.Join,method,analysis/engine/factflow,,unclassified,,,
analysis/engine/factflow,structural_expression_region.go,StructuralExpressionRegion.OwnedRHSPoints,method,analysis/engine/factflow,,unclassified,,,
analysis/engine/factflow,structural_expression_region.go,StructuralExpressionRegion.RHSOnTrue,method,analysis/engine/factflow,,unclassified,,,
analysis/engine/factflow,structural_expression_region.go,StructuralExpressionRegion.TrueTarget,method,analysis/engine/factflow,,unclassified,,,
analysis/engine/factflow,value_source.go,NewBoolLiteralValueSource,func,analysis/engine/factflow,,unclassified,,,
analysis/engine/factflow,value_source.go,NewCallValueSource,func,analysis/engine/factflow,,unclassified,,,
analysis/engine/factflow,value_source.go,NewExpressionValueSource,func,analysis/engine/factflow,,unclassified,,,
analysis/engine/factflow,value_source.go,NewIntegerLiteralValueSource,func,analysis/engine/factflow,,unclassified,,,
analysis/engine/factflow,value_source.go,NewNilValueSource,func,analysis/engine/factflow,,unclassified,,,
analysis/engine/factflow,value_source.go,NewNumberLiteralValueSource,func,analysis/engine/factflow,,unclassified,,,
analysis/engine/factflow,value_source.go,NewPathValueSource,func,analysis/engine/factflow,,unclassified,,,
analysis/engine/factflow,value_source.go,NewStringLiteralValueSource,func,analysis/engine/factflow,,unclassified,,,
analysis/engine/factflow,value_source.go,NewUnknownValueSource,func,analysis/engine/factflow,,unclassified,,,
analysis/engine/factflow,value_source.go,NewValueSourceShape,func,analysis/engine/factflow,,unclassified,,,
analysis/engine/factflow,value_source.go,NewVarargValueSource,func,analysis/engine/factflow,,unclassified,,,
analysis/engine/factflow,value_source.go,NoValueSourceIndex,const,analysis/engine/factflow,,unclassified,,,
analysis/engine/factflow,value_source.go,ValueSource,type,analysis/engine/factflow,,unclassified,,,
analysis/engine/factflow,value_source.go,ValueSource.Valid,method,analysis/engine/factflow,,unclassified,,,
analysis/engine/factflow,value_source.go,ValueSource.WithSourcePoint,method,analysis/engine/factflow,,unclassified,,,
analysis/engine/factflow,value_source.go,ValueSourceCall,const,analysis/engine/factflow,,unclassified,,,
analysis/engine/factflow,value_source.go,ValueSourceExpression,const,analysis/engine/factflow,,unclassified,,,
analysis/engine/factflow,value_source.go,ValueSourceKind,type,analysis/engine/factflow,,unclassified,,,
analysis/engine/factflow,value_source.go,ValueSourceLiteral,const,analysis/engine/factflow,,unclassified,,,
analysis/engine/factflow,value_source.go,ValueSourceLiteralBool,const,analysis/engine/factflow,,unclassified,,,
analysis/engine/factflow,value_source.go,ValueSourceLiteralInteger,const,analysis/engine/factflow,,unclassified,,,
analysis/engine/factflow,value_source.go,ValueSourceLiteralInvalid,const,analysis/engine/factflow,,unclassified,,,
analysis/engine/factflow,value_source.go,ValueSourceLiteralKind,type,analysis/engine/factflow,,unclassified,,,
analysis/engine/factflow,value_source.go,ValueSourceLiteralNumber,const,analysis/engine/factflow,,unclassified,,,
analysis/engine/factflow,value_source.go,ValueSourceLiteralString,const,analysis/engine/factflow,,unclassified,,,
analysis/engine/factflow,value_source.go,ValueSourceNil,const,analysis/engine/factflow,,unclassified,,,
analysis/engine/factflow,value_source.go,ValueSourcePath,const,analysis/engine/factflow,,unclassified,,,
analysis/engine/factflow,value_source.go,ValueSourceShape,type,analysis/engine/factflow,,unclassified,,,
analysis/engine/factflow,value_source.go,ValueSourceShape.Valid,method,analysis/engine/factflow,,unclassified,,,
analysis/engine/factflow,value_source.go,ValueSourceUnknown,const,analysis/engine/factflow,,unclassified,,,
analysis/engine/factflow,value_source.go,ValueSourceVararg,const,analysis/engine/factflow,,unclassified,,,
analysis/engine/factflow,value_source_resolver.go,ValueSourceResolver,type,analysis/engine/factflow,,unclassified,,,
analysis/engine/factflow,value_source_resolver.go,ValueSourceResolverFunc,type,analysis/engine/factflow,,unclassified,,,
analysis/engine/factflow,value_source_resolver.go,ValueSourceResolverFunc.ResolveValueSource,method,analysis/engine/factflow,,unclassified,,,
analysis/engine/factquery,ordinary_root_write.go,DominatingOrdinaryRootWriteQuery,type,analysis/engine/factquery,,unclassified,,,
analysis/engine/factquery,ordinary_root_write.go,DominatingOrdinaryRootWriteQuery.DominatingOrdinaryRootWrite,method,analysis/engine/factquery,,unclassified,,,
analysis/engine/factquery,ordinary_root_write.go,NewDominatingOrdinaryRootWriteQuery,func,analysis/engine/factquery,,unclassified,,,
analysis/engine/factquery,ordinary_root_write.go,OrdinaryRootWriteLookup,type,analysis/engine/factquery,,unclassified,,,
analysis/engine/factquery,root_declaration.go,DominatingOrdinaryRootWrite,func,analysis/engine/factquery,,unclassified,,,
analysis/engine/factquery,root_declaration.go,DominatingPathRootDeclarationSource,func,analysis/engine/factquery,,unclassified,,,
analysis/engine/factquery,root_declaration.go,DominatingRootDeclarationSource,func,analysis/engine/factquery,,unclassified,,,
analysis/engine/factquery,root_declaration.go,NewRootDeclarationQuery,func,analysis/engine/factquery,,unclassified,,,
analysis/engine/factquery,root_declaration.go,NewRootDeclarationQueryWithDominators,func,analysis/engine/factquery,,unclassified,,,
analysis/engine/factquery,root_declaration.go,RootDeclarationQuery,type,analysis/engine/factquery,,unclassified,,,
analysis/engine/factquery,root_declaration.go,RootDeclarationQuery.DominatingOrdinaryRootWrite,method,analysis/engine/factquery,,unclassified,,,
analysis/engine/factquery,root_declaration.go,RootDeclarationQuery.DominatingPathRootDeclarationSource,method,analysis/engine/factquery,,unclassified,,,
analysis/engine/factquery,root_declaration.go,RootDeclarationQuery.DominatingRootDeclarationSource,method,analysis/engine/factquery,,unclassified,,,
analysis/engine/factquery,root_declaration.go,RootDeclarationSource,type,analysis/engine/factquery,,unclassified,,,
analysis/engine/operationplan,boundary.go,Plan.BoundaryCaptureIndex,method,analysis/engine/operationplan,,unclassified,,,
analysis/engine/operationplan,boundary.go,Plan.BoundaryCaptures,method,analysis/engine/operationplan,,unclassified,,,
analysis/engine/operationplan,boundary.go,Plan.BoundaryCapturesValid,method,analysis/engine/operationplan,,unclassified,,,
analysis/engine/operationplan,boundary.go,Plan.BoundaryGlobals,method,analysis/engine/operationplan,,unclassified,,,
analysis/engine/operationplan,boundary.go,Plan.BoundaryGlobalsValid,method,analysis/engine/operationplan,,unclassified,,,
analysis/engine/operationplan,boundary.go,Plan.BoundaryParamContracts,method,analysis/engine/operationplan,,unclassified,,,
analysis/engine/operationplan,boundary.go,Plan.BoundaryParamIndex,method,analysis/engine/operationplan,,unclassified,,,
analysis/engine/operationplan,boundary.go,Plan.BoundaryParams,method,analysis/engine/operationplan,,unclassified,,,
analysis/engine/operationplan,boundary.go,Plan.BoundaryParamsValid,method,analysis/engine/operationplan,,unclassified,,,
analysis/engine/operationplan,boundary.go,Plan.BoundaryReturns,method,analysis/engine/operationplan,,unclassified,,,
analysis/engine/operationplan,boundary.go,Plan.WithBoundaryCaptures,method,analysis/engine/operationplan,,unclassified,,,
analysis/engine/operationplan,boundary.go,Plan.WithBoundaryGlobals,method,analysis/engine/operationplan,,unclassified,,,
analysis/engine/operationplan,boundary.go,Plan.WithBoundaryParamContracts,method,analysis/engine/operationplan,,unclassified,,,
analysis/engine/operationplan,boundary.go,Plan.WithBoundaryParams,method,analysis/engine/operationplan,,unclassified,,,
analysis/engine/operationplan,boundary.go,Plan.WithBoundaryReturns,method,analysis/engine/operationplan,,unclassified,,,
analysis/engine/operationplan,call_surface.go,CallSurface,type,analysis/engine/operationplan,,unclassified,,,
analysis/engine/operationplan,call_surface.go,CallSurface.Complete,method,analysis/engine/operationplan,,unclassified,,,
analysis/engine/operationplan,call_surface.go,CallSurface.Digest,method,analysis/engine/operationplan,,unclassified,,,
analysis/engine/operationplan,call_surface.go,CallSurface.Owner,method,analysis/engine/operationplan,,unclassified,,,
analysis/engine/operationplan,call_surface.go,CallSurface.PointCount,method,analysis/engine/operationplan,,unclassified,,,
analysis/engine/operationplan,call_surface.go,CallSurface.Site,method,analysis/engine/operationplan,,unclassified,,,
analysis/engine/operationplan,call_surface.go,CallSurface.Sites,method,analysis/engine/operationplan,,unclassified,,,
analysis/engine/operationplan,call_surface.go,CallSurfaceDigest,type,analysis/engine/operationplan,,unclassified,,,
analysis/engine/operationplan,call_surface.go,CallSurfaceDigest.Available,method,analysis/engine/operationplan,,unclassified,,,
analysis/engine/operationplan,call_surface.go,CallSurfaceSite,type,analysis/engine/operationplan,,unclassified,,,
analysis/engine/operationplan,call_surface.go,CallSurfaceTarget,type,analysis/engine/operationplan,,unclassified,,,
analysis/engine/operationplan,call_surface.go,CallSurfaceTarget.ExternalContentID,method,analysis/engine/operationplan,,unclassified,,,
analysis/engine/operationplan,call_surface.go,CallSurfaceTarget.ExternalOperation,method,analysis/engine/operationplan,,unclassified,,,
analysis/engine/operationplan,call_surface.go,CallSurfaceTarget.Kind,method,analysis/engine/operationplan,,unclassified,,,
analysis/engine/operationplan,call_surface.go,CallSurfaceTarget.LexicalBody,method,analysis/engine/operationplan,,unclassified,,,
analysis/engine/operationplan,call_surface.go,CallSurfaceTarget.MatchesExternalOperation,method,analysis/engine/operationplan,analysis/engine/operationplan,retained-lexical,lexical:call-surface,go-lua.operationplan.call-surface/v2,fixture:call-surface
analysis/engine/operationplan,call_surface.go,CallSurfaceTargetExternal,const,analysis/engine/operationplan,,unclassified,,,
analysis/engine/operationplan,call_surface.go,CallSurfaceTargetKind,type,analysis/engine/operationplan,,unclassified,,,
analysis/engine/operationplan,call_surface.go,CallSurfaceTargetLexical,const,analysis/engine/operationplan,,unclassified,,,
analysis/engine/operationplan,call_surface.go,CallSurfaceTargetRejected,const,analysis/engine/operationplan,,unclassified,,,
analysis/engine/operationplan,call_surface.go,NewExternalCallSurfaceTarget,func,analysis/engine/operationplan,,unclassified,,,
analysis/engine/operationplan,call_surface.go,NewLexicalCallSurfaceTarget,func,analysis/engine/operationplan,,unclassified,,,
analysis/engine/operationplan,call_surface.go,Plan.CallSurface,method,analysis/engine/operationplan,analysis/engine/operationplan,retained-lexical,lexical:call-surface,go-lua.operationplan.call-surface/v2,fixture:call-surface
analysis/engine/operationplan,call_surface.go,Plan.WithCallSurface,method,analysis/engine/operationplan,analysis/engine/operationplan,retained-lexical,lexical:call-surface,go-lua.operationplan.call-surface/v2,fixture:call-surface
analysis/engine/operationplan,call_surface.go,RejectedCallSurfaceTarget,func,analysis/engine/operationplan,,unclassified,,,
analysis/engine/operationplan,call_surface.go,RejectedMethodCallSurfaceTarget,func,analysis/engine/operationplan,analysis/engine/operationplan,retained-lexical,lexical:call-surface,go-lua.operationplan.call-surface/v2,fixture:call-surface
analysis/engine/operationplan,call_surface.go,RejectedPathCallSurfaceTarget,func,analysis/engine/operationplan,analysis/engine/operationplan,retained-lexical,lexical:call-surface,go-lua.operationplan.call-surface/v2,fixture:call-surface
analysis/engine/operationplan,call_surface.go,RejectedTemporaryCallSurfaceTarget,func,analysis/engine/operationplan,analysis/engine/operationplan,retained-lexical,lexical:call-surface,go-lua.operationplan.call-surface/v2,fixture:call-surface
analysis/engine/operationplan,call_surface.go,SealCallSurface,func,analysis/engine/operationplan,,unclassified,,,
analysis/engine/operationplan,execution_work.go,Plan.PointWork,method,analysis/engine/operationplan,,unclassified,,,
analysis/engine/operationplan,extension.go,BodyGenericFor,const,analysis/engine/operationplan,,unclassified,,,
analysis/engine/operationplan,extension.go,ExtensionCell,type,analysis/engine/operationplan,,unclassified,,,
analysis/engine/operationplan,extension.go,ExtensionCell.GenericFor,method,analysis/engine/operationplan,,unclassified,,,
analysis/engine/operationplan,extension.go,ExtensionCell.Kind,method,analysis/engine/operationplan,,unclassified,,,
analysis/engine/operationplan,extension.go,ExtensionCell.Metadata,method,analysis/engine/operationplan,,unclassified,,,
analysis/engine/operationplan,extension.go,ExtensionCursor,type,analysis/engine/operationplan,,unclassified,,,
analysis/engine/operationplan,extension.go,ExtensionCursor.Next,method,analysis/engine/operationplan,,unclassified,,,
analysis/engine/operationplan,extension.go,ExtensionInput,type,analysis/engine/operationplan,,unclassified,,,
analysis/engine/operationplan,extension.go,ExtensionKind,type,analysis/engine/operationplan,,unclassified,,,
analysis/engine/operationplan,extension.go,ExtensionKinds,func,analysis/engine/operationplan,,unclassified,,,
analysis/engine/operationplan,extension.go,Plan.ExtensionCursor,method,analysis/engine/operationplan,,unclassified,,,
analysis/engine/operationplan,extension.go,Plan.GenericForOperation,method,analysis/engine/operationplan,,unclassified,,,
analysis/engine/operationplan,extension.go,Plan.HasExtensions,method,analysis/engine/operationplan,,unclassified,,,
analysis/engine/operationplan,extension.go,Plan.WithExtensions,method,analysis/engine/operationplan,,unclassified,,,
analysis/engine/operationplan,generic_for.go,GenericForOperation,type,analysis/engine/operationplan,,unclassified,,,
analysis/engine/operationplan,generic_for.go,GenericForOperation.FirstTarget,method,analysis/engine/operationplan,,unclassified,,,
analysis/engine/operationplan,generic_for.go,GenericForOperation.Iterator,method,analysis/engine/operationplan,,unclassified,,,
analysis/engine/operationplan,generic_for.go,GenericForOperation.Source,method,analysis/engine/operationplan,,unclassified,,,
analysis/engine/operationplan,generic_for.go,GenericForOperation.SourceContract,method,analysis/engine/operationplan,,unclassified,,,
analysis/engine/operationplan,generic_for.go,GenericForOperation.Target,method,analysis/engine/operationplan,,unclassified,,,
analysis/engine/operationplan,generic_for.go,GenericForOperation.VariableIndex,method,analysis/engine/operationplan,,unclassified,,,
analysis/engine/operationplan,generic_for.go,GenericForOperation.WithIterator,method,analysis/engine/operationplan,,unclassified,,,
analysis/engine/operationplan,generic_for.go,GenericForSource,type,analysis/engine/operationplan,,unclassified,,,
analysis/engine/operationplan,generic_for.go,GenericForSourceCall,const,analysis/engine/operationplan,,unclassified,,,
analysis/engine/operationplan,generic_for.go,GenericForSourceExpression,const,analysis/engine/operationplan,,unclassified,,,
analysis/engine/operationplan,generic_for.go,GenericForSourceKind,type,analysis/engine/operationplan,,unclassified,,,
analysis/engine/operationplan,generic_for.go,GenericForSourceUnknown,const,analysis/engine/operationplan,,unclassified,,,
analysis/engine/operationplan,generic_for.go,NewGenericForOperation,func,analysis/engine/operationplan,,unclassified,,,
analysis/engine/operationplan,observation_identity.go,Plan.AssignmentObservationAnchor,method,analysis/engine/operationplan,,unclassified,,,
analysis/engine/operationplan,observation_identity.go,Plan.CallArgumentObservationAnchor,method,analysis/engine/operationplan,,unclassified,,,
analysis/engine/operationplan,observation_identity.go,Plan.CallInvocationObservationAnchor,method,analysis/engine/operationplan,,unclassified,,,
analysis/engine/operationplan,observation_identity.go,Plan.CallResultObservationAnchor,method,analysis/engine/operationplan,,unclassified,,,
analysis/engine/operationplan,observation_identity.go,Plan.ObservationBody,method,analysis/engine/operationplan,,unclassified,,,
analysis/engine/operationplan,observation_identity.go,Plan.WithObservationIdentity,method,analysis/engine/operationplan,,unclassified,,,
analysis/engine/operationplan,observation_requirements.go,ObservationConsumerInventoryID,type,analysis/engine/operationplan,analysis/engine/operationplan,observation-compiler,observation:consumer-requirements,go-lua.observation-projection-schema/v1+consumer-inventory/v3,fixture:observation-requirements
analysis/engine/operationplan,observation_requirements.go,ObservationRequirement,type,analysis/engine/operationplan,analysis/engine/operationplan,observation-compiler,observation:consumer-requirements,go-lua.observation-projection-schema/v1+consumer-inventory/v3,fixture:observation-requirements
analysis/engine/operationplan,observation_requirements.go,ObservationRequirement.Anchor,method,analysis/engine/operationplan,analysis/engine/operationplan,observation-compiler,observation:consumer-requirements,go-lua.observation-projection-schema/v1+consumer-inventory/v3,fixture:observation-requirements
analysis/engine/operationplan,observation_requirements.go,ObservationRequirement.EdgeTarget,method,analysis/engine/operationplan,analysis/engine/operationplan,observation-compiler,observation:consumer-requirements,go-lua.observation-projection-schema/v1+consumer-inventory/v3,fixture:observation-requirements
analysis/engine/operationplan,observation_requirements.go,ObservationRequirement.FactKind,method,analysis/engine/operationplan,analysis/engine/operationplan,observation-compiler,observation:consumer-requirements,go-lua.observation-projection-schema/v1+consumer-inventory/v3,fixture:observation-requirements
analysis/engine/operationplan,observation_requirements.go,ObservationRequirement.ObservationKind,method,analysis/engine/operationplan,analysis/engine/operationplan,observation-compiler,observation:consumer-requirements,go-lua.observation-projection-schema/v1+consumer-inventory/v3,fixture:observation-requirements
analysis/engine/operationplan,observation_requirements.go,ObservationRequirement.Point,method,analysis/engine/operationplan,analysis/engine/operationplan,observation-compiler,observation:consumer-requirements,go-lua.observation-projection-schema/v1+consumer-inventory/v3,fixture:observation-requirements
analysis/engine/operationplan,observation_requirements.go,ObservationRequirement.Projection,method,analysis/engine/operationplan,analysis/engine/operationplan,observation-compiler,observation:consumer-requirements,go-lua.observation-projection-schema/v1+consumer-inventory/v3,fixture:observation-requirements
analysis/engine/operationplan,observation_requirements.go,ObservationRequirement.RequiresCallOutcome,method,analysis/engine/operationplan,analysis/engine/operationplan,observation-compiler,observation:consumer-requirements,go-lua.observation-projection-schema/v1+consumer-inventory/v3,fixture:observation-requirements
analysis/engine/operationplan,observation_requirements.go,ObservationRequirement.Stage,method,analysis/engine/operationplan,analysis/engine/operationplan,observation-compiler,observation:consumer-requirements,go-lua.observation-projection-schema/v1+consumer-inventory/v3,fixture:observation-requirements
analysis/engine/operationplan,observation_requirements.go,ObservationRequirementCursor,type,analysis/engine/operationplan,analysis/engine/operationplan,observation-compiler,observation:consumer-requirements,go-lua.observation-projection-schema/v1+consumer-inventory/v3,fixture:observation-requirements
analysis/engine/operationplan,observation_requirements.go,ObservationRequirementCursor.Next,method,analysis/engine/operationplan,analysis/engine/operationplan,observation-compiler,observation:consumer-requirements,go-lua.observation-projection-schema/v1+consumer-inventory/v3,fixture:observation-requirements
analysis/engine/operationplan,observation_requirements.go,ObservationRequirements,type,analysis/engine/operationplan,analysis/engine/operationplan,observation-compiler,observation:consumer-requirements,go-lua.observation-projection-schema/v1+consumer-inventory/v3,fixture:observation-requirements
analysis/engine/operationplan,observation_requirements.go,ObservationRequirements.ConsumerInventoryID,method,analysis/engine/operationplan,analysis/engine/operationplan,observation-compiler,observation:consumer-requirements,go-lua.observation-projection-schema/v1+consumer-inventory/v3,fixture:observation-requirements
analysis/engine/operationplan,observation_requirements.go,ObservationRequirements.Cursor,method,analysis/engine/operationplan,analysis/engine/operationplan,observation-compiler,observation:consumer-requirements,go-lua.observation-projection-schema/v1+consumer-inventory/v3,fixture:observation-requirements
analysis/engine/operationplan,observation_requirements.go,ObservationRequirements.Entries,method,analysis/engine/operationplan,analysis/engine/operationplan,observation-compiler,observation:consumer-requirements,go-lua.observation-projection-schema/v1+consumer-inventory/v3,fixture:observation-requirements
analysis/engine/operationplan,observation_requirements.go,ObservationRequirements.SchemaID,method,analysis/engine/operationplan,analysis/engine/operationplan,observation-compiler,observation:consumer-requirements,go-lua.observation-projection-schema/v1+consumer-inventory/v3,fixture:observation-requirements
analysis/engine/operationplan,observation_requirements.go,ObservationRequirements.Sealed,method,analysis/engine/operationplan,analysis/engine/operationplan,observation-compiler,observation:consumer-requirements,go-lua.observation-projection-schema/v1+consumer-inventory/v3,fixture:observation-requirements
analysis/engine/operationplan,observation_requirements.go,ObservationSchemaID,type,analysis/engine/operationplan,analysis/engine/operationplan,observation-compiler,observation:consumer-requirements,go-lua.observation-projection-schema/v1+consumer-inventory/v3,fixture:observation-requirements
analysis/engine/operationplan,observation_requirements.go,Plan.ObservationRequirements,method,analysis/engine/operationplan,analysis/engine/operationplan,observation-compiler,observation:consumer-requirements,go-lua.observation-projection-schema/v1+consumer-inventory/v3,fixture:observation-requirements
analysis/engine/operationplan,observation_requirements.go,ProjectionEdgeNormal,const,analysis/engine/operationplan,analysis/engine/operationplan,observation-compiler,observation:consumer-requirements,go-lua.observation-projection-schema/v1+consumer-inventory/v3,fixture:observation-requirements
analysis/engine/operationplan,observation_requirements.go,ProjectionID,type,analysis/engine/operationplan,analysis/engine/operationplan,observation-compiler,observation:consumer-requirements,go-lua.observation-projection-schema/v1+consumer-inventory/v3,fixture:observation-requirements
analysis/engine/operationplan,observation_requirements.go,ProjectionObservationAssignment,const,analysis/engine/operationplan,analysis/engine/operationplan,observation-compiler,observation:consumer-requirements,go-lua.observation-projection-schema/v1+consumer-inventory/v3,fixture:observation-requirements
analysis/engine/operationplan,observation_requirements.go,ProjectionObservationCallArgument,const,analysis/engine/operationplan,analysis/engine/operationplan,observation-compiler,observation:consumer-requirements,go-lua.observation-projection-schema/v1+consumer-inventory/v3,fixture:observation-requirements
analysis/engine/operationplan,observation_requirements.go,ProjectionObservationCallInvocation,const,analysis/engine/operationplan,analysis/engine/operationplan,observation-compiler,observation:consumer-requirements,go-lua.observation-projection-schema/v1+consumer-inventory/v3,fixture:observation-requirements
analysis/engine/operationplan,observation_requirements.go,ProjectionObservationCallResult,const,analysis/engine/operationplan,analysis/engine/operationplan,observation-compiler,observation:consumer-requirements,go-lua.observation-projection-schema/v1+consumer-inventory/v3,fixture:observation-requirements
analysis/engine/operationplan,observation_requirements.go,ProjectionPointReachable,const,analysis/engine/operationplan,analysis/engine/operationplan,observation-compiler,observation:consumer-requirements,go-lua.observation-projection-schema/v1+consumer-inventory/v3,fixture:observation-requirements
analysis/engine/operationplan,observation_requirements.go,RequirementBoundary,const,analysis/engine/operationplan,analysis/engine/operationplan,observation-compiler,observation:consumer-requirements,go-lua.observation-projection-schema/v1+consumer-inventory/v3,fixture:observation-requirements
analysis/engine/operationplan,observation_requirements.go,RequirementEdge,const,analysis/engine/operationplan,analysis/engine/operationplan,observation-compiler,observation:consumer-requirements,go-lua.observation-projection-schema/v1+consumer-inventory/v3,fixture:observation-requirements
analysis/engine/operationplan,observation_requirements.go,RequirementObservation,const,analysis/engine/operationplan,analysis/engine/operationplan,observation-compiler,observation:consumer-requirements,go-lua.observation-projection-schema/v1+consumer-inventory/v3,fixture:observation-requirements
analysis/engine/operationplan,observation_requirements.go,RequirementPoint,const,analysis/engine/operationplan,analysis/engine/operationplan,observation-compiler,observation:consumer-requirements,go-lua.observation-projection-schema/v1+consumer-inventory/v3,fixture:observation-requirements
analysis/engine/operationplan,observation_requirements.go,RequirementRoute,const,analysis/engine/operationplan,analysis/engine/operationplan,observation-compiler,observation:consumer-requirements,go-lua.observation-projection-schema/v1+consumer-inventory/v3,fixture:observation-requirements
analysis/engine/operationplan,observation_requirements.go,RequirementStage,type,analysis/engine/operationplan,analysis/engine/operationplan,observation-compiler,observation:consumer-requirements,go-lua.observation-projection-schema/v1+consumer-inventory/v3,fixture:observation-requirements
analysis/engine/operationplan,plan.go,Barrier,type,analysis/engine/operationplan,,unclassified,,,
analysis/engine/operationplan,plan.go,BarrierSet,type,analysis/engine/operationplan,,unclassified,,,
analysis/engine/operationplan,plan.go,BarrierSet.Has,method,analysis/engine/operationplan,,unclassified,,,
analysis/engine/operationplan,plan.go,BranchConditionSource,const,analysis/engine/operationplan,,unclassified,,,
analysis/engine/operationplan,plan.go,BranchEdgeReachability,const,analysis/engine/operationplan,,unclassified,,,
analysis/engine/operationplan,plan.go,BranchPathEvidence,const,analysis/engine/operationplan,,unclassified,,,
analysis/engine/operationplan,plan.go,BranchPathRelation,const,analysis/engine/operationplan,,unclassified,,,
analysis/engine/operationplan,plan.go,BranchPresenceRelation,const,analysis/engine/operationplan,,unclassified,,,
analysis/engine/operationplan,plan.go,BranchRefinement,const,analysis/engine/operationplan,,unclassified,,,
analysis/engine/operationplan,plan.go,BranchSufficientLiteralCase,const,analysis/engine/operationplan,,unclassified,,,
analysis/engine/operationplan,plan.go,CallResultValue,const,analysis/engine/operationplan,,unclassified,,,
analysis/engine/operationplan,plan.go,CallSite,const,analysis/engine/operationplan,,unclassified,,,
analysis/engine/operationplan,plan.go,Cell,type,analysis/engine/operationplan,,unclassified,,,
analysis/engine/operationplan,plan.go,Cell.Barrier,method,analysis/engine/operationplan,,unclassified,,,
analysis/engine/operationplan,plan.go,Cell.Class,method,analysis/engine/operationplan,,unclassified,,,
analysis/engine/operationplan,plan.go,Cell.Kind,method,analysis/engine/operationplan,,unclassified,,,
analysis/engine/operationplan,plan.go,Cell.Owners,method,analysis/engine/operationplan,,unclassified,,,
analysis/engine/operationplan,plan.go,Cell.Phase,method,analysis/engine/operationplan,,unclassified,,,
analysis/engine/operationplan,plan.go,Cell.Stages,method,analysis/engine/operationplan,,unclassified,,,
analysis/engine/operationplan,plan.go,ChannelSelect,const,analysis/engine/operationplan,,unclassified,,,
analysis/engine/operationplan,plan.go,Class,type,analysis/engine/operationplan,,unclassified,,,
analysis/engine/operationplan,plan.go,Classification,func,analysis/engine/operationplan,,unclassified,,,
analysis/engine/operationplan,plan.go,Composite,const,analysis/engine/operationplan,,unclassified,,,
analysis/engine/operationplan,plan.go,CompositeSidecar,const,analysis/engine/operationplan,,unclassified,,,
analysis/engine/operationplan,plan.go,CovariantExposure,const,analysis/engine/operationplan,,unclassified,,,
analysis/engine/operationplan,plan.go,Cursor,type,analysis/engine/operationplan,,unclassified,,,
analysis/engine/operationplan,plan.go,Cursor.Next,method,analysis/engine/operationplan,,unclassified,,,
analysis/engine/operationplan,plan.go,Dependency,const,analysis/engine/operationplan,,unclassified,,,
analysis/engine/operationplan,plan.go,DependencyCursor,type,analysis/engine/operationplan,,unclassified,,,
analysis/engine/operationplan,plan.go,DependencyCursor.Next,method,analysis/engine/operationplan,,unclassified,,,
analysis/engine/operationplan,plan.go,Describe,func,analysis/engine/operationplan,,unclassified,,,
analysis/engine/operationplan,plan.go,DynamicIndexExpression,const,analysis/engine/operationplan,,unclassified,,,
analysis/engine/operationplan,plan.go,DynamicIndexWrite,const,analysis/engine/operationplan,,unclassified,,,
analysis/engine/operationplan,plan.go,E0Reachability,const,analysis/engine/operationplan,,unclassified,,,
analysis/engine/operationplan,plan.go,E1Refinements,const,analysis/engine/operationplan,,unclassified,,,
analysis/engine/operationplan,plan.go,E2ImplicationClosure,const,analysis/engine/operationplan,,unclassified,,,
analysis/engine/operationplan,plan.go,E3Relations,const,analysis/engine/operationplan,,unclassified,,,
analysis/engine/operationplan,plan.go,E4Evidence,const,analysis/engine/operationplan,,unclassified,,,
analysis/engine/operationplan,plan.go,E5CallEffects,const,analysis/engine/operationplan,,unclassified,,,
analysis/engine/operationplan,plan.go,Edge,const,analysis/engine/operationplan,,unclassified,,,
analysis/engine/operationplan,plan.go,Executable,const,analysis/engine/operationplan,,unclassified,,,
analysis/engine/operationplan,plan.go,ExpressionCondition,const,analysis/engine/operationplan,,unclassified,,,
analysis/engine/operationplan,plan.go,ExpressionFunction,const,analysis/engine/operationplan,,unclassified,,,
analysis/engine/operationplan,plan.go,ExpressionOperation,const,analysis/engine/operationplan,,unclassified,,,
analysis/engine/operationplan,plan.go,ExpressionPath,const,analysis/engine/operationplan,,unclassified,,,
analysis/engine/operationplan,plan.go,ExpressionRefinement,const,analysis/engine/operationplan,,unclassified,,,
analysis/engine/operationplan,plan.go,ExpressionValue,const,analysis/engine/operationplan,,unclassified,,,
analysis/engine/operationplan,plan.go,Kind,type,analysis/engine/operationplan,,unclassified,,,
analysis/engine/operationplan,plan.go,Kind.String,method,analysis/engine/operationplan,,unclassified,,,
analysis/engine/operationplan,plan.go,Kinds,func,analysis/engine/operationplan,,unclassified,,,
analysis/engine/operationplan,plan.go,Metadata,type,analysis/engine/operationplan,,unclassified,,,
analysis/engine/operationplan,plan.go,N0Materialize,const,analysis/engine/operationplan,,unclassified,,,
analysis/engine/operationplan,plan.go,N1NoReturn,const,analysis/engine/operationplan,,unclassified,,,
analysis/engine/operationplan,plan.go,N2ImplicationClosure,const,analysis/engine/operationplan,,unclassified,,,
analysis/engine/operationplan,plan.go,N3Postconditions,const,analysis/engine/operationplan,,unclassified,,,
analysis/engine/operationplan,plan.go,N4Writes,const,analysis/engine/operationplan,,unclassified,,,
analysis/engine/operationplan,plan.go,N5Return,const,analysis/engine/operationplan,,unclassified,,,
analysis/engine/operationplan,plan.go,N6CovariantFinalizer,const,analysis/engine/operationplan,,unclassified,,,
analysis/engine/operationplan,plan.go,N7BodySemantics,const,analysis/engine/operationplan,,unclassified,,,
analysis/engine/operationplan,plan.go,New,func,analysis/engine/operationplan,,unclassified,,,
analysis/engine/operationplan,plan.go,NewWithStructuralExpressionRegions,func,analysis/engine/operationplan,,unclassified,,,
analysis/engine/operationplan,plan.go,NoNormalReturn,const,analysis/engine/operationplan,,unclassified,,,
analysis/engine/operationplan,plan.go,Node,const,analysis/engine/operationplan,,unclassified,,,
analysis/engine/operationplan,plan.go,ObjectLiteral,const,analysis/engine/operationplan,,unclassified,,,
analysis/engine/operationplan,plan.go,OwnerSet,type,analysis/engine/operationplan,,unclassified,,,
analysis/engine/operationplan,plan.go,OwnerSet.Has,method,analysis/engine/operationplan,,unclassified,,,
analysis/engine/operationplan,plan.go,PathAssignment,const,analysis/engine/operationplan,,unclassified,,,
analysis/engine/operationplan,plan.go,PathDescendantInvalidation,const,analysis/engine/operationplan,,unclassified,,,
analysis/engine/operationplan,plan.go,PathStaticMemberWrite,const,analysis/engine/operationplan,,unclassified,,,
analysis/engine/operationplan,plan.go,PathValuePresenceImplication,const,analysis/engine/operationplan,,unclassified,,,
analysis/engine/operationplan,plan.go,Phase,type,analysis/engine/operationplan,,unclassified,,,
analysis/engine/operationplan,plan.go,Plan,type,analysis/engine/operationplan,,unclassified,,,
analysis/engine/operationplan,plan.go,Plan.Cursor,method,analysis/engine/operationplan,,unclassified,,,
analysis/engine/operationplan,plan.go,Plan.DependencyCursor,method,analysis/engine/operationplan,,unclassified,,,
analysis/engine/operationplan,plan.go,Plan.Facts,method,analysis/engine/operationplan,,unclassified,,,
analysis/engine/operationplan,plan.go,Plan.ForEachStructuralExpressionRegion,method,analysis/engine/operationplan,,unclassified,,,
analysis/engine/operationplan,plan.go,Plan.PointCount,method,analysis/engine/operationplan,,unclassified,,,
analysis/engine/operationplan,plan.go,Plan.StructuralExpressionRegion,method,analysis/engine/operationplan,,unclassified,,,
analysis/engine/operationplan,plan.go,PostconditionPathRelation,const,analysis/engine/operationplan,,unclassified,,,
analysis/engine/operationplan,plan.go,PostconditionRefinement,const,analysis/engine/operationplan,,unclassified,,,
analysis/engine/operationplan,plan.go,Return,const,analysis/engine/operationplan,,unclassified,,,
analysis/engine/operationplan,plan.go,ReturnPresenceRelation,const,analysis/engine/operationplan,,unclassified,,,
analysis/engine/operationplan,plan.go,RootAssignment,const,analysis/engine/operationplan,,unclassified,,,
analysis/engine/operationplan,signature_allocation.go,NewSignatureAllocationOperation,func,analysis/engine/operationplan,,unclassified,,,
analysis/engine/operationplan,signature_allocation.go,Plan.SignatureAllocationOperation,method,analysis/engine/operationplan,,unclassified,,,
analysis/engine/operationplan,signature_allocation.go,Plan.WithSignatureAllocations,method,analysis/engine/operationplan,,unclassified,,,
analysis/engine/operationplan,signature_allocation.go,SignatureAllocationOperation,type,analysis/engine/operationplan,,unclassified,,,
analysis/engine/operationplan,signature_allocation.go,SignatureAllocationOperation.Site,method,analysis/engine/operationplan,,unclassified,,,
analysis/engine/operationplan,signature_allocation.go,SignatureAllocationOperation.Template,method,analysis/engine/operationplan,,unclassified,,,
analysis/engine/operationplan,signature_allocation.go,SignatureAllocationSite,type,analysis/engine/operationplan,,unclassified,,,
analysis/engine/operationplan,signature_call.go,NewSignatureCallOperation,func,analysis/engine/operationplan,,unclassified,,,
analysis/engine/operationplan,signature_call.go,NewSignatureCallOperationContext,func,analysis/engine/operationplan,,unclassified,,,
analysis/engine/operationplan,signature_call.go,NewSignatureIntrinsicCallOperation,func,analysis/engine/operationplan,,unclassified,,,
analysis/engine/operationplan,signature_call.go,NewSignatureIntrinsicCallOperationContext,func,analysis/engine/operationplan,,unclassified,,,
analysis/engine/operationplan,signature_call.go,SignatureCallOperation,type,analysis/engine/operationplan,,unclassified,,,
analysis/engine/operationplan,signature_call.go,SignatureCallOperation.AllocationContentID,method,analysis/engine/operationplan,,unclassified,,,
analysis/engine/operationplan,signature_call.go,SignatureCallOperation.ContentID,method,analysis/engine/operationplan,,unclassified,,,
analysis/engine/operationplan,signature_call.go,SignatureCallOperation.Intrinsic,method,analysis/engine/operationplan,,unclassified,,,
analysis/engine/operationplan,signature_call.go,SignatureCallOperation.Signature,method,analysis/engine/operationplan,,unclassified,,,
analysis/engine/operationplan,signature_call_plan.go,Plan.SignatureCallOperation,method,analysis/engine/operationplan,,unclassified,,,
analysis/engine/operationplan,signature_call_plan.go,Plan.WithSignatureCalls,method,analysis/engine/operationplan,,unclassified,,,
analysis/engine/solve,retained.go,ErrRetainedBudget,var,analysis/engine/solve,,unclassified,,,
analysis/engine/solve,retained.go,RetainedBudget,type,analysis/engine/solve,,unclassified,,,
analysis/engine/solve,retained.go,RetainedUsage,type,analysis/engine/solve,,unclassified,,,
analysis/engine/solve,retained_update.go,ErrRetainedReleased,var,analysis/engine/solve,,unclassified,,,
analysis/engine/solve,retained_update.go,ErrTransferPanic,var,analysis/engine/solve,,unclassified,,,
analysis/engine/solve,retained_update.go,ErrUpdateActive,var,analysis/engine/solve,,unclassified,,,
analysis/engine/solve,retained_update.go,ErrUpdateStale,var,analysis/engine/solve,,unclassified,,,
analysis/engine/solve,retained_update.go,ErrUpdateState,var,analysis/engine/solve,,unclassified,,,
analysis/engine/solve,retained_update.go,RetainedSystem.BeginUpdate,method,analysis/engine/solve,,unclassified,,,
analysis/engine/solve,retained_update.go,Transfer,type,analysis/engine/solve,,unclassified,,,
analysis/engine/solve,retained_update.go,TransferVersioned,type,analysis/engine/solve,,unclassified,,,
analysis/engine/solve,retained_update.go,Update,type,analysis/engine/solve,,unclassified,,,
analysis/engine/solve,retained_update.go,Update.Abort,method,analysis/engine/solve,,unclassified,,,
analysis/engine/solve,retained_update.go,Update.Commit,method,analysis/engine/solve,,unclassified,,,
analysis/engine/solve,retained_update.go,Update.Publish,method,analysis/engine/solve,,unclassified,,,
analysis/engine/solve,retained_update.go,Update.RequireFullFallback,method,analysis/engine/solve,,unclassified,,,
analysis/engine/solve,retained_update.go,Update.Run,method,analysis/engine/solve,,unclassified,,,
analysis/engine/solve,retained_update.go,Update.SetStats,method,analysis/engine/solve,,unclassified,,,
analysis/engine/solve,solver.go,EquationSystem,type,analysis/engine/solve,,unclassified,,,
analysis/engine/solve,solver.go,ErrCanceled,var,analysis/engine/solve,,unclassified,,,
analysis/engine/solve,solver.go,NewSession,func,analysis/engine/solve,,unclassified,,,
analysis/engine/solve,solver.go,Session,type,analysis/engine/solve,,unclassified,,,
analysis/engine/solve,solver.go,Session.Ascend,method,analysis/engine/solve,,unclassified,,,
analysis/engine/solve,solver.go,Session.CheckpointCells,method,analysis/engine/solve,,unclassified,,,
analysis/engine/solve,solver.go,Session.Publish,method,analysis/engine/solve,,unclassified,,,
analysis/engine/solve,solver.go,Session.ReplaceEvaluate,method,analysis/engine/solve,,unclassified,,,
analysis/engine/solve,solver.go,Session.ReplaceTransfer,method,analysis/engine/solve,,unclassified,,,
analysis/engine/solve,solver.go,Session.Resume,method,analysis/engine/solve,,unclassified,,,
analysis/engine/solve,solver.go,Solve,func,analysis/engine/solve,,unclassified,,,
analysis/engine/solve,solver.go,SolveContext,func,analysis/engine/solve,,unclassified,,,
analysis/engine/solve,solver.go,SolveContextWithVersions,func,analysis/engine/solve,,unclassified,,,
analysis/engine/solve,solver.go,SolveWithVersions,func,analysis/engine/solve,,unclassified,,,
analysis/engine/solve,solver.go,Stats,type,analysis/engine/solve,,unclassified,,,
analysis/engine/solve,wto.go,BuildRetainedWTO,func,analysis/engine/solve,,unclassified,,,
analysis/engine/solve,wto.go,ErrRetainedEvaluateUnsupported,var,analysis/engine/solve,,unclassified,,,
analysis/engine/solve,wto.go,ErrWTOInvalidFrozenPlan,var,analysis/engine/solve,,unclassified,,,
analysis/engine/solve,wto.go,ErrWTOPlanUncovered,var,analysis/engine/solve,,unclassified,,,
analysis/engine/solve,wto.go,FreezeWTOPlan,func,analysis/engine/solve,,unclassified,,,
analysis/engine/solve,wto.go,NewWTOPlan,func,analysis/engine/solve,,unclassified,,,
analysis/engine/solve,wto.go,RetainedSystem,type,analysis/engine/solve,,unclassified,,,
analysis/engine/solve,wto.go,RetainedSystem.CellCount,method,analysis/engine/solve,,unclassified,,,
analysis/engine/solve,wto.go,RetainedSystem.NextRevision,method,analysis/engine/solve,,unclassified,,,
analysis/engine/solve,wto.go,RetainedSystem.Release,method,analysis/engine/solve,,unclassified,,,
analysis/engine/solve,wto.go,RetainedSystem.Usage,method,analysis/engine/solve,,unclassified,,,
analysis/engine/solve,wto.go,RetainedSystem.Value,method,analysis/engine/solve,,unclassified,,,
analysis/engine/solve,wto.go,RetainedSystem.Version,method,analysis/engine/solve,,unclassified,,,
analysis/engine/solve,wto.go,RetainedSystem.VisitCount,method,analysis/engine/solve,,unclassified,,,
analysis/engine/solve,wto.go,RetainedSystem.WidenChangeCount,method,analysis/engine/solve,,unclassified,,,
analysis/engine/solve,wto.go,SolveWTO,func,analysis/engine/solve,,unclassified,,,
analysis/engine/solve,wto.go,SolveWTOContextWithVersions,func,analysis/engine/solve,,unclassified,,,
analysis/engine/solve,wto.go,SolveWTOWithVersions,func,analysis/engine/solve,,unclassified,,,
analysis/engine/solve,wto.go,WTOElement,type,analysis/engine/solve,,unclassified,,,
analysis/engine/solve,wto.go,WTOElement.IsComponent,method,analysis/engine/solve,,unclassified,,,
analysis/engine/solve,wto.go,WTOInfluence,type,analysis/engine/solve,,unclassified,,,
analysis/engine/solve,wto.go,WTOPlan,type,analysis/engine/solve,,unclassified,,,
analysis/engine/solve,wto.go,WTOPlan.CanonicalIndex,method,analysis/engine/solve,,unclassified,,,
analysis/engine/solve,wto.go,WTOPlan.ComponentCount,method,analysis/engine/solve,,unclassified,,,
analysis/engine/solve,wto.go,WTOPlan.CoversEmission,method,analysis/engine/solve,,unclassified,,,
analysis/engine/solve,wto.go,WTOPlan.CoversInfluence,method,analysis/engine/solve,,unclassified,,,
analysis/engine/solve,wto.go,WTOPlan.Elements,method,analysis/engine/solve,,unclassified,,,
analysis/engine/solve,wto.go,WTOPlan.Matches,method,analysis/engine/solve,,unclassified,,,
analysis/engine/solve/concreteflow,plan.go,Compile,func,analysis/engine/solve/concreteflow,,unclassified,,,
analysis/engine/solve/concreteflow,plan.go,Plan,type,analysis/engine/solve/concreteflow,,unclassified,,,
analysis/engine/solve/concreteflow,plan.go,Plan.HasEdgeWork,method,analysis/engine/solve/concreteflow,,unclassified,,,
analysis/engine/solve/concreteflow,plan.go,Plan.HasNodeWork,method,analysis/engine/solve/concreteflow,,unclassified,,,
analysis/engine/solve/concreteflow,run.go,Result,type,analysis/engine/solve/concreteflow,,unclassified,,,
analysis/engine/solve/concreteflow,run.go,Run,func,analysis/engine/solve/concreteflow,,unclassified,,,
analysis/engine/solve/concreteflow,run.go,RunConfig,type,analysis/engine/solve/concreteflow,,unclassified,,,
analysis/engine/sourceprojection,heap_object_type.go,HeapObjectContainerType,func,analysis/engine/sourceprojection,,unclassified,,,
analysis/engine/sourcevalue,dynamic_index_read.go,ReadBoundDynamicIndexValue,func,analysis/engine/sourcevalue,,unclassified,,,
analysis/engine/sourcevalue,dynamic_index_read.go,ReadBoundDynamicTableValue,func,analysis/engine/sourcevalue,,unclassified,,,
analysis/engine/sourcevalue,dynamic_index_read.go,StaticPathSegmentValue,func,analysis/engine/sourcevalue,,unclassified,,,
analysis/engine/sourcevalue,lua_type.go,LuaTypeNameValue,func,analysis/engine/sourcevalue,,unclassified,,,
analysis/engine/sourcevalue,path_read.go,ExactPathValue,func,analysis/engine/sourcevalue,,unclassified,,,
analysis/engine/sourcevalue,path_read.go,HeapMemberFromValue,func,analysis/engine/sourcevalue,,unclassified,,,
analysis/engine/sourcevalue,path_read.go,InheritTopOriginEvidence,func,analysis/engine/sourcevalue,,unclassified,,,
analysis/engine/sourcevalue,path_read.go,ReadPathValue,func,analysis/engine/sourcevalue,,unclassified,,,
analysis/engine/sourcevalue,path_read.go,RuntimeMayBeTable,func,analysis/engine/sourcevalue,,unclassified,,,
analysis/engine/sourcevalue,path_read.go,WithoutNilRuntimeKind,func,analysis/engine/sourcevalue,,unclassified,,,
analysis/engine/sourcevalue,source_floor.go,NumCeilForSource,func,analysis/engine/sourcevalue,,unclassified,,,
analysis/engine/sourcevalue,source_floor.go,NumFloorForSource,func,analysis/engine/sourcevalue,,unclassified,,,
analysis/engine/sourcevalue,source_values.go,ApplyExpressionRefinement,func,analysis/engine/sourcevalue,,unclassified,,,
analysis/engine/sourcevalue,source_values.go,BindSession,func,analysis/engine/sourcevalue,,unclassified,,,
analysis/engine/sourcevalue,source_values.go,ExpressionConditionStateRefiner,type,analysis/engine/sourcevalue,,unclassified,,,
analysis/engine/sourcevalue,source_values.go,ExpressionOperationEvaluator,type,analysis/engine/sourcevalue,,unclassified,,,
analysis/engine/sourcevalue,source_values.go,ExpressionRefinementReader,type,analysis/engine/sourcevalue,,unclassified,,,
analysis/engine/sourcevalue,source_values.go,ExpressionRefinements,type,analysis/engine/sourcevalue,,unclassified,,,
analysis/engine/sourcevalue,source_values.go,ExpressionRefinements.Bind,method,analysis/engine/sourcevalue,,unclassified,,,
analysis/engine/sourcevalue,source_values.go,ExpressionRefinements.Empty,method,analysis/engine/sourcevalue,,unclassified,,,
analysis/engine/sourcevalue,source_values.go,ExpressionRefinements.Lookup,method,analysis/engine/sourcevalue,,unclassified,,,
analysis/engine/sourcevalue,source_values.go,ExpressionValueProvider,type,analysis/engine/sourcevalue,,unclassified,,,
analysis/engine/sourcevalue,source_values.go,NewExpressionRefinements,func,analysis/engine/sourcevalue,,unclassified,,,
analysis/engine/sourcevalue,source_values.go,NewExpressionRefinementsFromReader,func,analysis/engine/sourcevalue,,unclassified,,,
analysis/engine/sourcevalue,source_values.go,NewSourceValues,func,analysis/engine/sourcevalue,,unclassified,,,
analysis/engine/sourcevalue,source_values.go,ObjectLiteralViewEvaluator,type,analysis/engine/sourcevalue,,unclassified,,,
analysis/engine/sourcevalue,source_values.go,PreservePathBackedGradualContract,func,analysis/engine/sourcevalue,,unclassified,,,
analysis/engine/sourcevalue,source_values.go,SourceValues,type,analysis/engine/sourcevalue,,unclassified,,,
analysis/engine/sourcevalue,source_values.go,SourceValuesConfig,type,analysis/engine/sourcevalue,,unclassified,,,
analysis/engine/sourcevalue,source_values.go,StaticScalarKeySegment,type,analysis/engine/sourcevalue,,unclassified,,,
analysis/engine/sourcevalue,source_values.go,VarargValueProvider,type,analysis/engine/sourcevalue,,unclassified,,,
analysis/engine/sourcevalue,source_values.go,WithExpressionRefinements,func,analysis/engine/sourcevalue,,unclassified,,,
analysis/engine/sourcevalue,source_values.go,WithExpressionValue,func,analysis/engine/sourcevalue,,unclassified,,,
analysis/engine/sourcevalue,source_values.go,expressionRefinementSourceValues.ValueOfSource,method,analysis/engine/sourcevalue,,unclassified,,,
analysis/engine/sourcevalue,source_values.go,objectLiteralSourceResolver.ResolveValueSource,method,analysis/engine/sourcevalue,,unclassified,,,
analysis/engine/sourcevalue,source_values.go,sourceValueResolver.ValueOfSource,method,analysis/engine/sourcevalue,,unclassified,,,
analysis/engine/sourcevalue,static_index.go,StaticIndexValue,func,analysis/engine/sourcevalue,,unclassified,,,
analysis/engine/sourcevalue,static_scalar.go,StaticScalarValue,func,analysis/engine/sourcevalue,,unclassified,,,
analysis/engine/transfer,retained_clean.go,ErrRetainedRequiresWTO,var,analysis/engine/transfer,,unclassified,,,
analysis/engine/transfer,retained_clean.go,RetainedBudget,type,analysis/engine/transfer,,unclassified,,,
analysis/engine/transfer,retained_clean.go,RetainedSession,type,analysis/engine/transfer,,unclassified,,,
analysis/engine/transfer,retained_clean.go,RetainedSession.BeginUpdate,method,analysis/engine/transfer,,unclassified,,,
analysis/engine/transfer,retained_clean.go,RetainedSession.Release,method,analysis/engine/transfer,,unclassified,,,
analysis/engine/transfer,retained_clean.go,RetainedUpdate,type,analysis/engine/transfer,,unclassified,,,
analysis/engine/transfer,retained_clean.go,RetainedUpdate.Abort,method,analysis/engine/transfer,,unclassified,,,
analysis/engine/transfer,retained_clean.go,RetainedUpdate.Commit,method,analysis/engine/transfer,,unclassified,,,
analysis/engine/transfer,retained_clean.go,RetainedUpdate.Run,method,analysis/engine/transfer,,unclassified,,,
analysis/engine/transfer,retained_clean.go,TryRunRetained,func,analysis/engine/transfer,,unclassified,,,
analysis/engine/transfer,transfer.go,Config,type,analysis/engine/transfer,,unclassified,,,
analysis/engine/transfer,transfer.go,EdgeContext,type,analysis/engine/transfer,,unclassified,,,
analysis/engine/transfer,transfer.go,EdgeTransfer,type,analysis/engine/transfer,,unclassified,,,
analysis/engine/transfer,transfer.go,InitialState,type,analysis/engine/transfer,,unclassified,,,
analysis/engine/transfer,transfer.go,NewSession,func,analysis/engine/transfer,,unclassified,,,
analysis/engine/transfer,transfer.go,NodeContext,type,analysis/engine/transfer,,unclassified,,,
analysis/engine/transfer,transfer.go,NodeObservation,type,analysis/engine/transfer,,unclassified,,,
analysis/engine/transfer,transfer.go,NodeTransfer,type,analysis/engine/transfer,,unclassified,,,
analysis/engine/transfer,transfer.go,Result,type,analysis/engine/transfer,,unclassified,,,
analysis/engine/transfer,transfer.go,Run,func,analysis/engine/transfer,,unclassified,,,
analysis/engine/transfer,transfer.go,Schedule,type,analysis/engine/transfer,,unclassified,,,
analysis/engine/transfer,transfer.go,ScheduleFIFO,const,analysis/engine/transfer,,unclassified,,,
analysis/engine/transfer,transfer.go,ScheduleWTO,const,analysis/engine/transfer,,unclassified,,,
analysis/engine/transfer,transfer.go,ScheduleWTODual,const,analysis/engine/transfer,,unclassified,,,
analysis/engine/transfer,transfer.go,Session,type,analysis/engine/transfer,,unclassified,,,
analysis/engine/transfer,transfer.go,Session.Checkpoint,method,analysis/engine/transfer,,unclassified,,,
analysis/engine/transfer,transfer.go,StateRead,type,analysis/engine/transfer,,unclassified,,,
analysis/engine/transfer,transfer.go,Stats,type,analysis/engine/transfer,,unclassified,,,
analysis/engine/transfer,transfer.go,TryRun,func,analysis/engine/transfer,,unclassified,,,
analysis/engine/transfer,transfer.go,WTOComparison,type,analysis/engine/transfer,,unclassified,,,
analysis/engine/transfer,widen.go,DefaultWidenAt,func,analysis/engine/transfer,,unclassified,,,
analysis/engine/typenarrow,typenarrow.go,MatchRefinement,func,analysis/engine/typenarrow,,unclassified,,,
analysis/engine/typenarrow,typenarrow.go,RuntimeKindTagForType,func,analysis/engine/typenarrow,,unclassified,,,
analysis/engine/typenarrow,typenarrow.go,StaticTypeForTag,func,analysis/engine/typenarrow,,unclassified,,,
analysis/engine/typenarrow,typenarrow.go,UnmatchRefinement,func,analysis/engine/typenarrow,,unclassified,,,
analysis/engine/visibility,address.go,Address,type,analysis/engine/visibility,,unclassified,,,
analysis/engine/visibility,address.go,Address.ForEachKeyspaceKey,method,analysis/engine/visibility,,unclassified,,,
analysis/engine/visibility,address.go,Address.ForEachStateKey,method,analysis/engine/visibility,,unclassified,,,
analysis/engine/visibility,address.go,Address.KeyspaceKeys,method,analysis/engine/visibility,,unclassified,,,
analysis/engine/visibility,address.go,Address.RootOrVisibleKeyspaceKey,method,analysis/engine/visibility,,unclassified,,,
analysis/engine/visibility,address.go,Address.RootOrVisiblePathKey,method,analysis/engine/visibility,,unclassified,,,
analysis/engine/visibility,address.go,Address.RootOrVisibleStateKey,method,analysis/engine/visibility,,unclassified,,,
analysis/engine/visibility,address.go,Address.StateKeys,method,analysis/engine/visibility,,unclassified,,,
analysis/engine/visibility,address.go,Address.StructuralStateKey,method,analysis/engine/visibility,,unclassified,,,
analysis/engine/visibility,address.go,Address.VisibleKeyspaceKey,method,analysis/engine/visibility,,unclassified,,,
analysis/engine/visibility,address.go,Address.VisibleLocalKeyspaceKey,method,analysis/engine/visibility,,unclassified,,,
analysis/engine/visibility,address.go,Address.VisiblePathKey,method,analysis/engine/visibility,,unclassified,,,
analysis/engine/visibility,address.go,Address.VisibleStateKey,method,analysis/engine/visibility,,unclassified,,,
analysis/engine/visibility,address.go,AddressAt,func,analysis/engine/visibility,,unclassified,,,
analysis/engine/visibility,address.go,KeyspaceKeyFromStateKey,func,analysis/engine/visibility,,unclassified,,,
analysis/engine/visibility,address.go,StateKeyForm,type,analysis/engine/visibility,,unclassified,,,
analysis/engine/visibility,address.go,StateKeyRootOrVisible,const,analysis/engine/visibility,,unclassified,,,
analysis/engine/visibility,address.go,StateKeyStructural,const,analysis/engine/visibility,,unclassified,,,
analysis/engine/visibility,address.go,StateKeyVisible,const,analysis/engine/visibility,,unclassified,,,
analysis/engine/visibility,flow.go,BuildConfig,type,analysis/engine/visibility,,unclassified,,,
analysis/engine/visibility,flow.go,BuildForward,func,analysis/engine/visibility,,unclassified,,,
analysis/engine/visibility,flow.go,Definition,type,analysis/engine/visibility,,unclassified,,,
analysis/engine/visibility,resolver.go,InputVersionSource,type,analysis/engine/visibility,,unclassified,,,
analysis/engine/visibility,resolver.go,NewResolver,func,analysis/engine/visibility,,unclassified,,,
analysis/engine/visibility,resolver.go,PathKeyResolver,type,analysis/engine/visibility,,unclassified,,,
analysis/engine/visibility,resolver.go,Resolver,type,analysis/engine/visibility,,unclassified,,,
analysis/engine/visibility,resolver.go,Resolver.Before,method,analysis/engine/visibility,,unclassified,,,
analysis/engine/visibility,resolver.go,Resolver.KeyAt,method,analysis/engine/visibility,,unclassified,,,
analysis/engine/visibility,resolver.go,Resolver.KeyForVersion,method,analysis/engine/visibility,,unclassified,,,
analysis/engine/visibility,resolver.go,Resolver.KeySpace,method,analysis/engine/visibility,,unclassified,,,
analysis/engine/visibility,resolver.go,Resolver.RootOrVisibleKeyspaceKeyAt,method,analysis/engine/visibility,,unclassified,,,
analysis/engine/visibility,resolver.go,Resolver.StateKeyAt,method,analysis/engine/visibility,,unclassified,,,
analysis/engine/visibility,resolver.go,Resolver.StructKeyAt,method,analysis/engine/visibility,,unclassified,,,
analysis/engine/visibility,resolver.go,Resolver.VisibleKeyspaceKeyAt,method,analysis/engine/visibility,,unclassified,,,
analysis/engine/visibility,resolver.go,Resolver.VisibleLocalKeyspaceKeyAt,method,analysis/engine/visibility,,unclassified,,,
analysis/engine/visibility,resolver.go,RootOrVisibleKeyAt,func,analysis/engine/visibility,,unclassified,,,
analysis/engine/visibility,resolver.go,RootOrVisibleStateKeyAt,func,analysis/engine/visibility,,unclassified,,,
analysis/engine/visibility,resolver.go,VersionSource,type,analysis/engine/visibility,,unclassified,,,
analysis/engine/visibility,visibility.go,Builder,type,analysis/engine/visibility,,unclassified,,,
analysis/engine/visibility,visibility.go,Builder.Build,method,analysis/engine/visibility,,unclassified,,,
analysis/engine/visibility,visibility.go,Builder.Define,method,analysis/engine/visibility,,unclassified,,,
analysis/engine/visibility,visibility.go,Builder.SetVisible,method,analysis/engine/visibility,,unclassified,,,
analysis/engine/visibility,visibility.go,NewBuilder,func,analysis/engine/visibility,,unclassified,,,
analysis/engine/visibility,visibility.go,NewTable,func,analysis/engine/visibility,,unclassified,,,
analysis/engine/visibility,visibility.go,Table,type,analysis/engine/visibility,,unclassified,,,
analysis/engine/visibility,visibility.go,Table.VisibleVersion,method,analysis/engine/visibility,,unclassified,,,
analysis/engine/visibility,visibility.go,Table.VisibleVersionBefore,method,analysis/engine/visibility,,unclassified,,,
analysis/engine/workplan,workplan.go,Edge,const,analysis/engine/workplan,,unclassified,,,
analysis/engine/workplan,workplan.go,Node,const,analysis/engine/workplan,,unclassified,,,
analysis/engine/workplan,workplan.go,PointWork,type,analysis/engine/workplan,,unclassified,,,
analysis/engine/workplan,workplan.go,PointWork.Has,method,analysis/engine/workplan,,unclassified,,,
analysis/engine/workplan,workplan.go,Rows,type,analysis/engine/workplan,,unclassified,,,
analysis/lua/transferfacts,lower.go,Config,type,analysis/lua/transferfacts,,unclassified,,,
analysis/lua/transferfacts,lower.go,LowerDetailed,func,analysis/lua/transferfacts,,unclassified,,,
analysis/lua/transferfacts,lower.go,Lowered,type,analysis/lua/transferfacts,,unclassified,,,
analysis/lua/transferfacts,semantic_program.go,AssembleSemanticProgram,func,analysis/lua/transferfacts,analysis/lua/transferfacts,retained-lexical,lexical:semantic-program-topology,go-lua.semantic.program/v1,fixture:semantic-program-topology
analysis/lua/transferfacts,semantic_program.go,ErrSemanticProgramTopology,var,analysis/lua/transferfacts,analysis/lua/transferfacts,retained-lexical,lexical:semantic-program-topology,go-lua.semantic.program/v1,fixture:semantic-program-topology
analysis/lua/transferfacts,semantic_program.go,PointBlock,type,analysis/lua/transferfacts,analysis/lua/transferfacts,retained-lexical,lexical:semantic-program-topology,go-lua.semantic.program/v1,fixture:semantic-program-topology
analysis/lua/transferfacts,semantic_program.go,PointObservationSpec,type,analysis/lua/transferfacts,analysis/lua/transferfacts,retained-lexical,lexical:semantic-program-topology,go-lua.semantic.program/v1,fixture:semantic-program-topology
analysis/lua/transferfacts,semantic_program.go,PointRouteSpec,type,analysis/lua/transferfacts,analysis/lua/transferfacts,retained-lexical,lexical:semantic-program-topology,go-lua.semantic.program/v1,fixture:semantic-program-topology
analysis/lua/transferfacts,semantic_program.go,PointTransactionRef,type,analysis/lua/transferfacts,analysis/lua/transferfacts,retained-lexical,lexical:semantic-program-topology,go-lua.semantic.program/v1,fixture:semantic-program-topology
analysis/lua/transferfacts,semantic_program.go,ProgramInput,type,analysis/lua/transferfacts,analysis/lua/transferfacts,retained-lexical,lexical:semantic-program-topology,go-lua.semantic.program/v1,fixture:semantic-program-topology
analysis/lua/transferfacts,semantic_program.go,ProgramMember,type,analysis/lua/transferfacts,analysis/lua/transferfacts,retained-lexical,lexical:semantic-program-topology,go-lua.semantic.program/v1,fixture:semantic-program-topology
analysis/lua/transferfacts,semantic_program.go,ProgramTopology,type,analysis/lua/transferfacts,analysis/lua/transferfacts,retained-lexical,lexical:semantic-program-topology,go-lua.semantic.program/v1,fixture:semantic-program-topology
analysis/lua/transferfacts,semantic_program.go,ProgramTopology.Points,method,analysis/lua/transferfacts,analysis/lua/transferfacts,retained-lexical,lexical:semantic-program-topology,go-lua.semantic.program/v1,fixture:semantic-program-topology
